name,address,parish,sale_date,sale_date_iso,sale_price,sale_price_display,agent,agent_slug,source_page,asking_price,asking_price_display,asking_price_source,first_listed_iso,first_listed_source,days_on_market,price_delta,price_delta_pct,brochure_pdfs,notes
"Lowlands Farm, Trinity","La Rue de la Fontaine de Colard, Trinity",Trinity,29 May 2026,2026-05-29,3125000,"£3,125,000",,,1,,,,,,,,,,"Trinity JE3 5DR, 9-bed. No public agent/guide found (delisted)."
"Trelawney, St. Brelade","La Route du Francfief, St. Brelade",St. Brelade,29 May 2026,2026-05-29,3005000,"£3,005,000",,,1,3995000,"£3,995,000",https://search.savills.com/property-detail/gbjsrsjes250019,,,,-990000,-24.8,,Savills (JES250019). 6-bed near St Brelade's Bay. Guide £3.995m -> sold £3.005m (-25%).
"Quatre Vents, St. Lawrence","La Rue des Murs, St. Lawrence",St. Lawrence,29 May 2026,2026-05-29,2790000,"£2,790,000",,,1,,,,2025-01-21,https://www.broadlandsjersey.com/property/la-rue-des-murs-st-lawrence-je3/,493,,,,"Broadlands, La Rue des Murs. 4-bed, panoramic St Aubin's Bay views. Listed Jan 2025. Asking not confirmed."
"Nouveaux Jours (formerly Les Pres Verts, originally 2 Laburnum), St. Mary","La Rue des Buttes, St. Mary",St. Mary,29 May 2026,2026-05-29,2380000,"£2,380,000",,,1,,,,,,,,,,"Knight Frank/Wilsons, St Mary (inland). Price not indexed."
"Maison Icho, St. Clement","Pontac Common, St. Clement",St. Clement,22 May 2026,2026-05-22,2200000,"£2,200,000",,,1,2450000,"£2,450,000 (orig; cut to £2.35m)",https://app-street-live-public.s3.eu-west-1.amazonaws.com/properties/brochures/21654013/pontac-common-st-clement-je2_Uba5iNgi6fx_2025-01-07-11-13-35.pdf,,,,-250000,-10.2,https://app-street-live-public.s3.eu-west-1.amazonaws.com/properties/brochures/30815199/maison-icho_Uba5iNgi6fx_2025-06-17-09-34-52.pdf https://media.onthemarket.com/properties/16341256/1563366557/document-0.pdf,"Pontac Common beachfront, St Clement. 3-bed. Orig £2.45m (Jan 2025) -> £2.35m -> sold £2.2m (-10% vs launch)."
"Malorey House (formerly known as La Maison de Guingeval), St. Lawrence","Les Charrieres Malorey, St. Lawrence",St. Lawrence,15 May 2026,2026-05-15,4250000,"£4,250,000",,,1,4950000,"£4,950,000",https://search.savills.com/je/en/property-detail/gbjsrsjes240127,,,,-700000,-14.1,,Savills (JES240127). 7-bed. Guide £4.95m -> sold £4.25m (-14%).
"Vine House, St. Martin","Le Mont de Gouray, St. Martin",St. Martin,15 May 2026,2026-05-15,2400000,"£2,400,000",Le Maistre Estates,le-maistre-estates,1,,,,,,,,,,"Le Maistre Estates, Le Mont de Gouray. 4-bed coastal, Gorey Harbour/Castle views. Asking not confirmed."
"Baymont House (formerly called Sivalai and before that Corrie Point), St. Brelade","Le Mont Arthur, St. Brelade",St. Brelade,8 May 2026,2026-05-08,8500000,"£8,500,000",Broadlands,broadlands,1,9950000,"£9,950,000",https://www.broadlandsjersey.com/property/baymont-house/,,,,-1450000,-14.6,https://www.broadlandsjersey.com/property/baymont-house/ https://www.places.je/property/56894,"Broadlands. 5-bed, sea views over St Aubin's Bay, pool/gym. Guide £9.95m -> sold £8.5m (-15%)."
"Apartment 3, One St. Brelade, St. Brelade","Le Mont Gras D'Eau, St. Brelade",St. Brelade,8 May 2026,2026-05-08,3400000,"£3,400,000",Savills,savills,1,,,,,,,,,https://www.onestbrelade.je/wp-content/uploads/2019/11/OSB-Apartment-3-Plans.pdf,"Savills/Broadlands One St Brelade dev. 2-bed, sea views over St Brelade's Bay."
"Apartment 6, One St. Brelade, St. Brelade","Le Mont Gras d'Eau, St. Brelade",St. Brelade,8 May 2026,2026-05-08,3600000,"£3,600,000",Savills,savills,1,3950000,"£3,950,000",https://www.broadlandsjersey.com/one-st-brelade/,,,,-350000,-8.9,,"One St Brelade Apt 6, 1st floor, 3-bed 2,282 sqft, bay views. Guide £3.95m -> sold £3.6m."
"Apartment 9, One St. Brelade, St. Brelade","Le Mont Gras d'Eau, St. Brelade",St. Brelade,8 May 2026,2026-05-08,3600000,"£3,600,000",Savills,savills,1,,,,,,,,,,"One St Brelade Apt 9, ground floor, 3-bed, bay views. Guide ~£3.95m (unconfirmed)."
"Share 7, Stewart Nicolle Flats and Marks & Spencer St. Clement, St. Clement","La Grande Route de la Cote, St. Clement",St. Clement,1 May 2026,2026-05-01,2400000,"£2,400,000",,,1,,,,,,,,,,Share transfer / commercial. Not on residential portals.
"Roche Mouette (previously California), St. Brelade","La Rue du Grouet, St. Brelade",St. Brelade,1 May 2026,2026-05-01,5100000,"£5,100,000",,,1,,,,2015-01-01,https://search.savills.com/property-detail/gbjsrsjes150036,4138,,,,"Savills, La Rue du Grouet. St Ouen's Bay views. On/off market since ~2015 (as 'California'). Guide not retrievable (403)."
"Beau Desert with Beau Desert Lodge, St. Saviour","La Rue de La Retraite, St. Saviour",St. Saviour,10 Apr 2026,2026-04-10,8500000,"£8,500,000",Savills,savills,1,,,,,,,,,,"Savills. Historic manor (1400s) + Victorian tower, St Saviour. Guide not public (403)."
"Cote de la Rigondaine, Grouville","La Rigondaine, Grouville",Grouville,10 Apr 2026,2026-04-10,2360000,"£2,360,000",Gaudin & Co,gaudin-and-co,1,2575000,"£2,575,000",https://www.onthemarket.com/details/18217720/,,,,-215000,-8.3,,"Gaudin & Co. 5-bed, 4,158 sqft, Queen's Valley/ocean views. Guide £2.575m -> sold £2.36m (-8%)."
"St. Mannelier with the Cottage, St. Saviour","La Rue de St. Mannelier, St. Saviour",St. Saviour,27 Mar 2026,2026-03-27,11492500,"£11,492,500",Savills,savills,1,12950000,"£12,950,000",https://search.savills.com/property-detail/gbjsrsjes230127,2023-01-01,https://search.savills.com/property-detail/gbjsrsjes230127,1181,-1457500,-11.3,https://search.savills.com/property-detail/gbjsrsjes230127,Savills. 5-bed country house + cottage. Guide £12.95m -> sold £11.49m (-11%).
"Hotel Savoy, St. Helier","37 Rouge Bouillon, St. Helier",St. Helier,27 Mar 2026,2026-03-27,4500000,"£4,500,000",,,1,6250000,"£6,250,000 (commercial guide)",https://queree.je,2025-05-29,https://queree.je,302,-1750000,-28.0,https://queree.je/wp-content/uploads/2025/03/SAVOY-HOTEL-AGENCY-DETAILS-2025.pdf,"Commercial hotel (55 rooms), St Helier. Queree. Guide £6.25m -> sold £4.5m."
"3 Royal Bay Gardens, Grouville","La Rigondaine, Grouville",Grouville,27 Mar 2026,2026-03-27,2150000,"£2,150,000",,,1,,,,,,,,,,"Royal Bay Gardens, Grouville. No public listing for No.3."
"Le Coin, 1 Le Coin Cottages and 2 Le Coin Cottages, St. Brelade","Le Mont du Coin, —, St. Brelade",St. Brelade,13 Mar 2026,2026-03-13,12000000,"£12,000,000",Fine & Country,fine-and-country,1,19000000,"£19,000,000 (orig F&C guide)",https://www.fineandcountry.co.uk/insights/blog/britains-most-expensive-houses-jersey,,,,-7000000,-36.8,,"Fine & Country £19m (Channel 4 feature); Savills concurrent £16m. 4-acre estate, ~14,000 sqft. Sold £12m (-37% vs £19m)."
"Les Rosiers, St. Clement","Les Rosiers, La Rue du Pontlietaut, St. Clement",St. Clement,6 Mar 2026,2026-03-06,2400000,"£2,400,000",Broadlands,broadlands,1,,,,,,,,,,"Broadlands, La Rue du Pontlietaut. 4 ensuite beds. Asking not indexed."
"La Solitude Farm, St. Lawrence","La Rue de la Scelletterie, —, St. Lawrence",St. Lawrence,13 Feb 2026,2026-02-13,3150000,"£3,150,000",Gaudin & Co,gaudin-and-co,2,3950000,"£3,950,000",https://www.gaudin.je/property/5-bed-detached-house-for-sale-in-st-lawrence/949,,,,-800000,-20.3,,"Gaudin & Co. Grade 3 listed granite, 5-bed, pool. Guide £3.95m -> sold £3.15m (-20%)."
"Jersey Bowl, St. Peter","Jersey Bowl Ltd, L'Avenue de La Reine Elizabeth II, St. Peter",St. Peter,13 Feb 2026,2026-02-13,3431432,"£3,431,432",,,2,,,,,,,,,,Commercial (bowling alley). No public price/agent.
"La Sabliere (formerly known as Wichwood), St. Clement","La Sabliere, La Grande Route de La Cote, St. Clement",St. Clement,6 Feb 2026,2026-02-06,2096240,"£2,096,240",Gaudin & Co,gaudin-and-co,2,,,,,,,,,,"Gaudin & Co, coastal St Clement road. Asking not public."
"Willow Lodge (formerly Windsor Lodge), Grouville","Willow Lodge, La Rue A Don, Grouville",Grouville,30 Jan 2026,2026-01-30,2125000,"£2,125,000",Hunt Estates,hunt-estates,2,,,,,,,,,,"Hunt Estates, La Rue A Don Grouville. Asking not public."
"Rockvale, St. Lawrence","La Rue de Haut, —, St. Lawrence",St. Lawrence,30 Jan 2026,2026-01-30,12000000,"£12,000,000",Savills,savills,2,,,,,,,,,,"Rockvale, Le Mont Cambrai JE3 1JN. Savills. Guide not public (403)."
"Share 2, 14 Gloucester Street, St. Helier","Gloucester Street, —, St. Helier",St. Helier,30 Jan 2026,2026-01-30,7350000,"£7,350,000",,,2,,,,,,,,,,"Share transfer, not publicly listed. Likely commercial/whole-building."
"Mourier Farm,","Mourier Farm, Le Chemin Des Hougues, St. John",St. John,23 Jan 2026,2026-01-23,3250000,"£3,250,000",,,2,,,,,,,,,,"Le Chemin des Hougues, St John JE3 4AP. No public listing/brochure found."
"Centenary House, Centenary Court and Style House,","La Grande Route de St. Pierre, —, St. Peter",St. Peter,23 Jan 2026,2026-01-23,10700000,"£10,700,000",,,2,,,,,,,,,,"Commercial office address, St Peter. No residential listing."
"M&S Simply Food, St. John (formerly known as Melbourne Garage),","La Route des Issues, —, St. John",St. John,23 Jan 2026,2026-01-23,3300000,"£3,300,000",,,2,,,,,,,,,,Commercial retail unit (M&S Simply Food). No public price/agent.
"St. Peter’s House,","St. Peters House, La Route Des Hetres, St. Peter",St. Peter,16 Jan 2026,2026-01-16,8000000,"£8,000,000",Fine & Country,fine-and-country,2,8950000,"£8,950,000",https://beachandcountry.co.uk/properties/spectacular-country-estate/,2021-07-07,https://beachandcountry.co.uk/properties/spectacular-country-estate/,1654,-950000,-10.6,,"Fine & Country. ~13,000 sqft manor, 8-bed, Grade 3 listed, inland. Guide £8.95m -> sold £8m (-11%). First listed ~2021."
"Santa Cruz (formerly ‘Innishowen’),","Santa Cruz, Les Varines, St. Saviour",St. Saviour,16 Jan 2026,2026-01-16,2860000,"£2,860,000",Fine & Country,fine-and-country,2,,,,,,,,,,"Fine & Country, Les Varines St Saviour. Listing removed post-sale. No public price."
"La Porte, St. John","La Porte, La Rue de La Porte, St. John",St. John,9 Jan 2026,2026-01-09,2400000,"£2,400,000",Le Rossignol Estates,le-rossignol,2,,,,,,,,,,"Le Rossignol Estates. Historic Grade 3 farm, ~700yrs same family. Asking not public."
The Byre,"La Vette Rue, St. Helier, Jersey",Grouville,19 Dec 2025,2025-12-19,2925000,"£2,925,000",Gaudin & Co,gaudin-and-co,2,,,,,,,,,,Gaudin & Co. Listing removed post-sale. No public price.
"13-14 Esplanade,","—, —, St. Helier",St. Helier,12 Dec 2025,2025-12-12,7050000,"£7,050,000",,,2,,,,,,,,,,"Commercial Grade-A offices, Esplanade. Freehold investment sale; no public guide."
"The Grove, St. Lawrence","The Grove, Le Mont Cambrai, St. Lawrence",St. Lawrence,5 Dec 2025,2025-12-05,38000000,"£38,000,000",Fine & Country,fine-and-country,2,,,,,,,,,https://theislandwiki.org/index.php/The_Grove,"The Grove, Le Mont Cambrai JE3 1JN, sold £38m (Jersey record). Fine & Country. Guide not public."
"Mount Grove, St. Lawrence","Rue de la Blanche Pierre, —, St. Lawrence",St. Lawrence,5 Dec 2025,2025-12-05,5000000,"£5,000,000",Savills,savills,2,,,,,,,,,,"Savills, La Rue de la Blanche Pierre. Guide not confirmed (~£5m, low confidence)."
"1 Vantage, St. Martin","1 Vantage, Le Mont de Gouray, St. Martin",St. Martin,5 Dec 2025,2025-12-05,2850000,"£2,850,000",Fine & Country,fine-and-country,2,2850000,"£2,850,000",https://www.livingroomproperty.com/developments/vantage,,,,0,0.0,,"Vantage dev, Le Mont de Gouray. 3-bed 2,443 sqft, views over Gorey Harbour/Castle. Guide £2.85m -> sold £2.85m."
"Tides Reach, St. Brelade","Tides Reach, La Neuve Route, St. Brelade",St. Brelade,5 Dec 2025,2025-12-05,2400000,"£2,400,000",Savills,savills,2,3550000,"£3,550,000",https://search.savills.com/property-detail/gbjsrsjes220061,,,,-1150000,-32.4,https://media.onthemarket.com/properties/6210460/1337022340/document-0.pdf,"Savills, La Neuve Route. 6-bed (4+2 apt), 5,439 sqft, St Aubin's Bay views. Guide £3.55m -> sold £2.4m (-32%)."
"La Rochelle, Grouville","La Rochelle, Le Vier Mont, Grouville",Grouville,28 Nov 2025,2025-11-28,3900000,"£3,900,000",,,3,3950000,"£3,950,000",https://www.onthemarket.com/details/6233086/,,,,-50000,-1.3,,"Savills. 6-bed, ~6,300 sqft, sea views, refurb 2024. Guide £3.95m -> sold £3.9m."
"Cimandis House, St. Saviour","Cimandis, L'Avenue Le Bas, St. Saviour",St. Saviour,21 Nov 2025,2025-11-21,5350000,"£5,350,000",,,3,,,,,,,,,https://queree.je/wp-content/uploads/2025/06/Cimandis-House-Warehouse-Unit-La-Rue-des-Pres-St-Saviour-AGENCY-DETAILS-2025.pdf,"Commercial warehouse, La Rue des Pres trading estate. Queree Property Consultants."
"Clos de Coleron, St. Brelade","Clos de Coleron, Le Chemin de Creux, St. Brelade",St. Brelade,21 Nov 2025,2025-11-21,8500000,"£8,500,000",Savills,savills,3,15000000,"£15,000,000 (orig 2022; cut to £12.5m, then £9.99m)",https://jerseyeveningpost.com/news/2025/01/12/save-5m-in-january-sale-of-house-owned-by-boots-family-descendant/,2022-06-01,https://jerseyeveningpost.com/news/2025/01/12/save-5m-in-january-sale-of-house-owned-by-boots-family-descendant/,1269,-6500000,-43.3,https://search.savills.com/property-detail/gbjsrsjes230140,"Boots-family estate, St Brelade's Bay, 5 acres, beach access, Arthur Grayson 1963. Launched £15m (Hunt Estates 2022) -> £12.5m (Savills 2024) -> £9.99m (2025) -> sold £8.5m (-43% vs launch)."
"The Brambles (to be known as Chough House), St. Brelade","The Brambles, Le Mont du Ouaisne, St. Brelade",St. Brelade,21 Nov 2025,2025-11-21,2300000,"£2,300,000",,,3,,,,,,,,,,"Le Mont du Ouaisne, St Brelade. No public listing (off-market/de-indexed)."
"Les Ruelles (formerly ‘Burfield’ and before that ‘Les Ruettes’),","Les Ruelles, La Grande Route de St. Jean, St. John",St. John,14 Nov 2025,2025-11-14,2460000,"£2,460,000",Savills,savills,3,2850000,"£2,850,000",https://www.onthemarket.com/details/13039308/,,,,-390000,-13.7,,"Savills (JES230078), St John. 7-bed Georgian, 4,510 sqft. Guide £2.85m -> sold £2.46m (-14%)."
"Clos Tranquil (previously called ‘Beauvoir’),","Clos Tranquil, La Rue du Crocquet, St. Brelade",St. Brelade,7 Nov 2025,2025-11-07,2978500,"£2,978,500",Savills,savills,3,3300000,"£3,300,000",https://search.savills.com/property-detail/gbjsrsjes250105,,,,-321500,-9.7,,"Savills (Beauvoir->Clos Tranquil). 4-bed, panoramic St Aubin's Bay views. Guide £3.3m -> sold £2.98m (-10%)."
"La Maison Clairval,","La Maison Clairval, La Rue de St. Mannelier, St. Saviour",St. Saviour,31 Oct 2025,2025-10-31,2900000,"£2,900,000",,,3,,,,,,,,,,"St Saviour JE2 7HJ, 6-bed. No public asking/brochure."
"Haut du Mont Farm (formerly Haut du Mont),","La Rue L'Aleval, —, St. Peter",St. Peter,31 Oct 2025,2025-10-31,6525000,"£6,525,000",,,3,7250000,"£7,250,000",https://www.onthemarket.com/details/17156210/,,,,-725000,-10.0,,"Broadlands & Savills. 8-bed + cottage, 9,236 sqft, St Aubin's Bay views. Guide £7.25m -> sold £6.525m (-10%)."
"Amberley,","Amberley, La Rue du Rue, St. Martin",St. Martin,17 Oct 2025,2025-10-17,4150000,"£4,150,000",Fine & Country,fine-and-country,3,4650000,"£4,650,000",https://www.onthemarket.com/details/13338589/,,,,-500000,-10.8,,"Savills. 5-bed, 6,225 sqft, rural St Martin. Guide £4.65m -> sold £4.15m (-11%)."
"19 Esplanade, 20 Esplanade, 21 Esplanade, and 34 Commercial Street,","The Esplanade, —, St. Helier",St. Helier,10 Oct 2025,2025-10-10,3500000,"£3,500,000",,,3,,,,,,,,,,"Commercial offices, The Esplanade. No public guide/agent."
"Clos des Arbres,","Clos Des Arbres, La Rue de La Retraite, St. Saviour",St. Saviour,26 Sep 2025,2025-09-26,2175000,"£2,175,000",Livingroom,livingroom,3,,,,,,,,,https://www.livingroomproperty.com/property/brochure/3590,"Livingroom (POA). 7-bed, 2.4 acres, pool. Sold £2.175m."
"Trinity House with the land called ‘Le Court Catel’ bearing field number 797 on the Jersey Digital Map,","Trinity House, La Rue du Catel, Trinity",Trinity,26 Sep 2025,2025-09-26,3000000,"£3,000,000",Le Maistre Estates,le-maistre-estates,3,,,,,,,,,https://1-content-s3-estateweb.s3.amazonaws.com/assets/9157/of/4/pro/30488055/documents/1.pdf,"Le Maistre Estates. Planning consent for 5,600 sqft granite house, 4-bed."
"Waypoint (formerly ‘La Caumine’),","Waypoint, Le Mont Gras D'Eau, St. Brelade",St. Brelade,12 Sep 2025,2025-09-12,4225000,"£4,225,000",Savills,savills,3,4250000,"£4,250,000",https://www.knightfrank.co.uk/properties/residential/for-sale/waypoint-le-mont-gras-d-eau-st-brelade/wils3673,,,,-25000,-0.6,https://assets.savills.com/properties/GBJSRSJES230071/JES230071_JES23000366.PDF,"Knight Frank/Wilsons & Savills, Le Mont Gras d'Eau. Guide £4.25m -> sold £4.225m."
"4 Royal Bay Gardens,","4 Royal Bay Gardens, La Rigondaine, Grouville",Grouville,12 Sep 2025,2025-09-12,2150000,"£2,150,000",Broadlands,broadlands,3,2250000,"£2,250,000",https://alexandercarmine.com/jersey-property-market-analysis-12th-september-2025/,,,,-100000,-4.4,,"Broadlands, Grouville. 4-bed. Asking £2.25m -> sold £2.15m."
"La Maison des Banques,","Le Mont de la Rosiere, —, St. Saviour",St. Saviour,12 Sep 2025,2025-09-12,3200000,"£3,200,000",,,3,,,,,,,,,,St Saviour. No public listing/brochure found.
"La Cigale,","La Cigale, La Rue du Douet, St. Ouen",St. Ouen,5 Sep 2025,2025-09-05,2850000,"£2,850,000",,,4,,,,,,,,,https://assets.savills.com/properties/GBJSRSJES110082/JES110082_JES19000532.PDF,"Savills, La Rue du Douet St Ouen. 4-bed granite. Brochure PDF (older ref). Asking not confirmed."
"3 Martel View,","Le Mont de la Rocque, —, St. Brelade",St. Brelade,5 Sep 2025,2025-09-05,2050000,"£2,050,000",,,4,,,,,,,,,,"Martel View dev, Le Mont de la Rocque St Brelade. No public listing for No.3 (others had sea views)."
"La Ville au Bas Lodge,","La Ville Au Bas Lodge, La Rue de La Ville Au Bas, St. Lawrence",St. Lawrence,29 Aug 2025,2025-08-29,2000000,"£2,000,000",Livingroom,livingroom,4,,,,,,,,,,"Livingroom, St Lawrence. Asking not found."
"La Ville au Bas,","La Ville Au Bas, La Rue de La Ville Au Bas, St. Lawrence",St. Lawrence,29 Aug 2025,2025-08-29,4600000,"£4,600,000",Livingroom,livingroom,4,5000000,"£5,000,000",https://www.onthemarket.com/details/16340763/,2025-06-06,https://www.onthemarket.com/details/16340763/,84,-400000,-8.0,https://media.onthemarket.com/properties/16340763/1557086461/document-0.pdf,"Broadlands (Livingroom on record). 5-bed, 6,458 sqft, inland. Guide £5m -> sold £4.6m (-8%). Listed Jun 2025."
"Bay Tree House,","Bay Tree House, La Rue de Haut, St. Lawrence",St. Lawrence,29 Aug 2025,2025-08-29,3550000,"£3,550,000",Gaudin & Co,gaudin-and-co,4,,,,,,,,,,"Gaudin & Co. New build, 3 ensuite, panoramic St Aubin's Bay views. Guide not found."
"Le Val Lodge (formerly Sea View House),","La Route des Genets, —, St. Brelade",St. Brelade,22 Aug 2025,2025-08-22,13000000,"£13,000,000",Broadlands,broadlands,4,16250000,"£16,250,000",https://www.onthemarket.com/details/13485421/,,,,-3250000,-20.0,https://issuu.com/livingroomestateagents/docs/le_val_lodge_brochure_2023_issuu https://media.onthemarket.com/properties/8978663/1352426914/document-0.pdf,"Livingroom. 8-bed, SW sea views over Ouaisne/St Brelade's Bay. Guide £16.25m -> sold £13m (-20%)."
"Highland House,","La Grande Route de St. Laurent, —, St. Lawrence",St. Lawrence,15 Aug 2025,2025-08-15,8500000,"£8,500,000",Fine & Country,fine-and-country,4,,,,,,,,,,"Highland House, St Lawrence. Fine & Country. Guide not public."
"La Cachette, St. Peter","La Rue du Craslin, —, St. Peter",St. Peter,1 Aug 2025,2025-08-01,2000000,"£2,000,000",Livingroom,livingroom,4,2350000,"£2,350,000",https://www.livingroomproperty.com/buy/property/4451,,,,-350000,-14.9,,"Livingroom. 6-bed, 4,159 sqft, gated. Asking £2.35m -> sold £2.0m (-15%)."
"Talana Hotel (formerly 1, 2 and 3 Villiers Place), St. Saviour","Talana Hotel, Bagot Road, St. Saviour",St. Saviour,1 Aug 2025,2025-08-01,2000000,"£2,000,000",Gaudin & Co,gaudin-and-co,4,,,,,,,,,,"Commercial hotel (42 rooms), St Saviour. Guide £2m."
"Little Orchard,","Little Orchard, Le Mont Cochon, St Helier",St. Helier,11 Jul 2025,2025-07-11,2250000,"£2,250,000",Livingroom,livingroom,4,1995000,"£1,995,000",https://www.livingroomproperty.com/buy/property/4527,,,,255000,12.8,,"Livingroom, Le Mont Cochon. 4-bed, 3,391 sqft, St Aubin's Bay views. Asking £1.995m -> sold £2.25m (+13%, OVER asking)."
"La Fontaine Martin,","La Fontaine Martin, Le Chemin Du Chateau, St Ouen",St. Ouen,4 Jul 2025,2025-07-04,3500000,"£3,500,000",Savills,savills,4,3750000,"£3,750,000",https://search.savills.com/it/en/property-detail/gbjsrsjes230007,,,,-250000,-6.7,,"Savills (JES230007), St Ouen, 4-bed 3.24ac, sea views. Guide £3.75m -> sold £3.5m."
"Bourg House,","Bourg House, Le Grand Bourg, Grouville",Grouville,4 Jul 2025,2025-07-04,2030000,"£2,030,000",,,4,2250000,"£2,250,000",https://alexandercarmine.com/jersey-property-market-analysis-4th-july2025/,,,,-220000,-9.8,,"Grouville granite listed, 5-bed + cottage. Asking £2.25m -> sold £2.03m (-10%)."
"Cliffside House,","La Rue du Catel, —, Trinity",Trinity,27 Jun 2025,2025-06-27,3650000,"£3,650,000",Savills,savills,4,,,,,,,,,,"Savills (JES240153), La Rue du Catel, Trinity. Guide not recoverable (403)."
"Domaine de la Valette (formerly known as ‘La Valette Farm’),","La Rue des Trois Champs, —, St John",St. John,27 Jun 2025,2025-06-27,8000000,"£8,000,000",Knight Frank Jersey,wilsons,4,,,,,,,,,https://issuu.com/livingroomestateagents/docs/domaine_de_la_valette,"Knight Frank. St John, ~10-bed, 18.5 acres, north-coast. Asking unconfirmed (NB different from the La Rue de Sorel 'Domaine de la Valette')."
"La Carre de Choux (formerly ‘Elgon’),","Le Carre De Choux, 9 La Petite Ruette, St Brelade",St. Brelade,27 Jun 2025,2025-06-27,2225000,"£2,225,000",Hunt Estates,hunt-estates,4,2350000,"£2,350,000",https://www.onthemarket.com/details/14698374/,,,,-125000,-5.3,https://media.onthemarket.com/properties/14698374/1501753590/document-0.pdf,"Broadlands, 9 La Petite Ruette. 5-bed, 3,000 sqft, St Ouen's Bay views. Guide £2.35m -> sold £2.225m (-5%)."
L'Abri,"Le Chemin De Herupe, St John",St. John,20 Jun 2025,2025-06-20,2500000,"£2,500,000",Savills,savills,4,,,,,,,,,https://assets.savills.com/properties/GBJSRSJES170268/JES170268_JES19000156.PDF,"Savills, Le Chemin de Herupe St John. Brochure PDF (older ref). Asking not confirmed."
Oak Farm,"La Rue De Sorel, St John",St. John,20 Jun 2025,2025-06-20,2400000,"£2,400,000",Livingroom,livingroom,4,,,,,,,,,https://www.livingroomproperty.com/property/brochure/4307,"Livingroom (POA). Granite farmhouse, 5-bed, 3,157 sqft, stabling. Sold £2.4m."
3 Miramar,"Le Mont Gras D'Eau, St Brelade",St. Brelade,13 Jun 2025,2025-06-13,3800000,"£3,800,000",Fine & Country,fine-and-country,4,3950000,"£3,950,000",https://www.onthemarket.com/details/17016633/,,,,-150000,-3.8,https://alto-live.s3.amazonaws.com/prIaQoEiboqXwuBVF-vlRnde-Go/Cu7peaZN4rzfjAL8AuZcZ7RiXnM/Brochure/%5B0%5D/JdblBdVKiU-tNstNb78Oyw.pdf,"3 Miramar, Le Mont Gras D'Eau, St Brelade, JE3 8ED. Sold by Fine & Country 2025-06-13 for £3,800,000. Listed as last remaining of three ultra-modern new detached homes, asking £3,950,000, 4 bedrooms all en-suite, 3,323 sq ft. Overlooks St Brelade's Bay (sea view). Brochure PDF from alto-live S3. Also listed on Rightmove https://www.rightmove.co.uk/properties/161358911 and OnTheMarket https://www.onthemarket.com/details/17016633/"
Ladies Walk (formerly 'Rectory Farm'),"La Rue du Motier, St Mary",St. Mary,23 May 2025,2025-05-23,6200000,"£6,200,000",,,5,,,,,,,,,,"Ladies Walk (formerly Rectory Farm), La Rue du Motier, St Mary. No agent listed. No public listing or brochure found. Sold £6,200,000 May 2025. Address: La Rue du Motier, St Mary, JE3 3BZ area."
"Apartment 4, One St Brelade","Apartment 4, One St Brelade, La Route de Noirmont, St Brelade",St. Brelade,8 May 2025,2025-05-08,3750000,"£3,750,000",Savills,savills,5,3950000,"£3,950,000",https://search.savills.com/property-detail/gbjsrsjes250023,,,,-200000,-5.1,,"Apartment 4, One St Brelade, La Route de Noirmont / Le Mont Gras D'Eau, St Brelade, JE3 8ED. Sold by Savills 2025-05-08 for £3,750,000. Savills reference GBJSRSJES250023 (La Rue Du Haut / One St Brelade area). Search snippet mentions 230.03 sq m (2,476 sq ft) and guide price £3,950,000 for One St Brelade apartment. Apartment 4 is First Floor, 3 bedrooms per floor plan. Development overlooks St Brelade's Bay."
Mon Bel,"Mon Bel, La Rue des Aix, St Peter",St. Peter,2 May 2025,2025-05-02,5400000,"£5,400,000",Savills,savills,5,7999995,"£7,999,995",https://www.onthemarket.com/details/3035169/ | https://search.savills.com/com/en/property-detail/gbjsrsjes160123,,,,-2599995,-32.5,,"Mon Bel, La Rue des Aix, St Peter JE3 7ZE. Sold May 2025 for £5,400,000. Savills. Guide price £7,999,995. 6 beds, 16,194 sq ft (including cottage), 11 acres. Separate 4-bed cottage. Rural St Peter, no sea view mentioned."
Ensign House,"29 and 31 Seaton Place, —, St Helier",St. Helier,2 May 2025,2025-05-02,8000000,"£8,000,000",,,5,,,,,,,,,,"29 and 31 Seaton Place, St Helier. No agent listed. Likely commercial/mixed-use. No public listing or asking price found. Sold £8,000,000 May 2025."
La Haule Residential Home,La Route de l'Isle,St. Brelade,25 Apr 2025,2025-04-25,11818000,"£11,818,000",,,5,,,,,,,,,,"Commercial care home sale at La Route de l'Isle, St Brelade. La Haule is operated by brighterkind (Four Seasons Care Homes). No public asking price or residential listing found. Likely traded as a care home going concern."
Silver Springs Care Home,La Route Des Genets,St. Brelade,25 Apr 2025,2025-04-25,18382000,"£18,382,000",,,5,,,,,,,,,,"Commercial care home sale at La Route Des Genets, St Brelade. Silver Springs is a Four Seasons/brighterkind nursing and residential care home. No residential listing or asking price found. Likely traded as a going-concern business/property package."
Anne Port Farm,La Route de la Cote,St. Martin,25 Apr 2025,2025-04-25,10250000,"£10,250,000",Hunt Estates,hunt-estates,5,14000000,"£14,000,000",https://www.onthemarket.com/details/14047008/,,,,-3750000,-26.8,https://issuu.com/huntestates/docs/anne_port_option_g,"Granite-faced residence built 1970 on 16 acres at Anne Port Bay, St Martin, on market for first time in 50 years. Total 13,050 sq ft (main house, cottage & summer house). 6 bed main house + 3-bed detached cottage. Spectacular sea views towards France. Marketed by Hunt Estates (Christie's). Asked £14m; sold Apr 2025 for £10.25m. Issuu brochure: issuu.com/huntestates/docs/anne_port_option_g."
Unit 1 Vent DʼEte,"Unit 1 Vent DʼEte, La Rue de L'Etocquet, St John",St. John,11 Apr 2025,2025-04-11,2050000,"£2,050,000",,,5,,,,,,,,,,no listing data found in any source
Eventide,"Eventide, La Rue Du Grouet, St Brelade",St. Brelade,11 Apr 2025,2025-04-11,5000000,"£5,000,000",Savills,savills,5,,,,,,,,,https://assets.savills.com/properties/GBJSRSJES150036/JES150036_JES22000533.PDF,"Eventide, La Rue Du Grouet, St Brelade JE3 8HL. Sold Apr 2025 for £5,000,000. Savills listing JES150036. Brochure PDF found at assets.savills.com (image-only). Modern Scottish Larch-clad home on southwest coast. Panoramic sea views. Self-contained 2-bed ground floor flat. No asking price extracted."
Coline de Lavande (formerly ‘Wildwaysʼ),"Coline De Lavande, Park Estate",St. Brelade,4 Apr 2025,2025-04-04,31500000,"£31,500,000",Savills,savills,5,35000000,"£35,000,000 (original guide)",https://app-street-live-public.s3.eu-west-1.amazonaws.com/properties/brochures/18999869/park-estate-la-route-des-genets-je3_ht7GLvqejZsX_2024-11-01-15-31-49.pdf,,,,-3500000,-10.0,https://app-street-live-public.s3.eu-west-1.amazonaws.com/properties/brochures/18999869/park-estate-la-route-des-genets-je3_ht7GLvqejZsX_2024-11-01-15-31-49.pdf https://cdl-jersey.co.uk/ https://search.savills.com/com/en/property-detail/gbjsrslac230209,"Colline de Lavande (formerly 'Wildways'), Park Estate, ~15,000 sqft 'Mayfair' spec. Original guide £35m (Savills brochure Nov 2024) -> sold £31.5m."
"Charnwood, St Brelade","Charnwood, 13 La Maudelaine Estate",St. Brelade,4 Apr 2025,2025-04-04,2895000,"£2,895,000",Benest Estates,benest-estates,5,,,,,,,,,,no listing data found in any source
"La Ruette, St John","La Ruette, La Rue de la Mare Ballam, St John",St. John,21 Mar 2025,2025-03-21,2400000,"£2,400,000",Savills,savills,5,,,,,,,,,,no listing data found in any source
"La Maison de Leoville, St Ouen","Le Maison De Leoville, Le Mont De La Greve De Lecq, St Ouen",St. Ouen,14 Mar 2025,2025-03-14,3050000,"£3,050,000",Hunt Estates,hunt-estates,5,,,,,,,,,,"Agent: Hunt Estates. Address: Le Mont De La Greve De Lecq, St. Ouen, JE3 2DT. Leoville is a historically significant early property in Jersey (Grade listed). No active listing found on Hunt Estates website at time of search. No brochure PDF found."
"Le Cotil (formerly known as ‘Hillside’), St Brelade","Le Cotil, Le Mont De La Rocque, St Brelade",St. Brelade,14 Mar 2025,2025-03-14,3500000,"£3,500,000",Savills,savills,5,3650000,"£3,650,000",https://www.rightmove.co.uk/properties/159669980 | https://assets.savills.com/properties/GBJSRSJES230152/JES230152_JES23001115.PDF | https://www.zoopla.co.uk/for-sale/details/65348885/,2025-03-20,https://www.rightmove.co.uk/properties/159669980 | https://assets.savills.com/properties/GBJSRSJES230152/JES230152_JES23001115.PDF | https://www.zoopla.co.uk/for-sale/details/65348885/,-6,-150000,-4.1,https://assets.savills.com/properties/GBJSRSJES230152/JES230152_JES23001115.PDF,"Le Cotil (formerly Hillside), Le Mont De La Rocque, St Brelade, JE3 8BQ. Listed by Savills Jersey at £3,650,000 (ref JES230152, first listed on Rightmove 20/03/2025). 4 beds, 4 baths, 2,761 sqft. Panoramic sea views over St Aubin's Bay. Property was also listed earlier as JES230005. Sold 2025-03-14 at £3.5m — original ask was £3.65m, slight reduction confirmed."
Noirmont Farm,"Noirmont Farm, La Rue Voisin, St Brelade",St. Brelade,28 Feb 2025,2025-02-28,5747720,"£5,747,720",Broadlands,broadlands,5,,,,,,,,,,"Extraordinary new build on Noirmont headland, St Brelade, ~5,300 sq ft. Marketed by Livingroom (agent listed as Broadlands in source data). Issuu brochure found but no asking price visible. Sea views likely given headland location at Portlet."
27 – 28 Esplanade and 3 La Rue des Mielles,"27 - 28 Esplanade and 3 La Rue des Mielles, —, St Helier",St. Helier,28 Feb 2025,2025-02-28,36200000,"£36,200,000",,,5,,,,,,,,,,Commercial office/building transaction in St Helier Financial District. 27-28 Esplanade is the JTC House office building. No residential asking price or brochure found. Appears to be a commercial property transfer.
Gaspe House,"Gaspe House, 66-72 Esplanade, St Helier",St. Helier,28 Feb 2025,2025-02-28,83200000,"£83,200,000",,,5,88850000,"OIEO £88,850,000",https://jerseyeveningpost.com/uncategorised/2018/11/06/record-breaking-sale-for-landmark-jersey-building/,,,,-5650000,-6.4,,"Grade A office, 66-72 Esplanade (164,000 sqft, completed 2016). Marketed OIEO £88.85m; sold by Dandara, adviser CBRE. NB places.je dates this transaction 2025-02-28; JEP reported a ~£90m sale in 2018 — likely related share/asset transfers."
S G Hambros House,"17 1/2 Esplanade, St Helier",St. Helier,21 Feb 2025,2025-02-21,9000000,"£9,000,000",,,5,,,,,,,,,,"Commercial building at 17.5 Esplanade, St Helier. SG Hambros (SG Kleinwort Hambros Bank) operated from Esplanade offices. Sold Feb 2025 for £9m. No public asking price or commercial listing brochure found."
SUPANA (formerly known as Glenroyd),"La Grande Route des Sablons, Grouville",Grouville,14 Feb 2025,2025-02-14,4250000,"£4,250,000",Savills,savills,5,4995000,"£4,995,000",https://www.zoopla.co.uk/for-sale/details/69451547/,2025-09-23,https://www.zoopla.co.uk/for-sale/details/69451547/,-221,-745000,-14.9,,"La Grande Route des Sablons, Grouville. Agent: Savills Jersey. 4-bed, 5,754 sqft, panoramic ocean views with private beach access. Asking £4,995,000 (Zoopla). Sold Feb 2025 for £4,250,000. Note: Zoopla first listed date shown as Sept 2025 — may reflect re-listing; property sold Feb 2025 so listing pre-dates that."
Treetops,"4 Clos de la Ferme Rose, St Brelade, JE3 8DE",St. Brelade,14 Feb 2025,2025-02-14,4250000,"£4,250,000",Livingroom,livingroom,5,,,,,,,,,,"4 Clos de la Ferme Rose, St Brelade JE3 8DE. Agent: Livingroom. 4 en-suite bedrooms, ~5,100 sqft, ceramic pool, 1 acre. Listed POA — price not publicly disclosed on Livingroom site. Sold Feb 2025 for £4,250,000."
"The Assembly Rooms, St Brelade","Le Boulevard, St Brelade, JE3 8AB",St. Brelade,31 Jan 2025,2025-01-31,4000000,"£4,000,000",Broadlands,broadlands,6,,,,,,,,,,"Le Boulevard, St Brelade JE3 8AB. Agent: Broadlands. Commercial restaurant/hospitality venue — listed granite building, former banking hall renovated 2017, 60-cover bar/dining. OTM listing showed £1,750,000 for a Le Boulevard property but that may be a different/smaller unit. Sold Jan 2025 for £4,000,000. No confirmed asking price for this specific sale."
"1 Palm Drive, St Brelade","La Rue Voisin, St Brelade, JE3 8PD",St. Brelade,31 Jan 2025,2025-01-31,2325000,"£2,325,000",Hunt Estates,hunt-estates,6,,,,,,,,,,no listing data found in any source
"Cresta, St Brelade","Le Mont De La Rocque, St Brelade, JE3 8BQ",St. Brelade,31 Jan 2025,2025-01-31,5500000,"£5,500,000",Broadlands,broadlands,6,,,,,,,,,,"Le Mont De La Rocque, St Brelade JE3 8BQ. Sold Jan 2025 for £5,500,000. Agent listed as Broadlands. Savills blog referenced 'POA' for a Cresta-like property on this road. Le Mont de La Rocque is elevated above St Aubin's Bay so sea views likely. No confirmed asking price found."
"Beau Pré, St Mary","La Cheve Rue, St Mary, JE3 3EN",St. Mary,31 Jan 2025,2025-01-31,9250000,"£9,250,000",Hunt Estates,hunt-estates,6,,,,,,,,,https://www.livingroom.je/buy/property/115,"St Mary, granite house dating to 1668, 2.2 acres, 7-bed. Marketed by Livingroom."
"Gwithian, St Brelade","La Rue Voisin, St Brelade, JE3 8AT",St. Brelade,17 Jan 2025,2025-01-17,3650000,"£3,650,000",Gaudin & Co,gaudin-and-co,6,,,,,,,,,,"Gwithian, La Rue Voisin, St Brelade, JE3 8AT. Sold by Gaudin & Co 2025-01-17 for £3,650,000. Property name confirmed in ICIJ Offshore Leaks Database as existing at that address. No current Gaudin listing found (not on current St Brelade page). No asking price or brochure found."
"Chalet des Arbres, St Brelade","Le Mont Gras D'Eau, St Brelade, JE3 8ED",St. Brelade,17 Jan 2025,2025-01-17,3000000,"£3,000,000",,,6,,,,,,,,,,"Address: Le Mont Gras D'Eau, St Brelade, JE3 8ED. No agent listed. Described as modern mansion with panoramic sea views over St Brelade's Bay. Gaudin & Co mentioned as possible agent. No listing or brochure PDF found. Nearby Chateau des Roches (Savills JES230163) and One St Brelade developments are different properties."
La Rochelle,"La Rochelle, 1 Petite Route De Campagne, St Peter, JE3 7LL",St. Peter,10 Jan 2025,2025-01-10,3325000,"£3,325,000",,,6,3650000,"£3,650,000",OnTheMarket listing 15820373; Savills JES230067 (search.savills.com/je/en/property-detail/gbjsrsjes230067); TheHouseShop listing,,,,-325000,-8.9,https://savills.fluxpro.io/Brochure/JES230067,"La Rochelle, 1 Petite Route De Campagne, St Peter JE3 7LL. Extremely well-constructed modern property in prestigious gated development. Leicht kitchen, Miele appliances, pool, double garage. Asking price £3,650,000 (above sold price of £3,325,000 – reduction confirmed). Agent: Savills Jersey. Brochure URL is fluxpro.io (Savills brochure delivery system) – may redirect to PDF."
"La Sarsonnerie (formerly Don Farm), St John",La Sarsonnerie (formerly Don Farm),St. John,10 Jan 2025,2025-01-10,9600000,"£9,600,000",Knight Frank Jersey,wilsons,6,,,,,,,,,,"Farm/estate property in St John, sold Jan 2025 via Knight Frank Jersey for £9.6m. No public listing or asking price found. Wilsons Knight Frank (Jersey) likely handled the sale but no brochure surfaced."
"Charter Place, 25 27 Seaton Place, St Helier","Charter Place, 25 27 Seaton Place, St Helier, JE2 3QL",St. Helier,7 Jan 2025,2025-01-07,12500000,"£12,500,000",,,6,,,,,,,,,https://d2re.co.uk/wp-content/uploads/2020/07/1st-Floor-Charter-Place-Brochure-3.pdf,"Charter Place is a commercial office building at 23-27 Seaton Place, St Helier JE2 3QL. No residential asking price found. D2RE brochure PDF found for 1st Floor office suite (lettings, not sale). Whole-building sale price not publicly listed. Commercial property."
"Le Grand Clos De St Pierre and Le Jardin De Vibert, Saint Peter",,St. Peter,20 Dec 2024,2024-12-20,5237730,"£5,237,730",,,6,,,,,,,,,,"Le Grand Clos De St Pierre and Le Jardin De Vibert, St Peter. Sold Dec 2024 for £5,237,730. No agent listed. No address provided. Likely agricultural or complex land transaction. No public listing found."
Clare House (formerly Randalls Brewery),Clare House (formerly Randalls Brewery),St. Helier,6 Dec 2024,2024-12-06,2500000,"£2,500,000",,,6,,,,,,,,,,no listing data found in any source
Hotel L’Emeraude (previously called Sien Hall Hotel),Hotel L'Emeraude (previously called Sien Hall Hotel),St. Saviour,6 Dec 2024,2024-12-06,5250000,"£5,250,000",,,6,,,,,,,,,,"Hotel L'Emeraude (formerly Sien Hall Hotel), St Saviour. Sold Dec 2024 for £5,250,000. No agent listed. Hotel/commercial property. Closed hotel used as farm worker accommodation. No estate agent listing found — likely sold off-market or as commercial asset."
19 and 21 Broad Street,19 and 21 Broad Street,St. Helier,29 Nov 2024,2024-11-29,3000000,"£3,000,000",,,6,,,,,,,,,"https://assets.savills.com/properties/8F5BE7A4-7E24-4465-ABB6-52FCE48AC339/19-21%20Broad%20Street,%20St%20Helier%20Jersey%20-%20Property%20Particulars.pdf","Commercial property. Address: 19 and 21 Broad Street, St. Helier. No agent listed in sale record. Savills property particulars PDF found but binary PDF not parseable to extract asking price. Likely commercial freehold."
Roseneath with Roseneath Cottage,La Rue De Fauvic,Grouville,29 Nov 2024,2024-11-29,3100000,"£3,100,000",Slomans,slomans,6,,,,2023-07-01,https://reside.je/property/roseneath-la-rue-de-fauvic-grouville-jersey/ ; https://search.savills.com/property-detail/gbjsrsjes240190,517,,,,"Agent: Slomans (per sold data). Address: La Rue De Fauvic, Grouville, JE3 9BQ. Also appeared via Savills (JES240190) and Reside. Grade 3 listed early 19th century granite house + 1-bed cottage. Main house 296m2 + cottage 54m2 = ~3767 sqft total. 2023 tender closing 8 Apr OIEO £1,675,000 — likely relisted later at higher price before £3.1m sale. No Slomans brochure PDF found online. Note: sold price far exceeds 2023 OIEO, suggesting significant relisting or development value."
1 Seaton Place,,St. Helier,22 Nov 2024,2024-11-22,6625000,"£6,625,000",,,6,6800000,"£6,800,000 (~7.675% net initial yield) — commercial investment",https://www.broadlandsjersey.com/property/1-seaton-place-offices/,,,,-175000,-2.6,,"Commercial office building in St Helier CBD. Purpose-built 4-storey office refurbished 2019. Marketed by Broadlands Commercial as investment at £6,800,000 (yield ~7.675%). Not residential. Sold £6,625,000 November 2024. Note: sold price slightly below asking."
Highgrove House (formerly Cherry Garth),La Rue De Haut,St. Lawrence,22 Nov 2024,2024-11-22,2110000,"£2,110,000",,,6,,,,,,,,,,no listing data found in any source
"Apartment 7, One St Brelade",Apartment 7,St. Brelade,15 Nov 2024,2024-11-15,4200000,"£4,200,000",,,6,4750000,"£4,750,000",https://www.broadlandsjersey.com/one-st-brelade/,,,,-550000,-11.6,,"Apartment 7, One St Brelade, Le Mont Gras D'Eau, St Brelade JE3 8ED. Ground floor garden apartment with private wraparound terrace and private garden. Views over St Brelade's Bay. 3 bedroom suites, 2,357 sqft. Asking £4,750,000 per Broadlands site. Sold Nov 2024 for £4,200,000."
Airlie,Airlie,St. Brelade,1 Nov 2024,2024-11-01,2750000,"£2,750,000",,,6,,,,,,,,,,no listing data found in any source
Bas Rozel and associated fields,Rue de la Perruque,St. Martin,25 Oct 2024,2024-10-25,2000000,"£2,000,000",,,6,,,,,,,,,,no listing data found in any source
La Bourdonnerie,Rue de la Lourderie,St. Clement,18 Oct 2024,2024-10-18,3700000,"£3,700,000",Fine & Country,fine-and-country,6,4450000,"£4,450,000",https://alexandercarmine.com/unlocking-the-door-to-jerseys-property-market-jersey-property-analysis-18th-october-2024/,,,,-750000,-16.9,https://alto2-live.s3.amazonaws.com/6rBv4E3rmSMssbAtJ2V389eMah4/u5eaM4Sa1y_mW7lIFd2S4I2p8vE/Brochure/%5B0%5D/sVjtBWLtV0Kui6YDehU_-Q.pdf,"La Bourdonnerie, Rue de la Lourderie, St Clement. Sold by Fine & Country 2024-10-18 for £3,700,000. Asking price ~£4,450,000 per Alexander Carmine analysis and search snippets. 7 double bedrooms, detached 2-bed cottage, south-facing walled garden with heated pool, double garage with games room. Brochure PDF found via alto2-live S3 (Fine & Country Jersey). Also referenced on Issuu: https://issuu.com/factory/docs/gj185/s/23000099 (Gallery Jersey Aug/Sep 2022 at £3,800,000 — earlier listing price). Earlier OTM listing https://www.onthemarket.com/details/12325657/ shows different agent (Maillard & Co) at £3,250,000 — likely a different property or earlier incarnation."
,24 Halkett Street,St. Helier,4 Oct 2024,2024-10-04,2100000,"£2,100,000",,,7,,,,,,,,,,no listing data found in any source
Staks,La Pulente,St. Brelade,4 Oct 2024,2024-10-04,2100000,"£2,100,000",,,7,,,,,,,,,,no listing data found in any source
Clos De La Plage,Old Forge Lane,Grouville,27 Sep 2024,2024-09-27,2500000,"£2,500,000",Fine & Country,fine-and-country,7,,,,,,,,,,no listing data found in any source
,Heather House,St. John,27 Sep 2024,2024-09-27,2350000,"£2,350,000",,,7,,,,,,,,,,no listing data found in any source
LE VIVIER,La Grande Route de Rozel,St. Martin,6 Sep 2024,2024-09-06,17000000,"£17,000,000",Livingroom,livingroom,7,19000000,"£19,000,000",https://www.onthemarket.com/details/12685470/,,,,-2000000,-10.5,https://www.livingroomproperty.com/buy/property/2944,"Livingroom record sale. St Martin (Rozel), 22 acres, 12,158 sqft manor. Asking £19m (OnTheMarket) -> sold £17m."
"UNDIVIDED HALF SHARE IN EACH OF THE SHARES NUMBERED 48 AND 52, 16  ...",HILARY STREET,St. Helier,6 Sep 2024,2024-09-06,4981792,"£4,981,792",,,7,,,,,,,,,,"Hilary Street, St Helier — undivided share (fractional/commercial title). No agent listed. Likely a share transfer rather than marketed residential sale. No listing or brochure found."
LE VALLON,Le Mont Felard,St. Lawrence,23 Aug 2024,2024-08-23,3600000,"£3,600,000",Fine & Country,fine-and-country,7,,,,,,,,,,"LE VALLON, Le Mont Felard, St Lawrence — sold 2024-08-23 at £3.6m via Fine & Country. Abode2 video and Broadlands Jersey both reference Le Vallon in St Lawrence. Could not recover asking price or brochure from public sources."
MAISON BLANCHE (formerly Chimera),"MAISON BLANCHE (formerly Chimera), La Grande Route de la Baie de St  ...",St. Brelade,16 Aug 2024,2024-08-16,7407500,"£7,407,500",Hunt Estates,hunt-estates,7,,,,,,,,,,"Hunt Estates agent. Property on La Grande Route de la Baie de St Brelade. 6 bedroom contemporary family home in St Brelade's Bay. No public brochure PDF or asking price found via web search. Sold £7,407,500 August 2024."
LE MANOIR DU FIEF ET SEIGNEURIE DE VINCHELEZ DE BAS,La Route de Vinchelez,St. Ouen,9 Aug 2024,2024-08-09,5200000,"£5,200,000",Savills,savills,7,,,,,,,,,https://assets.savills.com/properties/GBJSRSJES180078/JES180078_JES19000306.PDF,"Vinchelez de Bas Manor, La Route de Vinchelez, St Ouen JE3 2DB. Sold Aug 2024 for £5,200,000. Savills exclusive (JES180180). Listed POA. 5 beds plus Coach House (~1,800 sq ft). ~10 acres. Regency Period Manor. Views of French coast. Earlier listing JES180078 brochure PDF found."
UNDIVIDED HALF SHARE IN ST BERNARD,La Route de la Hougue Bie,St. Saviour,2 Aug 2024,2024-08-02,2178780,"£2,178,780",,,7,,,,,,,,,,no listing data found in any source
33 AND 35 PIER ROAD AND NOW KNOWN AS PIERMONT HOUSE,"33 AND 35 PIER ROAD AND NOW KNOWN  ..., Pier Road",St. Helier,26 Jul 2024,2024-07-26,2000000,"£2,000,000",Broadlands,broadlands,7,,,,,,,,,,no listing data found in any source
1 LA CHATELAINE DE GOURAY,"1 LA CHATELAINE DE GOURAY, La Route de la Cte",St. Martin,19 Jul 2024,2024-07-19,2000000,"£2,000,000",,,7,,,,,,,,,,no listing data found in any source
7 BAYCROFT APARTMENTS,"7 BAYCROFT APARTMENTS, La Route de la Haule",St. Lawrence,19 Jul 2024,2024-07-19,2500000,"£2,500,000",Livingroom,livingroom,7,,,,,,,,,,no listing data found in any source
"FIRSTLY, MAUFANT MANOR, SECONDLY, A CERTAIN PIECE OF LAND  ...","FIRSTLY, MAUFANT MANOR, SECONDLY, A  ..., TOGETHER BEARING THE FIELD NUMBERS  ...",St. Saviour,12 Jul 2024,2024-07-12,8500000,"£8,500,000",Savills,savills,7,,,,,,,,,,Multi-parcel sale (manor + further lands); ~£5.95m guide was the manor alone — not comparable to £8.5m total.
"APARTMENT 8, ONE ST BRELADE","APARTMENT 8, ONE ST BRELADE, Le Mont Gras d'Eau",St. Brelade,12 Jul 2024,2024-07-12,2797000,"£2,797,000",Fine & Country,fine-and-country,7,,,,,,,,,,no listing data found in any source
LA POMPE,"LA POMPE, La Rue des Marais",St. Mary,5 Jul 2024,2024-07-05,5500000,"£5,500,000",Fine & Country,fine-and-country,7,,,,,,,,,https://alto-live.s3.amazonaws.com/prIaQoEiboqXwuBVF-vlRnde-Go/Cu7peaZN4rzfjAL8AuZcZ7RiXnM/Brochure/%5B0%5D/3FOAj2xha0iuPJ0pgzMTUg.pdf,"La Rue de la Grange / La Rue des Marais, St Mary, JE3 3AP. Sold Jul 2024 for £5,500,000. Fine & Country Jersey sole agent (ref FC023). Brochure PDF found on alto-live S3 (binary only). 6 bed rural family home, indoor pool. No asking price extracted from PDF."
VAL RICHER,"VAL RICHER, Le Mont de Rozel",St. Martin,28 Jun 2024,2024-06-28,5400000,"£5,400,000",Savills,savills,7,,,,,,,,,,"VAL RICHER, Le Mont de Rozel, St Martin JE3 6AN. Sold Jun 2024 for £5,400,000. Savills listing JES230034. Listed POA. 5 beds + penthouse guest suite. Cliff-top position with panoramic views of Rozel Bay and France. Direct beach access."
LES RUISSEAUX LODGE (formerly Tree Tops and previously Malaya),"LES RUISSEAUX LODGE (formerly Tree  ..., La Route des Gents",St. Brelade,28 Jun 2024,2024-06-28,7500000,"£7,500,000",,,7,7950000,"£7,950,000 guide price (Savills, JES230181); later listed at £11,950,000 on Portfolio by Savills",https://assets.savills.com/properties/GBJSRSJES230181/JES230181_JES23001352.PDF,,,,-450000,-5.7,https://assets.savills.com/properties/GBJSRSJES230181/JES230181_JES23001352.PDF,"4-bed contemporary coastal residence at Les Ruisseaux, JE3 8DD. Savills ref JES220194 (3-bed, £3.5m) appears to be a different property. JES230181 guide price £7,950,000; Portfolio page shows £11,950,000. Sold £7,500,000 June 2024. Sea view confirmed (panoramic). Agent Geri O'Brien at Savills."
Chateau Haute Terre,La Rue du Vard,St. Lawrence,14 Jun 2024,2024-06-14,6000000,"£6,000,000",Savills,savills,7,,,,,,,,,,"Chateau Haute Terre, La Rue Du Vard, St Lawrence, JE3 1FG. Marketed by Savills (ref JES210153). French Chateau-style country mansion, 6 bedroom suites, 4 reception rooms, indoor pool, cinema, 39 vergees (~17 acres). Savills PDF (JES210153) returned 410 Gone — listing removed. No asking price recovered. Sold £6,000,000 June 2024."
Les Vaux,Le Mont les Vaux,St. Brelade,14 Jun 2024,2024-06-14,3250000,"£3,250,000",,,8,,,,,,,,,,"Les Vaux, Le Mont les Vaux, St Brelade. Sold Jun 2024 for £3,250,000. Properties on Le Mont les Vaux typically list at £735k–£750k (smaller homes), so this is a much larger property – possibly a farm/estate. Fine & Country listing found for a 3-bed house on this road at £735k but is clearly a different, smaller property. No asking price or brochure found for this £3.25m sale."
Apartment 2/5,"The Shearwater, La Rue Voisin",St. Brelade,7 Jun 2024,2024-06-07,2900000,"£2,900,000",Savills,savills,8,,,,,,,,,,no listing data found in any source
Le Manoir,"4 Les Beaux Champs, La Route d'Ebenezer",Trinity,31 May 2024,2024-05-31,3275000,"£3,275,000",Fine & Country,fine-and-country,8,3550000,"£3,550,000","Wilsons Knight Frank listing WILS3070 (wilsons.je); Livingroom listing 3551; search result snippet confirmed £3,550,000 asking price.",,,,-275000,-7.7,,"Le Manoir, 4 Les Beaux Champs, La Route d'Ebenezer, Trinity JE3. Elegant 6-bed 6-bath period-style detached home in exclusive gated enclave of 4 houses. Built 2020, top-floor suite added by current owners plus new pool, pool house, gym. Marketed by Wilsons Knight Frank (WILS3070) at £3,550,000 and also Livingroom (listing 3551). Sold May 2024 for £3,275,000 – below asking. Fine & Country also produced a Trinity Jersey Issuu brochure covering this development."
Whitton Grange,La Route des Issues,St. John,3 May 2024,2024-05-03,5450000,"£5,450,000",Savills,savills,8,6500000,"£6,500,000",https://search.savills.com/je/en/property-detail/gbjsrsjes220203 | https://assets.savills.com/properties/GBJSRSJES220203/JES220203_JES23000337.PDF,2022-01-01,https://search.savills.com/je/en/property-detail/gbjsrsjes220203 | https://assets.savills.com/properties/GBJSRSJES220203/JES220203_JES23000337.PDF,853,-1050000,-16.2,https://assets.savills.com/properties/GBJSRSJES220203/JES220203_JES23000337.PDF,"Whitton Grange, La Route Des Issues, St John JE3 4AF. Sold May 2024 for £5,450,000. Savills listing JES220203 at guide price £6,500,000. 7 beds (5-bed main house + 2-bed cottage), ~9,705 sq ft. Rural St John, no sea view mentioned."
Les Landes House,"formerly Les Landes Cottage, La Rue des Landes",St. John,3 May 2024,2024-05-03,2550000,"£2,550,000",Savills,savills,8,,,,,,,,,,no listing data found in any source
Hampshire Hotel,"53 Val Plaisant, formerly known as The Egremont",St. Helier,3 May 2024,2024-05-03,3020000,"£3,020,000",,,8,,,,,,,,,"https://assets.savills.com/properties/8F5BE7A4-7E24-4465-ABB6-52FCE48AC339/19-21%20Broad%20Street,%20St%20Helier%20Jersey%20-%20Property%20Particulars.pdf","Commercial hotel. Address: 53 Val Plaisant, St. Helier (formerly The Egremont). No agent listed in sale data. Hotel closed 2021. Site transferred between Les Amis and Andium Homes in complex deal. The Savills PDF listed is for 19-21 Broad Street (different property on same chunk), not Hampshire Hotel. No Hampshire Hotel asking price found."
126-138 The Limes,"formerly known as Willow Court, Green Street",St. Helier,3 May 2024,2024-05-03,4850000,"£4,850,000",,,8,,,,,,,,,,"126-138 The Limes, formerly Willow Court, Green Street, St Helier. Purchased by Les Amis Incorporated from Andium Homes Limited. Institutional/social housing transfer — no residential asking price or brochure found. Bailiwick Express records show £3,935,000 for a related Green Street transaction; sold price of £4,850,000 is from public register."
Oaklands,La Rue du Coin Varin,St. Peter,12 Apr 2024,2024-04-12,4560000,"£4,560,000",Savills,savills,8,4950000,"£4,950,000",https://www.onthemarket.com/details/3038968/,,,,-390000,-7.9,https://media.onthemarket.com/properties/5424453/1317333068/document-0.pdf https://assets.savills.com/properties/GBJSRSJES160087L/JES160087_JES19000523.PDF,"La Rue du Coin Varin, St Peter JE3 7ZG. Agent: Savills Jersey. 6-bed granite country house plus three 1-bed cottages, ~3.5 acres. Asking price £4,950,000. Sold for £4,560,000."
Villa de la Cote,"formerly known as Erin Villa, La Grande Route de la Cote",St. Clement,12 Apr 2024,2024-04-12,3130000,"£3,130,000",Knight Frank Jersey,wilsons,8,3995000,"£3,995,000",https://www.wilsons.je/properties.aspx (Wilsons Knight Frank / Knight Frank Jersey),,,,-865000,-21.7,,"Formerly Erin Villa. Address: La Grande Route de la Cote, St. Clement. Agent: Knight Frank Jersey (Wilsons). Asking price £3,995,000; also seen at £3,550,000 on OnTheMarket (possible reduction). Gated house directly on beach next to Green Island. 3,522 sq ft per OnTheMarket OTM listing 14180123. Sea views confirmed."
Landscape Farm,Le Chemin des Moulins,St. Helier,5 Apr 2024,2024-04-05,7250000,"£7,250,000",Fine & Country,fine-and-country,8,8950000,"£8,950,000 (Savills, ref gbjsrsjes200036)",https://www.facebook.com/SavillsJerseyLtd/posts/for-salele-chemin-des-moulins-st-helier-asking-8950000-8-bedrooms-9-bathrooms-11/852301610229200/,,,,-1700000,-19.0,https://media.onthemarket.com/properties/14335336/1476750745/document-0.pdf,"Savills listing gbjsrsjes200036. Le Chemin des Moulins, St Helier. 8 bedrooms, 9 bathrooms, 11 reception rooms plus 2-3 bed lodge. Asking £8,950,000. OnTheMarket PDF brochure URL found but returned 403. Facebook post from Savills Jersey confirmed asking price and bedrooms. Sold £7,250,000 April 2024. Agent: Geri O'Brien (Savills)."
Les Cotils with a triangular shaped parcel of land known as FIELD  ...,La Route de l'Etacq,St. Ouen,22 Mar 2024,2024-03-22,2620000,"£2,620,000",Fine & Country,fine-and-country,8,,,,,,,,,,no listing data found in any source
Seaside Cafe (formerly known as Romany Cafe or Cafe Romany),La Greve de Lecq,St. Ouen,15 Mar 2024,2024-03-15,3600000,"£3,600,000",Broadlands,broadlands,8,3600000,"£3,600,000",https://jerseyeveningpost.com/news/2024/03/19/sale-of-grve-de-lecq-site-to-government-completed/ | https://www.bailiwickexpress.com/news/greve-de-lecq-mansion-market-11m-any-work-begins/,,,,0,0.0,,"Commercial/development sale. Former Seaside Cafe (Romany Cafe), La Greve de Lecq, St Ouen. Sold to Jersey government for £3.6m, gifted to National Trust for Jersey. Site previously marketed at £5m+ with planning permission, or £11m for completed development (Bailiwick Express). The £3.6m sold price matches the transaction to government. Agent Broadlands involved in the resale. Sea views confirmed given beach location."
Fairhurst,"Formerly known as Fairhurst Cottage, La Rue de la Falaise",Trinity,8 Mar 2024,2024-03-08,2450000,"£2,450,000",Broadlands,broadlands,8,,,,,,,,,,no listing data found in any source
Mont Mallet,Le Mont de la Guerande,St. Martin,8 Mar 2024,2024-03-08,3000000,"£3,000,000",,,8,3300000,"£3,300,000",https://www.onthemarket.com/details/9332844/ ; https://www.rightmove.co.uk/properties/135894788,,,,-300000,-9.1,https://savills.fluxpro.io/Brochure/JES230124,"Address: Le Mont Mallet / Le Mont de la Guerande, St. Martin, JE3 6DZ. Agent: Savills Jersey (ref JES230124); also Knight Frank Jersey (ref WILS2902). OTM listed at £3,300,000 (6 beds); Savills/Rightmove listed at £2,750,000 (4 beds, 5,000 sqft). Savills brochure: savills.fluxpro.io/Brochure/JES230124. Sea views of Gorey Harbour. Sold March 2024 for £3,000,000."
Jacksons Garage/Showroom and Jacksons House,La Rue Fondon,St. Peter,1 Mar 2024,2024-03-01,8000000,"£8,000,000",,,8,,,,,,,,,,"Commercial property — Jacksons CI Ltd car dealership at La Rue Fondon, St Peter, JE3 7BF. Development/commercial transaction. No residential brochure or asking price found. Sold £8,000,000 March 2024."
"Jackson's Landrover Showroom, Jacksons Accounts Office And  ...",La Rue Fondon,St. Peter,1 Mar 2024,2024-03-01,4000000,"£4,000,000",,,8,,,,,,,,,,"Commercial property (car dealership / Jackson's Land Rover showroom and accounts office, La Rue Fondon, St Peter). No residential listing found. Skipped."
Jacksons Garage Service Centre and Jacksons Volvo,La Rue Fondon,St. Peter,1 Mar 2024,2024-03-01,3652778,"£3,652,778",,,8,,,,,,,,,,"Commercial property (Jacksons Garage Service Centre and Jacksons Volvo, La Rue Fondon, St Peter). Same transaction group as Jackson's Land Rover Showroom sold 2024-03-01. No residential listing. Skipped."
Apartment 11,"One St Brelade, La Route des Genets",St. Brelade,1 Mar 2024,2024-03-01,3650000,"£3,650,000",Fine & Country,fine-and-country,8,,,,,,,,,,"One St Brelade luxury development, all apartments have panoramic bay views. Comparable units: Apt 4 (2,357 sqft, £4.25m), Apt 5 (1,905 sqft, £3.25m), Apt 6 (2,282 sqft, £3.95m), Apt 7 (2,357 sqft, £4.75m). Apt 11 not individually listed in current pages; listing page returns 'no longer available'. Sold 2024-03-01 at £3.65m via Fine & Country."
Apartment 2,"One St Brelade, La Route des Genets",St. Brelade,1 Mar 2024,2024-03-01,4000000,"£4,000,000",Savills,savills,8,4250000,"£4,250,000",https://assets.savills.com/properties/GBJSRSJES230071/JES230071_JES23000366.PDF,,,,-250000,-5.9,https://assets.savills.com/properties/GBJSRSJES230071/JES230071_JES23000366.PDF,"Apartment 2, One St Brelade, Le Mont Gras D'Eau, St Brelade (La Route des Genets area). Savills listing GBJSRSJES230071 shows guide price £4,250,000 for One St Brelade apartment on Le Mont Gras D'Eau. Apartment 2 is on Second Floor with 3 bedrooms per floor plan site. Development overlooks St Brelade's Bay. Sold £4,000,000 on 2024-03-01. Also see Savills listing https://search.savills.com/com/en/property-detail/gbjsrsjes240091"
Penthouse Apartment,"One St Brelade, La Route des Genets",St. Brelade,1 Mar 2024,2024-03-01,6600000,"£6,600,000",Savills,savills,8,9500000,"£9,500,000 guide price (Savills, One St Brelade penthouse)",https://search.savills.com/com/en/property-detail/gbjsrsjes240091,,,,-2900000,-30.5,,"Penthouse at One St Brelade, Le Mont Gras D'Eau, St Brelade, JE3 8ED. Marketed by Savills (refs JES240091, JES240095). 3 bedrooms, over 3,800 sqft, top floor of 11-unit development, panoramic bay views. Guide price £9,500,000. Also listed at £4,250,000 for lower units (JES230071). Sold £6,600,000 March 2024. Sea view confirmed."
Motor Mall (formerly known as St Helier Garage),La Grande Route de St Jean,St. Helier,1 Mar 2024,2024-03-01,7529762,"£7,529,762",,,9,,,,,,,,,,"Commercial property — Motor Mall on La Grande Route de St Jean, St Helier. Commercial transaction, no residential listing applicable. Sold £7,529,762 March 2024."
Green Court,"formerly Pointe du Pre, La Rue du Douet de Rue",St. Lawrence,23 Feb 2024,2024-02-23,2500000,"£2,500,000",Broadlands,broadlands,9,,,,,,,,,,no listing data found in any source
Undivided half share in Little Court,Le Mont Cambrai,St. Lawrence,2 Feb 2024,2024-02-02,3250000,"£3,250,000",,,9,,,,,,,,,,"Undivided half share in Little Court, Le Mont Cambrai, St Lawrence. Sold Feb 2024 for £3,250,000 (half share implying full value ~£6.5m). Le Mont Cambrai has a major estate (Villa Cambray, listed at £14m-£16m by Savills/OTM) but Little Court is a separate property. Savills PDF JES200029 returned 410. No asking price or brochure found."
Caledonia House,8 Caledonia Place,St. Helier,26 Jan 2024,2024-01-26,2050000,"£2,050,000",Broadlands,broadlands,9,,,,,,,,,,no listing data found in any source
Le Jardin,La Rue de la Mare,St. Ouen,19 Jan 2024,2024-01-19,2250000,"£2,250,000",Troys,troys,9,,,,,,,,,,no listing data found in any source
La Rocquaise,La Route de la Baie,St. Brelade,19 Jan 2024,2024-01-19,5610000,"£5,610,000",Knight Frank Jersey,wilsons,9,9950000,"£9,950,000 (reduced from £12,000,000)",https://www.bailiwickexpress.com/news/claude-cahuns-home-goes-sale-10m/ | https://www.knightfrank.co.in/properties/residential/for-sale/la-route-de-la-baie-st-brelade/WILS2857,,,,-4340000,-43.6,,"Sold Jan 2024 for £5,610,000. Wilsons Knight Frank listing WILS2857. Originally listed at £12m, reduced to £9,950,000. 6 beds, 6 baths, 4 reception rooms. 16th century granite home. Breathtaking views across St Brelade's Bay. Former home of Claude Cahun and Marcel Moore."
A certain piece of land and appurtenances formerly dependent to  ...,Le Chemin au Greves,Grouville,5 Jan 2024,2024-01-05,2000000,"£2,000,000",,,9,,,,,,,,,,no listing data found in any source
6 Portelet Bay,La Rue Voisin,St. Brelade,5 Jan 2024,2024-01-05,3625000,"£3,625,000",Knight Frank Jersey,wilsons,9,,,,,,,,,https://alto-live.s3.amazonaws.com/prIaQoEiboqXwuBVF-vlRnde-Go/Cu7peaZN4rzfjAL8AuZcZ7RiXnM/Brochure/%5B0%5D/7Kog22rSEUKfnhe4Tw7jQA.pdf,"6 Portelet Bay, La Rue Voisin, St Brelade — gated exclusive development. Agent: Knight Frank Jersey (Wilsons). Property has 5 bedrooms, private en-suites, open-concept kitchen, home gym, double garaging. Brochure PDF is for APT 5 The Shearwater at same Portelet Bay address (different unit, not No. 6). No guide price found for No. 6 specifically."
Francfief Farm (formerly known as Franc Fief),La Rue du Conet,St. Brelade,22 Dec 2023,2023-12-22,2700000,"£2,700,000",Savills,savills,9,,,,,,,,,,no listing data found in any source
40 Cherry Tree Cottage,Green Street,St. Helier,22 Dec 2023,2023-12-22,2100000,"£2,100,000",,,9,,,,,,,,,,no listing data found in any source
Butt & Ben,La Rue des Platons,Trinity,8 Dec 2023,2023-12-08,2000000,"£2,000,000",Le Gallais,le-gallais,9,,,,,,,,,,no listing data found in any source
"Firstly, a certain house now known as Eagle's Rest (formerly  ...","secondly, a certain piece of land  ..., thirdly, the field known as Le  ...",St. Brelade,8 Dec 2023,2023-12-08,15100000,"£15,100,000",Fine & Country,fine-and-country,9,16500000,"£16,500,000",https://www.priceypads.com/eagles-rest-16-5m-country-home-perched-above-st-aubins-bay-in-jersey-photos/,,,,-1400000,-8.5,https://issuu.com/huntestates/docs/eagle_s_rest_-_brochure,"Above St Aubin's Bay, 10,885 sqft, 3 acres. Guide £16.5m (Hunt Estates/Fine & Country, brochure 2021) -> sold £15.1m."
51 And 53 King Street And 8 And 10 Broad Street,.,St. Helier,24 Nov 2023,2023-11-24,3500000,"£3,500,000",Broadlands,broadlands,9,,,,,,,,,https://d2re.co.uk/wp-content/uploads/2019/03/51-53-King-Street-Brochure-Tender.pdf,"Commercial retail/investment property. 51-53 King Street & 8-10 Broad Street, St Helier — prominent position in pedestrian shopping heart of St Helier, ground floor retail with return frontage to Broad Street. Tender brochure found from 2019 (D2 Real Estate). Sold 2023-11-24 at £3.5m via Broadlands. No residential content."
Little Hamlet,La Route de la Hougue Bie,St. Saviour,17 Nov 2023,2023-11-17,2285000,"£2,285,000",Gaudin & Co,gaudin-and-co,9,,,,,,,,,,no listing data found in any source
Gracelands,"previously called Mont Ida, La Rue de la Croiserie",Trinity,10 Nov 2023,2023-11-10,2650000,"£2,650,000",Savills,savills,9,,,,,,,,,,no listing data found in any source
Clos de Tours,La Rue de Haut,St. Brelade,27 Oct 2023,2023-10-27,2350000,"£2,350,000",,,9,,,,,,,,,,no listing data found in any source
"Firstly, a certain house known as La Vielle Fontaine","secondly, certain land or wooded  ..., La Profonde Rue",St. Ouen,29 Sep 2023,2023-09-29,3650000,"£3,650,000",Savills,savills,9,,,,,,,,,,"La Vielle Fontaine, La Profonde Rue, St Ouen, JE3 2EG. Savills listing gbjsrsjes240069 found for La Profonde Rue but could be a re-listing after 2023 sale. No guide price surfaced for original 2023 listing. Substantial property with woodland. Could not confirm asking price."
Les Arbres,La Rue de la Ville au Bas,St. Lawrence,29 Sep 2023,2023-09-29,3500000,"£3,500,000",,,9,,,,,,,,,,"Les Arbres, La Rue de la Ville au Bas, St Lawrence, JE3 1EW. Savills listing gbjsrsjes220181 found — property was described as 'on the market for first time in 50 years'. No agent listed at point of sale (blank in data). Could not recover asking price or brochure."
The Beach House,"Les Petis Sablons, La Grande Route des Sablons",Grouville,29 Sep 2023,2023-09-29,2840000,"£2,840,000",Broadlands,broadlands,9,,,,,,,,,,no listing data found in any source
Altura (previously known as Ashurst),La Rue de Haut,St. Brelade,8 Sep 2023,2023-09-08,3950000,"£3,950,000",,,9,,,,,,,,,,"Altura (previously known as Ashurst), La Rue de Haut, St Brelade, JE3 8AR. Savills listing GBJSRSJES230019 confirmed (also later relisted as GBJSRSJES250023). Rural location near St Aubin/St Brelade village shops. No agent listed in sold record. Savills listing found but guide price not extractable (403 on detail page). PDF brochure URL not confirmed — 410 Gone on attempted URL."
l'Aiguillon,La Route des Cotils,Grouville,1 Sep 2023,2023-09-01,2500000,"£2,500,000",Fine & Country,fine-and-country,10,,,,,,,,,,no listing data found in any source
1 West Grove Apartments,La Rue de Haut,St. Lawrence,25 Aug 2023,2023-08-25,2200000,"£2,200,000",Hunt Estates,hunt-estates,10,,,,,,,,,,no listing data found in any source
La Fougere,Fern Valley,St. Helier,25 Aug 2023,2023-08-25,2180000,"£2,180,000",Hunt Estates,hunt-estates,10,,,,,,,,,,no listing data found in any source
Furze Cottage (formerly The Cottage),Les Nouvelles Charrieres,St. John,11 Aug 2023,2023-08-11,3825000,"£3,825,000",Hunt Estates,hunt-estates,10,3995000,"£3,995,000",https://www.onthemarket.com/details/11350576/,,,,-170000,-4.3,,"Furze Cottage (formerly The Cottage), Les Nouvelles Charrieres, St John. Sold by Hunt Estates 2023-08-11 for £3,825,000. OnTheMarket listing shows 4 bed detached house at £3,995,000 by Hunt Estates. Originally built 1904 with modern extension via glass atrium creating 32ft living room. No brochure PDF found."
Vue du Fort (formerly known as Glenwhern),La Rue de la Forge,Grouville,11 Aug 2023,2023-08-11,2100000,"£2,100,000",Thompson Lettings,thompson-estates,10,,,,,,,,,,no listing data found in any source
"Firstly, a certain house called Le Sol","secondly, a certain land known as  ..., Le Chemin de la Brecquette",St. Ouen,4 Aug 2023,2023-08-04,3300000,"£3,300,000",Livingroom,livingroom,10,,,,,,,,,,"Le Sol, Le Chemin de la Brecquette, St Ouen JE3 2FF. 4 bedrooms (2 ground floor en-suite + primary suite + 1 further double on first floor), indoor pool, west-facing balcony with panoramic St Ouen's Bay sea views, large grounds with ponds. Marketed by Livingroom (listing 2859 now 404/removed). Sold Aug 2023 for £3.3m. Asking price not published in accessible sources."
"Firstly, a certain hotel and parking area known as The Inn  ...","secondly, a certain plot of land  ..., 14 Queens Road",St. Helier,4 Aug 2023,2023-08-04,2900000,"£2,900,000",,,10,,,,,,,,,,no listing data found in any source
Maryland (formerly Tashihi; and before that Maryland),La Grande Route de la Cote,St. Clement,28 Jul 2023,2023-07-28,3700000,"£3,700,000",,,10,,,,,,,,,,"Maryland (formerly Tashihi; and before that Maryland), La Grande Route de la Cote, St Clement, JE2 6FQ. Sold 2023-07-28 for £3,700,000. No agent listed. Address confirmed at JE2 6FQ. No listing or brochure found."
Treetops,Le Mont de la Rocque,St. Brelade,21 Jul 2023,2023-07-21,3800000,"£3,800,000",Livingroom,livingroom,10,4995000,"£4,995,000",https://www.livingroomproperty.com/buy/property/3116,,,,-1195000,-23.9,,"Treetops, Le Mont de la Rocque, St Brelade. Sold by Livingroom 2023-07-21 for £3,800,000. Livingroom listing (property/3116) shows guide price £4,995,000 (POA per page but £4,995,000 from OnTheMarket snippet), 7 bedrooms, ~4,817 sq ft, sea views over St Aubin's Bay, private south-facing garden, heated pool, integral garage, attached 2-bed cottage. What3words: wishes.strung.puts. Brochure available at /property/brochure/3116 (no direct PDF URL). OnTheMarket listing https://www.onthemarket.com/details/13008245/"
"25-26 Esplanade AND 12,14,16,18,20 AND 22 Castle Street",.,St. Helier,21 Jul 2023,2023-07-21,15000000,"£15,000,000",,,10,,,,,,,,,,Multi-let prime commercial office investment. Marketed by D2 Real Estate and JLL. Building arranged over ground + 4 upper floors with basement parking in St Helier's CBD. No public guide price found from D2RE listing page. Commercial investment property — no residential details applicable.
Constantia,La Grande Route de St Jean,Trinity,7 Jul 2023,2023-07-07,2000000,"£2,000,000",,,10,,,,,,,,,,no listing data found in any source
Highcliff House,La Rue des Landes,St. John,7 Jul 2023,2023-07-07,2000000,"£2,000,000",Broadlands,broadlands,10,,,,,,,,,,no listing data found in any source
La Flotte,10 Petite Route de Campagne,St. Peter,9 Jun 2023,2023-06-09,2900000,"£2,900,000",Savills,savills,10,,,,,,,,,,no listing data found in any source
Roche d'Or,La Rue de la Forge,St. Peter,9 Jun 2023,2023-06-09,2050000,"£2,050,000",,,10,,,,,,,,,,no listing data found in any source
"Firstly, the shop, offices, yard and appurtenances constructed  ...","secondly, a certain covered area of  ..., bearing the number 11 Roseville  ...",St. Helier,26 May 2023,2023-05-26,2734470,"£2,734,470",,,10,,,,,,,,,,no listing data found in any source
"1, 3 and 5 Castle Street with the strip of land which is found  ...",.,St. Helier,12 May 2023,2023-05-12,4400000,"£4,400,000",,,10,,,,,,,,,,"1/3/5 Castle Street, St Helier — commercial office (4-storey purpose-built). Agent: Sarre & Co. Listed as office rental at £30/sqft NIA, 2,995 sqft. Sale for £4.4m not explained by rental listing; likely freehold investment sale. No sale asking price found."
Vue de la Mer,La Grande Route des Sablons,Grouville,14 Apr 2023,2023-04-14,2200000,"£2,200,000",,,10,,,,,,,,,,no listing data found in any source
13 and 15 Castle Street,.,St. Helier,14 Apr 2023,2023-04-14,14536000,"£14,536,000",,,10,17500000,"£17,500,000",https://cgcommercial.je/properties/prime-office-investment-13-15-castle-street-st-helier-jersey/,,,,-2964000,-16.9,,"Prime office investment marketed by CG Commercial (now Broadlands Commercial) at £17,500,000 with £1,288,101 p.a. rental income. Sold April 2023 for £14,536,000 to DHRE Holdings Ltd. Commercial property — sale by share transfer or freehold. No residential brochure."
La Turballe,12 Petite Route de Campagne,St. Peter,31 Mar 2023,2023-03-31,2850000,"£2,850,000",,,10,,,,,,,,,,no listing data found in any source
The Water's Edge Hotel,Les Charrieres de Boulay,Trinity,24 Mar 2023,2023-03-24,6400000,"£6,400,000",,,11,,,,,,,,,,"Former Water's Edge Hotel, Bouley Bay, Les Charrieres de Boulay, Trinity. Also listed on JamesEdition (ID 15095236). Commercial/hotel property sold to private family for £6.4m March 2023 with plans to demolish and build luxury home. Over 10,000 sqft. Sea views over Bouley Bay. No residential asking price applicable."
Maison du Hibou (formerly known as Valbella House and before then  ...,La Verte Rue,Trinity,24 Mar 2023,2023-03-24,4250000,"£4,250,000",Broadlands,broadlands,11,,,,,,,,,,"La Verte Rue, Trinity JE3 5HD. Agent: Broadlands. Formerly Valbella House. No listing page or brochure found publicly. Asking price not recovered."
The Farmhouse (previously called La Ferme de la Fontaine),Les Cabots,Grouville,24 Mar 2023,2023-03-24,2200000,"£2,200,000",,,11,,,,,,,,,,no listing data found in any source
Union House Offices,Union Street,St. Helier,17 Mar 2023,2023-03-17,2830799,"£2,830,799",,,11,,,,,,,,,,no listing data found in any source
Fallu Farm,Le Mont Fallu,St. Peter,10 Mar 2023,2023-03-10,6300000,"£6,300,000",,,11,,,,,,,,,,"Development land/site at Le Mont Fallu, St Peter. Likely sold to Dandara as development land for their 24/25-home scheme of 2-3 bed houses. No single residential asking price applicable. Sold £6,300,000 March 2023."
La Ville au Bas,La Rue de la Ville au Bas,St. Lawrence,10 Mar 2023,2023-03-10,4000000,"£4,000,000",Broadlands,broadlands,11,5000000,"£5,000,000",https://www.onthemarket.com/details/16340763/,,,,-1000000,-20.0,,"La Ville au Bas, La Rue de La Ville Au Bas, St Lawrence, Jersey JE3 1EW. Sold by Broadlands. OnTheMarket listing shows guide price £5,000,000, 5 bedrooms, 6,458 sq ft, 5 bathrooms, 6 reception rooms, pool, games room, gym. Sold STC. Sold price £4,000,000 on 2023-03-10."
Les Homets (formerly 'St Ives'),La Grande Route des Sablons,Grouville,10 Mar 2023,2023-03-10,2600000,"£2,600,000",,,11,,,,,,,,,,no listing data found in any source
Valrosa,Bellozanne Road,St. Helier,10 Mar 2023,2023-03-10,2000000,"£2,000,000",Prestige Properties,prestige-properties,11,,,,,,,,,,no listing data found in any source
Les Pines,"1 Clos de la Ferme Rose, La Rue de la Pigeonnerie",St. Brelade,24 Feb 2023,2023-02-24,3500000,"£3,500,000",Fine & Country,fine-and-country,11,3995000,"£3,995,000",https://www.onthemarket.com/details/14397703/,,,,-495000,-12.4,https://huntesta.agentpro53.co.uk/ipm/property_docs/2809-PRA11120-webbro-4.pdf,"1 Clos de la Ferme Rose, La Rue de la Pigeonnerie, St Brelade — marketed by Hunt Estates at £3,995,000 (5 beds, 6 baths, approx 4,800 sqft, lovely outlook over trees). Sold 2023-02-24 at £3.5m via Fine & Country — significant reduction from asking. NOTE: 'Les Pines' may be the property name for this same address, or there may be a separate Fine & Country listing. The data record address is '1 Clos de la Ferme Rose'. The property set (4,839 sqft, 4 double beds, 7 baths) mentioned for 'Les Pines' from search snippet matches closely."
Lucas House,St Clement's Road (previously St Helier Garage/Cleveland Garage),St. Helier,24 Feb 2023,2023-02-24,2800000,"£2,800,000",Broadlands,broadlands,11,,,,,,,,,,no listing data found in any source
"Firstly, the house known as Les Augerez house with the cottages, bake house, swimming pool, yards, gardens. secondly, the garden known as Le Jardin du Pressoir",La Rue de la Caroline,St. Peter,3 Feb 2023,2023-02-03,6975000,"£6,975,000",,,11,,,,,,,,,,"Les Augerez House, La Rue de la Caroline, St Peter, JE3 7DR. No agent listed. Sold from Kristin Louise Gardner-Hillman to David George Harrison £6,975,000 Feb 2023. No public asking price or brochure found."
The piece of land known as Le Jardin de la Forge,La Grande Route de St Clement,St. Clement,3 Feb 2023,2023-02-03,2971600,"£2,971,600",,,11,,,,,,,,,,no listing data found in any source
Palm Springs Nursing Home,Le Mont de la Trinite,St. Helier,27 Jan 2023,2023-01-27,2500000,"£2,500,000",,,11,,,,,,,,,,no listing data found in any source
Le Jardin,La Commune de Noirmont,St. Brelade,27 Jan 2023,2023-01-27,2400000,"£2,400,000",Livingroom,livingroom,11,,,,,,,,,,no listing data found in any source
Capital House (previously Norwich Union House and prior to that  ...,8 Church Street,St. Helier,23 Dec 2022,2022-12-23,3205000,"£3,205,000",,,11,,,,,,,,,,"Capital House (formerly Norwich Union House), 8 Church Street, St Helier – commercial office building. Sold Dec 2022 for £3,205,000. ArtHouse Jersey opened exhibition space here in April 2022. Skip as commercial property."
La Chesnaie,"with the outbuildings, private  ..., Le Jardin de Devant, Le Jardin de  ...",St. Lawrence,16 Dec 2022,2022-12-16,5250000,"£5,250,000",Fine & Country,fine-and-country,11,,,,,,,,,,"La Chesnaie, St Lawrence. Sold Dec 2022 for £5,250,000. Fine & Country agent. Address mentions outbuildings and garden land. No public listing found for this specific property — searches returned unrelated properties on nearby roads."
Vine House,Le Mont de Gouray,St. Martin,9 Dec 2022,2022-12-09,2000000,"£2,000,000",,,11,,,,,,,,,,no listing data found in any source
3 Royal Bay Gardens,La Rigondaine,Grouville,9 Dec 2022,2022-12-09,2000000,"£2,000,000",Gaudin & Co,gaudin-and-co,11,,,,,,,,,,no listing data found in any source
Apartment 31,"Block B, Millennium Court, La Greve d'Azette",St. Clement,9 Dec 2022,2022-12-09,2700000,"£2,700,000",,,11,,,,,,,,,,no listing data found in any source
Les Peupliers,La Rue de la Guilleaumerie,St. Saviour,2 Dec 2022,2022-12-02,2750000,"£2,750,000",Gaudin & Co,gaudin-and-co,11,,,,,,,,,,no listing data found in any source
Nitchevo,La Cache de l'Eglise,St. Ouen,25 Nov 2022,2022-11-25,2550000,"£2,550,000",,,12,,,,,,,,,,no listing data found in any source
Montrose,La Rue a la Pendue,St. Ouen,25 Nov 2022,2022-11-25,3700000,"£3,700,000",Livingroom,livingroom,12,,,,,,,,,,"Montrose, La Rue a la Pendue, St Ouen. Sold by Livingroom 2022-11-25 for £3,700,000. Livingroom listing (property/2760) shows POA pricing (no explicit guide price), 5 bedrooms, ~4,450 sq ft, turn-key granite new build, air-source heat pump, underfloor heating, swim spa in south-facing garden, scheduled completion early September 2022. What3words: laugh.sludgy.costing. Brochure at /property/brochure/2760 (no direct PDF URL found)."
Rockscape,"formerly The Beach House, La Rue de Samares",St. Clement,25 Nov 2022,2022-11-25,3900000,"£3,900,000",,,12,,,,,,,,,,"Rockscape (formerly The Beach House), La Rue de Samares, St Clement, JE2 6LY. Sold 2022-11-25 for £3,900,000. No agent listed. Zoopla confirms Rockscape exists at that address. No listing or brochure found with asking price. Property is on La Rue de Samares which borders the coast, so sea_view likely."
Apartment 6/6,"The Curlew, La Rue Voisin",St. Brelade,25 Nov 2022,2022-11-25,2350000,"£2,350,000",,,12,,,,,,,,,,no listing data found in any source
"Certain buildings, land and appurtenances, with the party  ...",Stopford Road,St. Helier,25 Nov 2022,2022-11-25,8552266,"£8,552,266",,,12,,,,,,,,,,"Commercial/mixed-use property at Stopford Road, St Helier. No public listing or asking price found. Description suggests a Royal Court conveyance of industrial/commercial buildings."
"Certain buildings, land and appurtenances, with the party  ...",Stopford Road,St. Helier,25 Nov 2022,2022-11-25,2138067,"£2,138,067",,,12,,,,,,,,,,no listing data found in any source
Apollo Hotel (formerly Hotel La Reserve),"9 St Saviour' Road, (formerly numbers 7 and 9 St  ...",St. Helier,25 Nov 2022,2022-11-25,2900000,"£2,900,000",,,12,,,,,,,,,,no listing data found in any source
Lincoln Hotel,St Saviour's Road,St. Helier,25 Nov 2022,2022-11-25,2900000,"£2,900,000",,,12,,,,,,,,,,no listing data found in any source
Mon Plaisir and Mon Plaisir Cottage,La Rue des Houguettes,St. John,18 Nov 2022,2022-11-18,2300000,"£2,300,000",,,12,,,,,,,,,,no listing data found in any source
Tides,La Neuve Route,St. Brelade,11 Nov 2022,2022-11-11,3650000,"£3,650,000",Fine & Country,fine-and-country,12,,,,,,,,,https://media.onthemarket.com/properties/6210460/1337022340/document-0.pdf,"Property at La Neuve Route, St Brelade named 'Tides Reach' listed via Livingroom and Broadlands Jersey at £1,750,000. However 'Tides' sold 2022-11-11 at £3.65m via Fine & Country — this appears to be a different earlier listing price or a different version of the property. The OnTheMarket brochure PDF is for 'Tides Reach' at the same address. Cannot confirm the Fine & Country £3.65m asking price. 5,439 sqft, 6 beds, sea views are from Tides Reach listing which is likely same property."
Strawberry Fields,La Rue Bechervaise,St. Peter,28 Oct 2022,2022-10-28,2100000,"£2,100,000",,,12,,,,,,,,,,no listing data found in any source
La Tenue,La Rue de la Vallee,St. Mary,28 Oct 2022,2022-10-28,3500000,"£3,500,000",,,12,,,,,,,,,,"La Tenue, La Rue de la Vallee, St Mary. No agent listed in data. No listing or brochure found for this property. A Savills listing for La Rue de la Vallee St Mary was found (JES240132) but likely a different property. Could not confirm asking price."
Beauport Place (previously known as La Chevre d'Or),Le Chemin de Beau Port,St. Brelade,28 Oct 2022,2022-10-28,9750000,"£9,750,000",Livingroom,livingroom,12,,,,,,,,,,"Luxury coastal home at Le Chemin de Beau Port, St Brelade. Marketed by Livingroom Estate Agents at POA. ~10,000 sq ft, 5 bedrooms. Panoramic sea views over St Brelade's Bay and Ouaisne. Leisure complex with heated pool, steam room, hot tub. what3words: clarify.advantage.utopia. Sold Oct 2022 for £9.75m."
Hideaway,La Rue des Pres,St. Saviour,14 Oct 2022,2022-10-14,2110000,"£2,110,000",Maillard & Co,maillardandco,12,,,,,,,,,,no listing data found in any source
Joyville,Pontac Common,St. Clement,14 Oct 2022,2022-10-14,2750000,"£2,750,000",,,12,,,,,,,,,,no listing data found in any source
"Firstly, a certain dwelling house and garage called Chalet Rouge  ...","secondly, with a certain piece of  ..., La Rue des Bouillons",Trinity,7 Oct 2022,2022-10-07,2850000,"£2,850,000",,,12,,,,,,,,,,no listing data found in any source
Colony House,La Ruette du Coin Varin,St. Peter,23 Sep 2022,2022-09-23,5400000,"£5,400,000",,,12,,,,,,,,,,"La Ruette du Coin Varin, St Peter. Sold Sep 2022 for £5,400,000. No agent listed. No public listing found for this specific property."
La Tour de Garde,Le Mont Mallet,St. Martin,23 Sep 2022,2022-09-23,2750000,"£2,750,000",Hunt Estates,hunt-estates,12,,,,,,,,,,no listing data found in any source
Uplands,La Grande Route de Rozel,St. Martin,23 Sep 2022,2022-09-23,2025000,"£2,025,000",,,12,,,,,,,,,,no listing data found in any source
La Porte with the attached cottage called La Porte cottage now  ...,La Rue du Pont,St. Saviour,15 Sep 2022,2022-09-15,3430000,"£3,430,000",,,12,,,,,,,,,,"La Porte at La Rue du Pont, St Saviour is a Grade III historic farm complex converted into 9 homes; the £3.43m 2022 sold price likely represents the entire estate/farmhouse sale pre-conversion. Individual units now marketed by Savills at ~£875k–£1.395m. No asking price or agent found for the 2022 whole transaction."
Town House 3,"Vantage, Le Mont Gabard",St. Martin,26 Aug 2022,2022-08-26,2800000,"£2,800,000",Fine & Country,fine-and-country,13,,,,,,,,,,no listing data found in any source
Town House 2,"Vantage, Le Mont Gabard",St. Martin,26 Aug 2022,2022-08-26,2850000,"£2,850,000",Fine & Country,fine-and-country,13,,,,,,,,,,no listing data found in any source
Cambrette,Le Squez Road,St. Clement,26 Aug 2022,2022-08-26,3200000,"£3,200,000",,,13,,,,,,,,,,"Cambrette, Le Squez Road, St Clement. Sold Aug 2022 for £3,200,000. The address JE2 6BA on Le Squez Road is confirmed. No agent or listing found for this specific sale. The £3.2m price suggests a substantial detached property, distinct from the smaller La Cambrette flats in the development."
Le Glebe (formerly La Petite Preference),La Grande Route de St Martin,St. Martin,19 Aug 2022,2022-08-19,2800000,"£2,800,000",Hunt Estates,hunt-estates,13,,,,,,,,,,no listing data found in any source
Four and Six La Rue Sinnatt,"(formerly bearing the number 16 in  ..., La Rue des Pres Trading Estate",St. Saviour,12 Aug 2022,2022-08-12,4100000,"£4,100,000",,,13,,,,,,,,,,"La Rue des Pres Trading Estate, St Saviour JE2 7QT. Commercial industrial/office property. Purchased by Jersey Water as future HQ. LoopNet listing found but 403 blocked. No asking price recovered."
Four and Six La Rue Sinnatt,"(formerly bearing the number 16 in  ..., La Rue des Pres Trading Estate",St. Saviour,12 Aug 2022,2022-08-12,3100000,"£3,100,000",,,13,,,,,,,,,,"Address: La Rue des Pres Trading Estate, St. Saviour. No agent listed. Likely commercial/industrial property. No public listing found."
Le Pre,La Grande Route de St Clement,St. Clement,12 Aug 2022,2022-08-12,2000000,"£2,000,000",Broadlands,broadlands,13,,,,,,,,,,no listing data found in any source
Rocco Two,Le Mont de la Pulente,St. Brelade,5 Aug 2022,2022-08-05,3400000,"£3,400,000",,,13,,,,,,,,,,"Rocco Apartments is an 8-unit beachfront development at Le Mont de la Pulente overlooking La Pulente/St Ouen's Bay, marketed by Livingroom. Prices not published online; 0 units currently available. Rocco Two is one of 8 apartments. Sea views confirmed. No asking price or brochure found."
Rocco One,Le Mont de la Pulente,St. Brelade,5 Aug 2022,2022-08-05,2600000,"£2,600,000",,,13,,,,,,,,,,no listing data found in any source
Sylvania,La Route Orange,St. Brelade,5 Aug 2022,2022-08-05,3000000,"£3,000,000",,,13,,,,,,,,,,"Address: La Route Orange, St. Brelade, JE3 8GP. No agent listed. No public listing found."
Le Clos Vert,Le Mont Cochon,St. Helier,29 Jul 2022,2022-07-29,3500000,"£3,500,000",Broadlands,broadlands,13,,,,,,,,,,"Le Clos Vert, Le Mont Cochon, St Helier, JE2 3JB. Modern new build completed Dec 2021. 5 beds, 5 baths, 3 reception rooms, gym, home lift, integral 3-car garage, approx 5,800 sqft. Breathtaking sea views over St Aubin's Bay. Sold 2022-07-29 at £3.5m via Broadlands. No asking price found — likely sold off-market or without public listing."
A certain piece of land being the remainder of the land (clos)  ...,"and bearing the number 872 on the  ..., La Route de Beaumont",St. Peter,29 Jul 2022,2022-07-29,6194375,"£6,194,375",,,13,,,,,,,,,,"Land parcel (clos) on La Route de Beaumont, St Peter. Commercial/land transaction. No residential listing applicable. Sold £6,194,375 July 2022."
La Maison de la Ruette (formerly known as La Ruette),La Ruette,St. Ouen,29 Jul 2022,2022-07-29,3150000,"£3,150,000",Broadlands,broadlands,13,,,,,,,,,,"Agent: Broadlands. Address: La Ruette, St. Ouen. No public listing or brochure found via web search. Broadlands does not appear to maintain archived listings online."
Le Pont Farm (formerly known as Le Port),La Rue du Pont,St. John,29 Jul 2022,2022-07-29,8750000,"£8,750,000",,,13,,,,,,,,,,"Farm property at La Rue du Pont, St John. Marketed by Savills Jersey (ref JES210043). ~6,219 sq ft, 4 en-suite bedrooms in main house plus 2-bed garden cottage. YouTube video 'Le Pont Farm, St John (Sold)' confirms marketing. Sold Jul 2022 for £8.75m. Savills site returns 403; asking price not recovered."
Roche Mouette (previously California),La Rue du Grouet,St. Brelade,29 Jul 2022,2022-07-29,4400000,"£4,400,000",,,13,,,,,,,,,,"La Rue du Grouet, St Brelade. Previously named California. No agent listed. No listing or brochure found."
Oakbey Court,La Route du Fort,St. Helier,22 Jul 2022,2022-07-22,3250000,"£3,250,000",,,13,,,,,,,,,,"Oakbey Court, La Route du Fort, St Helier JE2 4PA. Sold Jul 2022 for £3,250,000. Multiple individual flat addresses confirmed (Flat 4, Flat 6 etc). Likely an investment block sale. No commercial/investment listing or asking price found."
Somerleigh (formerly known as Suisse Paradis),.,St. Martin,15 Jul 2022,2022-07-15,2500000,"£2,500,000",,,13,,,,,,,,,,no listing data found in any source
L'Onadas,"5 Le Pont Marquet Drive, La Petite Route des Mielles",St. Brelade,15 Jul 2022,2022-07-15,2700000,"£2,700,000",,,13,,,,,,,,,,no listing data found in any source
3 Palm Drive,La Rue Voisin,St. Brelade,8 Jul 2022,2022-07-08,2450000,"£2,450,000",Thompson Lettings,thompson-estates,13,,,,,,,,,,no listing data found in any source
Catelet House,"1 Le Catelet, La Route de St Jean",St. John,1 Jul 2022,2022-07-01,4150000,"£4,150,000",Savills,savills,13,,,,,,,,,,"1 Le Catelet, La Route de St Jean, St John JE3 4EN. Agent: Savills Jersey. 6-bed, approx 6,500 sqft, new build completed end 2020. South-facing garden. Asking price not found in search results. Sold July 2022 for £4,150,000."
Aylmer Farm,Le Chemin de Herupe,St. John,1 Jul 2022,2022-07-01,2350000,"£2,350,000",Gaudin & Co,gaudin-and-co,14,,,,,,,,,,no listing data found in any source
The Townhouse Public House,"57, 57 1/2 and 59 New Street, 11 Craig Street",St. Helier,1 Jul 2022,2022-07-01,2100000,"£2,100,000",,,14,,,,,,,,,,no listing data found in any source
"2,4 and 6 Church Street",.,St. Helier,1 Jul 2022,2022-07-01,2500000,"£2,500,000",,,14,,,,,,,,,,no listing data found in any source
Vincent Hall,La Rue du Haut de l'Orme,Trinity,24 Jun 2022,2022-06-24,2000000,"£2,000,000",Maillard & Co,maillardandco,14,,,,,,,,,,no listing data found in any source
Maison d'Or,La Rue au Moestre,St. Brelade,24 Jun 2022,2022-06-24,21500000,"£21,500,000",,,14,,,,,,,,,https://www.broadlandsjersey.com/property/maison-dor/,"St Aubin; Broadlands (Nigel Hurst). Sold £21.5m in 2022; RE-LISTED 2025/26 at guide £28m (a +30% markup, not a discount). See JEP 2025-10-29."
Gulfstream,"La Charriere re a Sablon, Le Chemin de Moulin",St. Ouen,17 Jun 2022,2022-06-17,8080000,"£8,080,000",,,14,,,,,,,,,,"Property at La Charriere re a Sablon / Le Chemin de Moulin, St Ouen. No agent listed. No public listing found. Sold £8,080,000 June 2022."
Belle Hougue,La Route des Cotes du Nord,Trinity,10 Jun 2022,2022-06-10,2170000,"£2,170,000",Benest Estates,benest-estates,14,,,,,,,,,,no listing data found in any source
Prairie Lodge,La Grande Route des Mielles,St. Ouen,20 May 2022,2022-05-20,2000000,"£2,000,000",,,14,,,,,,,,,,no listing data found in any source
Amberley,La Rue du Rue,St. Martin,13 May 2022,2022-05-13,2000000,"£2,000,000",,,14,,,,,,,,,,no listing data found in any source
Apartment 3,"The Atrium, Le Mont Gras d'Eau",St. Brelade,13 May 2022,2022-05-13,3500000,"£3,500,000",,,14,,,,,,,,,,"Apartment 3, The Atrium, Le Mont Gras d'Eau, St Brelade. No agent listed in data. The Atrium is a luxury development at Le Mont Gras d'Eau. A Savills brochure PDF for Le Mont Gras d'Eau at guide price £4,250,000 exists (JES230071) but is for a different property. Could not confirm asking price for Apt 3 specifically."
La Cigale,La Rue du Douet,St. Ouen,6 May 2022,2022-05-06,2500000,"£2,500,000",Savills,savills,14,,,,,,,,,,no listing data found in any source
Treetops (formerly known as 'Domaine de St Laurent' and before  ...,Les Charrieres Nicolle,St. Lawrence,6 May 2022,2022-05-06,2500000,"£2,500,000",Savills,savills,14,,,,,,,,,,no listing data found in any source
La Grand Catelet (formerly 'La Maison du Castelet'),La Route de St Jean,St. John,6 May 2022,2022-05-06,2800000,"£2,800,000",,,14,,,,,,,,,,no listing data found in any source
La Heche (formerly known as Ingleside),La Rue du Flicquet,St. Martin,29 Apr 2022,2022-04-29,2800000,"£2,800,000",,,14,,,,,,,,,,no listing data found in any source
Cote de la Rigondaine,La Rigondaine,Grouville,29 Apr 2022,2022-04-29,2000000,"£2,000,000",Gaudin & Co,gaudin-and-co,14,,,,,,,,,,no listing data found in any source
2 Windward,La Neuve Route,St. Brelade,29 Apr 2022,2022-04-29,4636000,"£4,636,000",,,14,,,,,,,,,https://media.onthemarket.com/properties/10099582/1352749880/document-0.pdf,"La Neuve Route, St Brelade. OTM brochure PDF found but binary not parseable. Savills listing gbjsrsjes220061 for La Neuve Route property found. Asking price not confirmed."
"Firstly, the house known as Vicart","with the following lands Le Jardin  ..., secondly, certain land known as En  ...",St. Lawrence,22 Apr 2022,2022-04-22,2792789,"£2,792,789",,,14,,,,,,,,,,no listing data found in any source
Westcroft (formerly Maydencroft and before that Camelot),La Rue Voisin,St. Brelade,22 Apr 2022,2022-04-22,2700000,"£2,700,000",,,14,,,,,,,,,,no listing data found in any source
Cinders House (previously called La Maison Brulee),La Rue de Sorel,St. John,8 Apr 2022,2022-04-08,3150000,"£3,150,000",Broadlands,broadlands,14,,,,,,,,,,"Agent: Broadlands. Address: La Rue de Sorel, St. John. No public listing or brochure found. La Rue de Sorel has a separate 10-bed property at £10.95m (different property)."
Vers Soleil,La Grande Route des Sablons,Grouville,8 Apr 2022,2022-04-08,5500000,"£5,500,000",Savills,savills,14,,,,,,,,,https://assets.savills.com/properties/GBJSRSJES200198/JES200198_JES21000347.PDF,"La Grande Route des Sablons, Grouville JE3 9FP. Sold Apr 2022 for £5,500,000. Savills agent. Listed POA. 6 beds, 8 baths, ~6,825 sq ft. On the waterfront at Le Bourg with steps to beach, unobstructed sea views. Savills PDF JES200198 may relate to this property."
"Firstly, a certain house bearing the number 21 Esplanade","with the land to the rear thereof;  ..., secondly, a certain house bearing  ...",St. Helier,8 Apr 2022,2022-04-08,4500000,"£4,500,000",,,15,,,,,,,,,,"21 Esplanade, St Helier — likely commercial office. No agent listed. No residential or commercial listing found."
Le Petit Bosquet Care Home,La Rue de Haut,St. Lawrence,1 Apr 2022,2022-04-01,5878093,"£5,878,093",,,15,,,,,,,,,,"Care home — Le Petit Bosquet Care Home, La Rue de Haut, St Lawrence. Commercial/care sector transaction April 2022. No residential listing applicable."
Les Rosiers,La Rue du Pontlietaut,St. Clement,25 Mar 2022,2022-03-25,2200000,"£2,200,000",,,15,,,,,,,,,,no listing data found in any source
Spencer Close and Spencer Close Lodge (formerly 5 St Lukes Villas),Beach Road,St. Saviour,18 Mar 2022,2022-03-18,16150000,"£16,150,000",,,15,,,,,,,,,,"Residential apartment block and lodge sold by Rockwood Investments to Andium Homes (States social housing provider) as a tenant rescue deal. Spencer Close sold for ~£15m, Spencer Close Lodge for ~£1.15m. Not a conventional open-market listing; no public asking price or brochure found."
Seacroft and Pinewood,La Grande Route de la Cote,St. Clement,18 Mar 2022,2022-03-18,3000000,"£3,000,000",,,15,,,,,,,,,,"Address: La Grande Route de la Cote, St. Clement. No agent listed. No public listing found."
Le Lavandage (formerly Portmeirion),Le Mont de la Rocque,St. Brelade,18 Mar 2022,2022-03-18,3070000,"£3,070,000",Hunt Estates,hunt-estates,15,3650000,"£3,650,000",https://www.onthemarket.com/details/18276343/ ; https://property.jerseyeveningpost.com/details/22217598,,,,-580000,-15.9,https://loopcrm.b-cdn.net/brochures/4204a40b-99b1-4bd5-6224-08ddbe2b7789/1213269/Brochure---La-Lavandage-SALE.pdf,"Agent: Hunt Estates (listing by Hunt Estates St. Helier). Address: Le Mont de la Rocque / La Lavandage, St Brelade, JE3 8BQ. Asking price £3,650,000. 3 bedrooms all ensuite. 2,975 sqft. Panoramic views over St Aubin's Bay. Also re-listed via Savills (JES230152) at £3,650,000 with 4 beds (2025 listing - possibly renovated). Sold March 2022 for £3,070,000."
Ashley House,St Saviour's Hill,St. Saviour,11 Mar 2022,2022-03-11,2650000,"£2,650,000",,,15,,,,,,,,,,no listing data found in any source
Deauville,9 Petite Route de Campagne,St. Peter,11 Mar 2022,2022-03-11,2600000,"£2,600,000",,,15,,,,,,,,,,no listing data found in any source
St Lawrence Villa,La Rue Verte,St. Lawrence,25 Feb 2022,2022-02-25,2175000,"£2,175,000",Livingroom,livingroom,15,,,,,,,,,,no listing data found in any source
Carteret House,"(formally a restaurant and cafe  ..., Havre de Rozel",St. Martin,4 Feb 2022,2022-02-04,8750000,"£8,750,000",Broadlands,broadlands,15,,,,,,,,,,A £22m figure for Carteret House is likely a later/whole re-listing; not reliably comparable to this £8.75m sale.
Erin Villa (to be known as Villa de la Cote),La Grande Route de la Cote,St. Clement,4 Feb 2022,2022-02-04,2850000,"£2,850,000",,,15,,,,,,,,,,no listing data found in any source
Le Recif (built in replacement of a house formerly known as La  ...,La Route de la Cote,St. Martin,28 Jan 2022,2022-01-28,3300000,"£3,300,000",Livingroom,livingroom,15,,,,,,,,,,"Le Recif at La Route de la Cote, St Martin. Brand new luxury build overlooking Archirondel, east coast. 4 beds, 3 baths, gated entrance, wrap-around terraces, lawned gardens, sea views. Developed by Colony Properties/Fosse Construction. Marketed by Livingroom. Sold Jan 2022 for £3.3m. Asking price not found in accessible sources."
Clos de la Blanche Pierre (formerly known as La Folie),La Rue de la Blanche Pierre,St. Lawrence,28 Jan 2022,2022-01-28,10125000,"£10,125,000",,,15,,,,,,,,,,"Property at La Rue de la Blanche Pierre, St Lawrence. Later Savills listings (JES230132, JES240128) show the road but these are likely subsequent listings. No pre-sale asking price found for the Jan 2022 sale. Sold for £10.125m. No brochure found."
Nord du Champ,"with a certain piece of land being  ..., La Grande Route de St Clement",St. Clement,28 Jan 2022,2022-01-28,2000000,"£2,000,000",,,15,,,,,,,,,,no listing data found in any source
Pine Grove,La Rue du Pont Marquet,St. Brelade,28 Jan 2022,2022-01-28,2475000,"£2,475,000",Broadlands,broadlands,15,,,,,,,,,,no listing data found in any source
Cour de la Reine,"together with the building known as  ..., La Grande Route de Faldouet",St. Martin,21 Jan 2022,2022-01-21,2500000,"£2,500,000",Broadlands,broadlands,15,,,,,,,,,,no listing data found in any source
Hautmont and Hautmont Cottage,La Rue de la Mare des Pres,St. John,14 Jan 2022,2022-01-14,2065000,"£2,065,000",Bridle Estates,bridle-estates,15,,,,,,,,,,no listing data found in any source
Homefields,La Grande Route de St Clement,St. Clement,7 Jan 2022,2022-01-07,2625000,"£2,625,000",Slomans,slomans,15,,,,,,,,,,no listing data found in any source
Ronceville,La Route du Fort,St. Saviour,24 Dec 2021,2021-12-24,2000000,"£2,000,000",,,15,,,,,,,,,,no listing data found in any source
"Hotel Revere and Doran's Courtyard Bistro (previously 1, 2 and 3  ...",Kensington Place,St. Helier,17 Dec 2021,2021-12-17,2500000,"£2,500,000",,,15,,,,,,,,,,no listing data found in any source
Mayfair Hotel,St Saviour's Road,St. Helier,17 Dec 2021,2021-12-17,3650000,"£3,650,000",,,16,,,,,,,,,,"Commercial hotel sale. Mayfair Hotel, St Saviour's Road, St Helier — 222 beds. Sold to developers (Dandara) who lodged application for 104 apartments. No residential listing/brochure found. Asking price not confirmed."
Stafford Hotel (formerly being the house bearing the number 14  ...,14 Kensington Place,St. Helier,17 Dec 2021,2021-12-17,4400000,"£4,400,000",,,16,,,,,,,,,,"14 Kensington Place, St Helier. Commercial hotel property. No residential listing. No asking price or agent found."
The Hampshire Hotel,53 Val Plaisant (formerly known as  ...,St. Helier,17 Dec 2021,2021-12-17,3295000,"£3,295,000",,,16,,,,,,,,,,"The Hampshire Hotel at 53 Val Plaisant, St Helier – commercial hotel property. Sold Dec 2021 for £3,295,000. No residential brochure or asking price applicable. Skip as commercial transaction."
Park Avenue Apartments (formerly The Halberton Hoteland before  ...,West Park Avenue,St. Helier,10 Dec 2021,2021-12-10,2411000,"£2,411,000",,,16,,,,,,,,,,no listing data found in any source
Firstly a certain house known as Domaine de la Valette (formerly  ...,"secondly a certain piece of land  ..., and a certain piece of land known  ...",St. John,3 Dec 2021,2021-12-03,7460000,"£7,460,000",,,16,,,,2021-09-18,https://jerseyeveningpost.com/news/2023/03/13/sellers-drop-price-of-would-be-record-breaking-mansion/,76,,,https://issuu.com/livingroomestateagents/docs/domaine_de_la_valette,Whole Domaine de la Valette estate guided £39.95m (2021)->£32m; this £7.46m was a SUB-PARCEL (2 apartments + cottage) — not comparable.
Maison De La Pere (formerly known as La Renaissance),La Rue du Genestet,St. Clement,3 Dec 2021,2021-12-03,2450000,"£2,450,000",Thompson Lettings,thompson-estates,16,,,,,,,,,,no listing data found in any source
Aux Chenolles (formerly known as Chennells and before then  ...,Valley Road,St. Brelade,3 Dec 2021,2021-12-03,4800000,"£4,800,000",,,16,,,,,,,,,https://media.onthemarket.com/properties/8862954/1304833232/document-0.pdf,"Les Ruisseaux, St Brelade JE3 8DD. 3-bed detached. Agent: Fine & Country Jersey. Original asking price not found in search results. OTM brochure PDF found but binary not parseable via WebFetch."
Les Grillons,La Rue du Pont Marquet,St. Brelade,3 Dec 2021,2021-12-03,6500000,"£6,500,000",,,16,,,,,,,,,,"La Rue du Pont Marquet, St Brelade. No agent listed. No public listing or asking price found. Sold £6,500,000 December 2021."
Walnut Farm and Walnut Farm Cottage,La Route de Maufant,St. Saviour,19 Nov 2021,2021-11-19,2150000,"£2,150,000",Fine & Country,fine-and-country,16,,,,,,,,,,no listing data found in any source
Sous le Moulin,La Rue du Moulin,St. Martin,19 Nov 2021,2021-11-19,2950000,"£2,950,000",Fine & Country,fine-and-country,16,,,,,,,,,,no listing data found in any source
Share 8,"Maison Martel, La Rue du Crocquet",St. Brelade,19 Nov 2021,2021-11-19,3250000,"£3,250,000",Fine & Country,fine-and-country,16,,,,,,,,,,"Share 8 at Maison Martel, La Rue du Crocquet, St Brelade. Sold Nov 2021 for £3,250,000 via Fine & Country. La Rue du Crocquet properties include 2-4 bed homes at £995k–£1.995m (much smaller shares). This is a fractional share (share 8 of likely a large estate). No asking price or brochure found for this specific share transaction."
The Oaks,La Route de l'Eglise,St. Mary,12 Nov 2021,2021-11-12,2389000,"£2,389,000",,,16,,,,,,,,,,no listing data found in any source
Rose Farm and Rose Farm Cottage,"Clos de la Ferme Rose, La Rue de la Pigeonnerie",St. Brelade,12 Nov 2021,2021-11-12,3315000,"£3,315,000",Fine & Country,fine-and-country,16,3595000,"£3,595,000","OnTheMarket 14397703 (Hunt Estates listing for 1 Clos De La Ferme Rose, La Rue De La Pigeonnerie); brochure via huntesta.agentpro53.co.uk",,,,-280000,-7.8,https://huntesta.agentpro53.co.uk/ipm/property_docs/2809-PRA11120-webbro-4.pdf,"Rose Farm and Rose Farm Cottage at Clos de la Ferme Rose, La Rue de la Pigeonnerie, St Brelade JE3 8DE. Originally listed by Fine & Country (2021 sale); later relisted via Hunt Estates at £3,595,000 with 5 beds/~4,800 sq ft. Sold Nov 2021 for £3,315,000. The Hunt Estates brochure PDF is the best available. Original Fine & Country asking price not confirmed – the £3,595,000 Hunt listing may be a re-marketing."
Maison des Croix,La Route d'Ebenezer,Trinity,5 Nov 2021,2021-11-05,2100000,"£2,100,000",,,16,,,,,,,,,,no listing data found in any source
Les Martinets (formerly Hill Court),La Rue de Haut,St. Brelade,5 Nov 2021,2021-11-05,2290000,"£2,290,000",,,16,,,,,,,,,,no listing data found in any source
La Quatrieme,La Rue des Pres,St. Ouen,29 Oct 2021,2021-10-29,2200000,"£2,200,000",Gaudin & Co,gaudin-and-co,16,,,,,,,,,,no listing data found in any source
La Maison de Leoville,Le Mont de la Greve de Lecq,St. Ouen,29 Oct 2021,2021-10-29,2000000,"£2,000,000",,,16,,,,,,,,,,no listing data found in any source
Mont Sur Mer,Le Mont de la Guerande,St. Martin,29 Oct 2021,2021-10-29,2000000,"£2,000,000",Slomans,slomans,16,,,,,,,,,,no listing data found in any source
Valmont,La Rue St Julien,St. Martin,29 Oct 2021,2021-10-29,8500000,"£8,500,000",Hunt Estates,hunt-estates,16,,,,,,,,,,"Hunt Estates listed. No public listing or brochure found via web search. Property at La Rue St Julien, JE3 6HL. No asking price recoverable."
Ardmore House (formerly known as Les Ormes),La Rue de la Chesnaie,St. John,29 Oct 2021,2021-10-29,5500000,"£5,500,000",,,16,,,,,,,,,,"La Rue de la Chesnaie, St John. Sold Oct 2021 for £5,500,000. No agent listed. No public listing found."
La Chapelle de Ste Marguerite,La Route des Cotils,Grouville,29 Oct 2021,2021-10-29,2410000,"£2,410,000",,,17,,,,,,,,,,no listing data found in any source
Prairie Point,La Grande Route des Mielles,St. Ouen,15 Oct 2021,2021-10-15,2075000,"£2,075,000",Broadlands,broadlands,17,,,,,,,,,,no listing data found in any source
Le Picachon (formerly South View),La Grande Rue,St. Mary,15 Oct 2021,2021-10-15,2200000,"£2,200,000",,,17,,,,,,,,,,no listing data found in any source
Whitton Grange,La Route des Issues,St. John,15 Oct 2021,2021-10-15,5775000,"£5,775,000",,,17,5995000,"£5,995,000 (guide; later relisted at £6,500,000)",https://search.savills.com/je/en/property-detail/gbjsrsjes220203 | https://assets.savills.com/properties/GBJSRSJES180082/JES180082_JES20000578.PDF,,,,-220000,-3.7,https://assets.savills.com/properties/GBJSRSJES180082/JES180082_JES20000578.PDF https://assets.savills.com/properties/GBJSRSJES220203/JES220203_JES23000337.PDF,"Sold Oct 2021 for £5,775,000. Savills JES180082 is the original listing; JES220203 is the relisting at £6,500,000 guide. Property has 5-bed main house + 2-bed cottage. ~9,705 sq ft. Price at time of 2021 sale estimated at £5,995,000 (multiple sources cite this as guide before reduction)."
Le Feugerel de la Marquanderie (previously La Fontaine David and  ...,La Marquanderie,St. Brelade,15 Oct 2021,2021-10-15,2850000,"£2,850,000",Fine & Country,fine-and-country,17,,,,,,,,,,no listing data found in any source
Veslet Lodge (formerly known as 3 Ville-au-Veslet),Le Mont Sorsoleil,St. Lawrence,8 Oct 2021,2021-10-08,5625000,"£5,625,000",Fine & Country,fine-and-country,17,5980000,"£5,980,000",https://www.onthemarket.com/details/12711147/ | https://www.livingroomproperty.com/buy/property/2801 | https://issuu.com/livingroomestateagents/docs/veslet_lodge_lookbook,,,,-355000,-5.9,https://issuu.com/livingroomestateagents/docs/veslet_lodge_lookbook,"Sold Oct 2021 for £5,625,000. Listed at £5,980,000 (OnTheMarket / Livingroom). Earlier OTM listing at £7,500,000 also found. 6 beds, 8,281 sq ft approx. Le Mont Sorsoleil, St Lawrence. Livingroom estate agents. Issuu lookbook brochure available."
Le Val Lodge (formerly Sea View House),La Route des Genets,St. Brelade,8 Oct 2021,2021-10-08,11850000,"£11,850,000",Livingroom,livingroom,17,,,,,,,,,https://media.onthemarket.com/properties/8978663/1352426914/document-0.pdf,"Coastal residence at La Route des Genets, St Brelade, marketed by Livingroom Estate Agents. Extensively remodelled 2017. Features 14m infinity pool, tennis court. Sea views over Ouaisne and St Brelade's Bay from all principal rooms. Asking price listed as POA on Livingroom site. Sold Oct 2021 for £11.85m. Issuu brochure available. OTM brochure PDF: media.onthemarket.com/properties/8978663/1352426914/document-0.pdf."
Ville-Es-Normans-Farm,La Neuve Route,Trinity,1 Oct 2021,2021-10-01,2450000,"£2,450,000",Livingroom,livingroom,17,,,,,,,,,,no listing data found in any source
Armor,Pontac Common,St. Clement,1 Oct 2021,2021-10-01,2245000,"£2,245,000",,,17,,,,,,,,,,no listing data found in any source
Morningside,Le Chemin de Beau Port,St. Brelade,1 Oct 2021,2021-10-01,5507000,"£5,507,000",,,17,,,,,,,,,,"Le Chemin de Beau Port, St Brelade, sold Oct 2021 £5,507,000. No agent listed. Beauport is a coastal area so sea view likely. No public listing or brochure found within search budget."
Le Jardin Mure (formerly Peacock Farm),La Rue de la Piece Mauger,Trinity,24 Sep 2021,2021-09-24,2450000,"£2,450,000",,,17,,,,,,,,,,no listing data found in any source
La Blinerie,La Rue de la Blinerie,St. Clement,24 Sep 2021,2021-09-24,2351250,"£2,351,250",,,17,,,,,,,,,,no listing data found in any source
High View (formerly known as Edgecliffe),"Park Estate, La Route des Genets",St. Brelade,24 Sep 2021,2021-09-24,6750000,"£6,750,000",,,17,,,,,,,,,,"Park Estate, La Route des Genets, St Brelade. No agent listed. No public listing or asking price found. Sold £6,750,000 September 2021. Park Estate is a sought-after coastal enclave near St Brelade's Bay."
A certain building,"bearing the numbers 7 and 9 Conway  ..., comprising offices, shops, toilet,  ...",St. Helier,24 Sep 2021,2021-09-24,2450000,"£2,450,000",,,17,,,,,,,,,,no listing data found in any source
3 Les Residences,La Grande Route de la Cote,St. Martin,3 Sep 2021,2021-09-03,2350000,"£2,350,000",,,17,,,,,,,,,,no listing data found in any source
Les Landes Lodge,Le Mont des Landes,St. Martin,3 Sep 2021,2021-09-03,2300000,"£2,300,000",Hunt Estates,hunt-estates,17,,,,,,,,,,no listing data found in any source
Le Manoir,"4 Les Beaux Champs, La Route d'Ebenezer",Trinity,27 Aug 2021,2021-08-27,2900000,"£2,900,000",,,17,,,,,,,,,,no listing data found in any source
Surguy Farm,La Rue des Vignes,St. Peter,27 Aug 2021,2021-08-27,2690000,"£2,690,000",Livingroom,livingroom,17,,,,,,,,,,no listing data found in any source
Bandinel,La Cache des Demoiselles Bandinel,St. Martin,27 Aug 2021,2021-08-27,3900000,"£3,900,000",,,17,,,,,,,,,,"Bandinel, La Cache des Demoiselles Bandinel, St Martin, JE3 6BA. Sold 2021-08-27 for £3,900,000. No agent listed. No listing or brochure found."
Les Pieces (formerly Les Pieces Cottage),La Rue des Huriaux,St. Martin,27 Aug 2021,2021-08-27,2995000,"£2,995,000",Broadlands,broadlands,17,,,,,,,,,,no listing data found in any source
Century House,Le Canibut,St. John,27 Aug 2021,2021-08-27,4300000,"£4,300,000",Broadlands,broadlands,18,4995000,"£4,995,000",https://www.broadlandsjersey.com/property/century-buildings/,,,,-695000,-13.9,https://assets.savills.com/properties/GBJSRSJES170248/JES170248_JES18000099.PDF,"Le Canibut, St John JE3 4AD. Agent: Broadlands (sold 2021); Savills also listed previously. 8-bed country estate, 15,000 sqft, 40 vergees land with pool, sauna, hot tub. Savills PDF brochure found (JES170248). Asking price £4,995,000 from search results. Sold for £4,300,000."
Waters Edge,La Rue de la Forge,Grouville,27 Aug 2021,2021-08-27,2600000,"£2,600,000",,,18,,,,,,,,,,no listing data found in any source
Apartment 6/6,"The Curlew, La Rue Voisin",St. Brelade,27 Aug 2021,2021-08-27,3500000,"£3,500,000",,,18,,,,,,,,,,"Apartment 6/6, The Curlew, La Rue Voisin, St Brelade. OnTheMarket listing found for The Curlew at £2,250,000 (3 beds) but this appears to be a different/later unit listing. No agent listed for this sale. Could not confirm specific asking price for 6/6."
Cresta,Le Mont de la Rocque,St. Brelade,20 Aug 2021,2021-08-20,4000000,"£4,000,000",Broadlands,broadlands,18,,,,,,,,,,"Cresta, Le Mont de la Rocque, St Brelade. Sold by Broadlands 2021-08-20 for £4,000,000. No active listing or archived listing found. Search results for Le Mont de la Rocque return other properties but not Cresta specifically."
Parkfield House (formerly Clos de la Pommeraie previously Le  ...,La Rue de Deloraine,St. Saviour,20 Aug 2021,2021-08-20,2695000,"£2,695,000",Livingroom,livingroom,18,,,,,,,,,,no listing data found in any source
Maison Aleval,La Rue du Petit Aleval,St. Peter,13 Aug 2021,2021-08-13,2600000,"£2,600,000",Fine & Country,fine-and-country,18,,,,,,,,,,no listing data found in any source
Avranche Farm,La Ruette d'Avranches,St. Lawrence,13 Aug 2021,2021-08-13,2900000,"£2,900,000",,,18,,,,,,,,,,no listing data found in any source
Le Potager,La Rue du Coin,St. Ouen,6 Aug 2021,2021-08-06,2000000,"£2,000,000",,,18,,,,,,,,,,no listing data found in any source
Le Petit Clos du Rey,La Rue du Champ du Rey,St. Martin,6 Aug 2021,2021-08-06,2100000,"£2,100,000",Broadlands,broadlands,18,,,,,,,,,,no listing data found in any source
Flicquet House (formerly known as Flicquet),La Rue du Flicquet,St. Martin,6 Aug 2021,2021-08-06,3600000,"£3,600,000",,,18,3500000,"£3,500,000",https://www.onthemarket.com/details/10176461/ | https://www.ukpostcodecheck.com/address/ab6add41/flicquet-house_la-rue-du-flicquet_st.-martin_jersey_je3-6bp,,,,100000,2.9,,"Flicquet House, La Rue Du Flicquet, St Martin, JE3 6BP. Listed via Livingroom Jersey at £3,500,000 (likely the original asking price before the Aug 2021 sale at £3.6m). 7 bedrooms, sea views over St Catherine's breakwater towards Normandy. Property in same ownership 34+ years, dates to early 18th century, indoor heated swimming pool. No brochure PDF found."
Amp Golf,"The Pavilions, La Route de Beaumont",St. Peter,30 Jul 2021,2021-07-30,2384589,"£2,384,589",,,18,,,,,,,,,,no listing data found in any source
Le Manoir de Vinchelez de Haut,"secondly,  all the issues belonging  ..., thirdly, a certain bank which joins  ...",St. Ouen,30 Jul 2021,2021-07-30,11250000,"£11,250,000",,,18,,,,,,,,,,"Grade II listed Regency manor in St Ouen, marketed by Savills Jersey (ref GBJSRSJES180180). Set in 35 vergees of land. Historic manor dating to 12th century with authentic fireplaces, marble bathrooms. Savills listing confirmed but asking price not publicly displayed (likely POA). Sold Jul 2021 for £11.25m."
La Flotte,10 Petite Route de Campagne,St. Peter,23 Jul 2021,2021-07-23,2650000,"£2,650,000",,,18,,,,,,,,,,no listing data found in any source
La Maison du Mont,"(formerly called Balgona), La Rue de la Blanche Pierre",St. Lawrence,16 Jul 2021,2021-07-16,3500000,"£3,500,000",Broadlands,broadlands,18,,,,,,,,,,"La Maison du Mont (formerly Balgona), La Rue de la Blanche Pierre, St Lawrence, JE3 1EX. Sold 2021-07-16 at £3.5m via Broadlands. Planning permission for palatial mansion of approx 13,000 sqft with panoramic views over St Aubin Bay. 5 bedrooms in planning. Savills later re-listed (JES230132). No original Broadlands asking price recovered."
"4 King Street and 11, 13 and 15 Halkett Place",.,St. Helier,16 Jul 2021,2021-07-16,2450000,"£2,450,000",,,18,,,,,,,,,,no listing data found in any source
Ville au Veslet,La Rue Rouge Cul,St. Lawrence,9 Jul 2021,2021-07-09,3050000,"£3,050,000",,,18,,,,,,,,,,"Address: La Rue Rouge Cul, St. Lawrence, JE3 1NP. No agent listed in sale record. No public listing found. Livingroom estate agents listed nearby Veslet Lodge (6 beds, 8,281 sqft, sold) but that is a different property."
Les Niemes (formerly known as La Neuve Maison des Niemes),La Grande Route de St Pierre,St. Peter,2 Jul 2021,2021-07-02,6800000,"£6,800,000",,,18,,,,,,,,,,"Les Niemes, La Grande Route De St Pierre, JE3 7AX. Savills listing JES190048 found but PDF (410 Gone). No asking price or brochure recoverable. Sold £6,800,000 July 2021."
4 Les Residences,Gorey Coast Road,St. Martin,2 Jul 2021,2021-07-02,2420000,"£2,420,000",Hunt Estates,hunt-estates,18,,,,,,,,,,no listing data found in any source
Greenwood,"Le Clos de Bauche, La Route de Beaumont",St. Peter,25 Jun 2021,2021-06-25,2000000,"£2,000,000",Benest Estates,benest-estates,18,,,,,,,,,,no listing data found in any source
Melrose (formerly known as Lucero),La Route Orange,St. Brelade,25 Jun 2021,2021-06-25,3890000,"£3,890,000",Broadlands,broadlands,18,,,,,,,,,,"Melrose (formerly known as Lucero), La Route Orange, St Brelade. Sold by Broadlands 2021-06-25 for £3,890,000. Note: the Broadlands 'Melrose' development at La Route Orange is a new 2025 eco-home scheme — the sold property 'Melrose (formerly Lucero)' is a separate pre-existing house. No archived listing with asking price found for the 2021 sale."
Beau Vallon,"with the outbuildings, yards,  ..., Le Jardin a Potage, Le Jardin a  ...",St. Peter,18 Jun 2021,2021-06-18,2800000,"£2,800,000",,,19,,,,,,,,,,no listing data found in any source
Le Bouillon,La Rue des Landes,St. Brelade,18 Jun 2021,2021-06-18,3250000,"£3,250,000",,,19,,,,,,,,,,"Le Bouillon, La Rue des Landes, St Brelade JE3 8BU. Sold Jun 2021 for £3,250,000. No agent identified in the land transaction. No pre-sale listing or asking price found."
Le Domaine,"3 Les Beaux Champs, La Route d'Ebenezer",Trinity,11 Jun 2021,2021-06-11,2625000,"£2,625,000",,,19,,,,,,,,,,no listing data found in any source
Le Ruisseaux Lodge (formerly Tree Tops and previously Malaya),Les Ruisseaux,St. Brelade,11 Jun 2021,2021-06-11,2750008,"£2,750,008",,,19,,,,,,,,,,no listing data found in any source
Seasons,La Route des Cotes du Nord,Trinity,4 Jun 2021,2021-06-04,2625000,"£2,625,000",Broadlands,broadlands,19,,,,,,,,,,no listing data found in any source
Green Roofs,La Grande Route de la Cote,St. Clement,4 Jun 2021,2021-06-04,2100000,"£2,100,000",,,19,,,,,,,,,,no listing data found in any source
Craigellachie,La Charriere Huet,St. Ouen,28 May 2021,2021-05-28,3750000,"£3,750,000",,,19,,,,,,,,,,"Craigellachie, La Charriere Huet, St Ouen, JE3 2DN. Sold 2021-05-28 for £3,750,000. No agent listed. No listing or brochure found."
Hotel Miramar,Le Mont Gras d'Eau,St. Brelade,28 May 2021,2021-05-28,2350000,"£2,350,000",Broadlands,broadlands,19,,,,,,,,,,no listing data found in any source
Zantara,La Route de Noirmont,St. Brelade,28 May 2021,2021-05-28,5150000,"£5,150,000",,,19,,,,,,,,,https://media.onthemarket.com/properties/8506680/1335451293/document-0.pdf,"Zantara, La Route de Noirmont, St Brelade JE3 8AJ. Sold May 2021 for £5,150,000. OnTheMarket brochure PDF found (image-only). ND Estates listed as agent (site shows sold page but 404). No asking price recovered."
Maison du Hibou (formerly known as Valbella House and La Maison  ...,La Verte Rue,Trinity,21 May 2021,2021-05-21,3000000,"£3,000,000",,,19,,,,,,,,,,"Address: La Verte Rue, Trinity, JE3 5HD. No agent listed. No public listing found. Confirmed address via postcode check. Not to be confused with the nearby Maison de la Valette (the £40m+ property)."
Charleston House (formerly known as Le Haut du Mont),La Rue au Moestre,St. Brelade,21 May 2021,2021-05-21,2875000,"£2,875,000",,,19,,,,,,,,,,no listing data found in any source
Vue de la Mare,Les Hativieaux,St. Ouen,14 May 2021,2021-05-14,2650000,"£2,650,000",Gaudin & Co,gaudin-and-co,19,,,,,,,,,,no listing data found in any source
2 Les Residences,La Route de la Cote,St. Martin,14 May 2021,2021-05-14,2250000,"£2,250,000",Hunt Estates,hunt-estates,19,,,,,,,,,,no listing data found in any source
Baymont,Le Boulevard,St. Brelade,14 May 2021,2021-05-14,3265000,"£3,265,000",Hunt Estates,hunt-estates,19,,,,,,,,,,"Baymont at Le Boulevard, St Brelade JE3 8AB. Hunt Estates confirmed as selling agent (per input data). Property overlooks St Aubin's Bay (sea views). Sold May 2021 for £3,265,000. A later 5-bed Baymont House listing appeared at £9.95m via Gaudin (possibly major development/rebuild after sale). No 2021 asking price or brochure found."
Fontenay,La Rue de la Valeuse,St. Brelade,7 May 2021,2021-05-07,2500000,"£2,500,000",,,19,,,,,,,,,,no listing data found in any source
Beau Pre (formerly Beech Farm),La Grande Route de St Jean,St. John,30 Apr 2021,2021-04-30,2900000,"£2,900,000",Fine & Country,fine-and-country,19,,,,,,,,,,no listing data found in any source
La Rochelle,1 Petite Route de Campagne,St. Peter,23 Apr 2021,2021-04-23,2850000,"£2,850,000",,,19,,,,,,,,,,no listing data found in any source
Plot 6 on part of the property formerly known as the Jersey  ...,"Portelet, La Rue Voisin",St. Brelade,23 Apr 2021,2021-04-23,3200000,"£3,200,000",,,19,,,,,,,,,,"Plot 6 within the former Jersey property (likely Jersey Airlines/Portelet Bay development) at Portelet, La Rue Voisin, St Brelade JE3 8PS. Sold Apr 2021 for £3.2m. Portelet Bay is a high-end development with sea/bay views. OTM showed a 4-bed flat on this road for £3.3m. No specific plot 6 pre-sale listing found."
The Barn,La Rue du Catel,Trinity,16 Apr 2021,2021-04-16,2000000,"£2,000,000",,,19,,,,,,,,,,no listing data found in any source
Beauvoir Cottage,La Rue de Haut,St. Brelade,16 Apr 2021,2021-04-16,2475000,"£2,475,000",,,19,,,,,,,,,,no listing data found in any source
Martello Lodge (formerly known as Martello Cottage),Le Mont Sohier,St. Brelade,16 Apr 2021,2021-04-16,2400000,"£2,400,000",,,20,,,,,,,,,,no listing data found in any source
Le Bocage (formerly 'Les Tisserands'),"with 'Le Clos du Milieu' being the  ..., La Rue de Samares",St. Peter,9 Apr 2021,2021-04-09,2550000,"£2,550,000",Broadlands,broadlands,20,,,,,,,,,,no listing data found in any source
La Fontenelle,La Rue de Bas,St. Lawrence,9 Apr 2021,2021-04-09,3500000,"£3,500,000",Hunt Estates,hunt-estates,20,,,,,,,,,,"La Fontenelle, La Rue de Bas, St Lawrence. Agent: Hunt Estates. ND Estates also shows a sold record for 'La Fontenelle'. Hunt Estates is Christie's International Real Estate affiliate in Jersey. No guide price found for this property."
Val Poucin Cottage,La Rue du Val Poucin,Grouville,26 Mar 2021,2021-03-26,2735000,"£2,735,000",,,20,,,,,,,,,,no listing data found in any source
Broadlands,Princes Tower Road,Grouville,26 Mar 2021,2021-03-26,5750000,"£5,750,000",,,20,,,,,,,,,,"Broadlands estate at Princes Tower Road, Grouville, JE3 9HQ. No public listing or asking price found. Property is the HQ of Broadlands estate agent; may have been off-market. Agent field blank in source data."
Longfield House,"Longfield Avenue, La Route des Genets",St. Brelade,26 Mar 2021,2021-03-26,2350000,"£2,350,000",Broadlands,broadlands,20,,,,,,,,,,no listing data found in any source
EDEN HOUSE (formerly known as 'Travers Farm'),"Travers Farm Lane, La Route de Noirmont",St. Brelade,26 Mar 2021,2021-03-26,31100109,"£31,100,109",,,20,25000000,"£25,000,000",https://www.onthemarket.com/details/9990722/,,,,6100109,24.4,https://media.onthemarket.com/properties/8955312/1335595216/document-0.pdf,"Listed on OnTheMarket at £25,000,000. Approx 16,000 sq ft, 6 bedrooms. Views over south coast bays. Located at Travers Farm Lane, La Route de Noirmont, St Brelade. Sold 2021 for £31.1m (premium over ask). OTM brochure PDF confirmed at media.onthemarket.com/properties/8955312/1335595216/document-0.pdf; also covered by Jersey Evening Post (Oct 2019)."
La Cloture,"with a piece of land in the West  ..., La Route de la Villaise",St. Ouen,19 Mar 2021,2021-03-19,2000000,"£2,000,000",,,20,,,,,,,,,,no listing data found in any source
Bay View (formerly known as 'Somerville House'),Le Mont du Boulevard,St. Brelade,12 Mar 2021,2021-03-12,3300000,"£3,300,000",,,20,,,,,,,,,,"Bay View (formerly Somerville House) at Le Mont du Boulevard, St Brelade. Sold Mar 2021 for £3.3m. The Somerville Hotel is at the same road but is a separate commercial entity. No residential property listing found for this sale."
The Old Station House,La Rue de la Corbiere,St. Brelade,12 Mar 2021,2021-03-12,2000000,"£2,000,000",,,20,,,,,,,,,,no listing data found in any source
"Firstly, the house known as 'Maison de Bas'","Secondly, a certain piece of land  ..., Thirdly, a certain field known as  ...",Trinity,26 Feb 2021,2021-02-26,5600000,"£5,600,000",,,20,,,,,,,,,,"Trinity parish, sold Feb 2021 £5,600,000. Complex conveyance with multiple land parcels. No agent listed. No public listing found — likely off-market or private treaty."
Le Ponterrin Barn,La Rue du Ponterrin,St. Saviour,26 Feb 2021,2021-02-26,2300000,"£2,300,000",Thompson Lettings,thompson-estates,20,,,,,,,,,,no listing data found in any source
La Hougue,Le Catillon,Grouville,19 Feb 2021,2021-02-19,5500000,"£5,500,000",,,20,,,,,,,,,,"Le Catillon, Grouville. Sold Feb 2021 for £5,500,000. No agent listed. No public listing found."
Hotel Alhambra or Hotel Asioli (formerly known as 'Auckland'),Roseville Street,St. Helier,19 Feb 2021,2021-02-19,2450000,"£2,450,000",Maillard & Co,maillardandco,20,,,,,,,,,,no listing data found in any source
La Cache,La Caches des Coupes,St. Ouen,12 Feb 2021,2021-02-12,4400000,"£4,400,000",,,20,,,,,,,,,,"La Caches des Coupes, St Ouen. No agent listed. No listing or brochure found."
Winwood,La Verte Rue,St. Ouen,12 Feb 2021,2021-02-12,2250000,"£2,250,000",Thompson Lettings,thompson-estates,20,,,,,,,,,,no listing data found in any source
New Ways,"Park Estate, La Route des Genets",St. Brelade,12 Feb 2021,2021-02-12,2200000,"£2,200,000",,,20,,,,,,,,,,no listing data found in any source
1 Les Residences,La Route de la Cote,St. Martin,5 Feb 2021,2021-02-05,2300000,"£2,300,000",,,20,,,,,,,,,,no listing data found in any source
Thornhill Farm,La Rue de l'Epine,Trinity,22 Jan 2021,2021-01-22,3100000,"£3,100,000",,,20,3800000,"Guide price £3,800,000",https://assets.savills.com/properties/GBJSRSJES170229/JES170229_JES17001203.PDF,2017-01-01,https://assets.savills.com/properties/GBJSRSJES170229/JES170229_JES17001203.PDF,1482,-700000,-18.4,https://assets.savills.com/properties/GBJSRSJES170229/JES170229_JES17001203.PDF https://media.onthemarket.com/properties/6210022/820668803/document-0.pdf,"Agent: Savills Jersey. Address: La Rue de l'Epine, Trinity, JE3 5AU. Guide price £3,800,000 (Savills ref JES170229, dated 2017). 6 bedrooms all ensuite, ~8,000 sqft. Sea views over Bouley Bay towards France. Sold January 2021 for £3,100,000 — below asking. First listed ~2017 per reference code."
Parasol,"Tabor Heights, La Route des Genets",St. Brelade,22 Jan 2021,2021-01-22,2300000,"£2,300,000",,,20,,,,,,,,,,no listing data found in any source
Francfief Farm (formerly known as 'Franc Fief'),La Rue du Conet,St. Brelade,22 Jan 2021,2021-01-22,2375000,"£2,375,000",,,21,,,,,,,,,,no listing data found in any source
41-43 La Motte Street (previously 3 'Hemery Row'),.,St. Helier,15 Jan 2021,2021-01-15,2150000,"£2,150,000",,,21,,,,,,,,,,no listing data found in any source
La Fallue (formerly known as 'Hillside'),La Rue de la Pouclee et des Quatre  ...,St. Martin,8 Jan 2021,2021-01-08,2900000,"£2,900,000",Spiffy,spiffy,21,,,,,,,,,,no listing data found in any source
Treboule,8 Petite Route de Campagne,St. Peter,18 Dec 2020,2020-12-18,2850000,"£2,850,000",,,21,,,,,,,,,,no listing data found in any source
Le Hezo,4 Petite Route de Campagne,St. Peter,18 Dec 2020,2020-12-18,2500000,"£2,500,000",,,21,,,,,,,,,,no listing data found in any source
The Beaches,La Grande Route de Mielles,St. Ouen,18 Dec 2020,2020-12-18,2100000,"£2,100,000",Livingroom,livingroom,21,,,,,,,,,,no listing data found in any source
1 West Grove Apartments,La Rue de Haut,St. Lawrence,18 Dec 2020,2020-12-18,2750000,"£2,750,000",Hunt Estates,hunt-estates,21,,,,,,,,,,no listing data found in any source
Mill Farm,Le Rue du Moulin,St. Martin,11 Dec 2020,2020-12-11,2850000,"£2,850,000",Hunt Estates,hunt-estates,21,,,,,,,,,,no listing data found in any source
3 Le Catelet (To be known ss Newland House),La Rue d'Enfer,St. John,4 Dec 2020,2020-12-04,2775000,"£2,775,000",,,21,,,,,,,,,,no listing data found in any source
6 Sangatte,La Petite Route de Campagne,St. Peter,4 Dec 2020,2020-12-04,2550000,"£2,550,000",,,21,,,,,,,,,,no listing data found in any source
Seaview,La Grande Route de Faldouet,St. Martin,4 Dec 2020,2020-12-04,3200000,"£3,200,000",Fine & Country,fine-and-country,21,2790000,"£2,790,000",Savills JES230166 (search.savills.com/property-detail/gbjsrsjes230166); OTM 13704760; brochure via savills.fluxpro.io/Brochure/JES230166. Note: this Savills listing is a current/recent re-listing at £2.79m of a 5-bed Georgian house – may be same or different property from the 2020 Fine & Country sale at £3.2m.,,,,410000,14.7,https://savills.fluxpro.io/Brochure/JES230166,"Seaview at La Grande Route de Faldouet, St Martin JE3 6UE. Fine & Country listed as selling agent (per input data). Sold Dec 2020 for £3.2m. The Savills listing JES230166 for this road shows a 5-bed Georgian family home with cottage at £2,790,000 – this appears to be a subsequent/re-listing after the 2020 sale (possibly same property relisted). Brochure URL is for the Savills re-listing. Original Fine & Country asking price (pre-Dec 2020) not confirmed."
12 La Turballe,Petite Route de Campagne,St. Peter,27 Nov 2020,2020-11-27,2500000,"£2,500,000",Fine & Country,fine-and-country,21,,,,,,,,,,no listing data found in any source
First Island House,19 to 21 Peter Street,St. Helier,27 Nov 2020,2020-11-27,3525000,"£3,525,000",,,21,,,,,,,,,https://www.sarreandco.com/wp-content/uploads/2020/09/First-Island-House-Peter-Street.pdf,"Commercial building — First Island House, 19-21 Peter Street, St Helier, JE4 8SG. Office building, also known as registered address for Appleby offshore entities. Brochure/marketing document found via Sarre & Co but PDF returned 404. No residential price data."
3 La Hurette,La Route Orange,St. Brelade,20 Nov 2020,2020-11-20,2000000,"£2,000,000",Gaudin & Co,gaudin-and-co,21,,,,,,,,,,no listing data found in any source
Maufant Manor with Maufant Manor Cottages,"with the following lands 'Le Jardin  ..., 14 pieds; the north-west corner of  ...",St. Saviour,30 Oct 2020,2020-10-30,5300000,"£5,300,000",Hunt Estates,hunt-estates,21,5950000,"£5,950,000",https://www.onthemarket.com/details/9480260/ | https://huntestates.com/properties/area/st-saviour/,,,,-650000,-10.9,,"Maufant Manor, La Route de Maufant, St Saviour JE2 7HX. Sold Oct 2020 for £5,300,000. Hunt Estates agent. OTM listed at £5,950,000. 6 bed main house plus 3-bed and 2-bed cottages. ~74 vergees (33 acres). Georgian style (1837). Christie's International affiliate."
Le Conquet,11 Petite Route de Campagne,St. Peter,30 Oct 2020,2020-10-30,2500000,"£2,500,000",Fine & Country,fine-and-country,21,,,,,,,,,,no listing data found in any source
5 Quiberon,Petite Route de Campagne,St. Peter,30 Oct 2020,2020-10-30,2500000,"£2,500,000",Fine & Country,fine-and-country,21,,,,,,,,,,no listing data found in any source
Waves House,Gorey Coast Road,St. Martin,30 Oct 2020,2020-10-30,3100000,"£3,100,000",Fine & Country,fine-and-country,21,3300000,"£3,300,000","https://fineandcountryjersey.com/sales/62825/ (Fine & Country Jersey, ref FC069)",2020-05-01,"https://fineandcountryjersey.com/sales/62825/ (Fine & Country Jersey, ref FC069)",182,-200000,-6.1,,"Agent: Fine & Country Jersey. Address: Gorey Coast Road, St. Martin. Asking price £3,300,000, listed ~May 2020. 5/6 bedrooms + integral ground floor unit. 180-degree sea views from St Catherine to Gorey Harbour and Grouville Bay. Fine & Country listing FC069 redirects to new site; direct URL no longer active."
Le Senechal,La Rue de la Lourderie,Grouville,30 Oct 2020,2020-10-30,2350000,"£2,350,000",Livingroom,livingroom,21,,,,,,,,,,no listing data found in any source
1 Le Catelet,La Rue d'Enfer,St. John,23 Oct 2020,2020-10-23,3700000,"£3,700,000",Livingroom,livingroom,21,,,,,,,,,,"1 Le Catelet, La Rue d'Enfer, St John, JE3 4AN. Sold by Livingroom 2020-10-23 for £3,700,000. Address confirmed at JE3 4AN. No listing or brochure found. Search result snippet mentions 'Catelet House' with 6 bedroom suites and ~6,500 sq ft but cannot confirm this refers to 1 Le Catelet specifically."
4 Portelet Bay,La Rue Voisin,St. Brelade,23 Oct 2020,2020-10-23,2225000,"£2,225,000",,,22,,,,,,,,,,no listing data found in any source
St Albans,La Rue Voisin,St. Brelade,23 Oct 2020,2020-10-23,2250000,"£2,250,000",,,22,,,,,,,,,,no listing data found in any source
Mont Pellier,"with the buildings, outbuildings,  ..., Le Jardin aux Herbes to the west of  ...",Trinity,16 Oct 2020,2020-10-16,2950000,"£2,950,000",Broadlands,broadlands,22,,,,,,,,,,no listing data found in any source
Le Camelia,2 Le Catelet,St. Helier,2 Oct 2020,2020-10-02,2750000,"£2,750,000",Fine & Country,fine-and-country,22,,,,,,,,,,no listing data found in any source
Le Vallon,"Le Clos du Fief, Le Mont Felard",St. Lawrence,25 Sep 2020,2020-09-25,2737500,"£2,737,500",Hunt Estates,hunt-estates,22,,,,,,,,,,no listing data found in any source
Canning Court,Plat Douet Road,St. Saviour,25 Sep 2020,2020-09-25,2000000,"£2,000,000",,,22,,,,,,,,,,no listing data found in any source
Anjou,"La Verte Rue, La Rue de la Genestiere",St. Martin,11 Sep 2020,2020-09-11,3750000,"£3,750,000",Broadlands,broadlands,22,,,,,,,,,,"Anjou, La Verte Rue / La Rue de la Genestiere, St Martin. Sold by Broadlands 2020-09-11 for £3,750,000. No listing or brochure found."
Glenwhern,"with two small bungalows called  ..., the courtyard to the west and to  ...",Grouville,11 Sep 2020,2020-09-11,2225000,"£2,225,000",Thompson Lettings,thompson-estates,22,,,,,,,,,,no listing data found in any source
A large warehouse,"together with the passages and land  ..., a private road leading to the  ...",St. Helier,28 Aug 2020,2020-08-28,2900000,"£2,900,000",,,22,,,,,,,,,,no listing data found in any source
Le Canne,"formerly known as Khormaksar, La Rue de Grantez",St. Ouen,28 Aug 2020,2020-08-28,2450000,"£2,450,000",,,22,,,,,,,,,,no listing data found in any source
Beau Coin,"with a certain meadow called Le  ..., the remainder of a certain piece of  ...",St. Mary,28 Aug 2020,2020-08-28,2250000,"£2,250,000",,,22,,,,,,,,,,no listing data found in any source
Maison Bel Au Vent (formerly Planters Grove),"with a certain piece of land known  ..., a certain piece of land known as Le  ...",St. Lawrence,21 Aug 2020,2020-08-21,3950000,"£3,950,000",Gaudin & Co,gaudin-and-co,22,4950000,"£4,950,000",https://www.theislandwiki.org/index.php/Bel_au_Vent,,,,-1000000,-20.2,,"Maison Bel Au Vent (formerly Planters Grove), St Lawrence. Sold by Gaudin & Co 2020-08-21 for £3,950,000. Search results indicate it was advertised for £4,950,000 (reportedly in 2017) and sold for £3.8m–£3.95m. Source snippet mentions '£4.95 million in 2017'. Asking price figure taken from search snippet — treat as approximate."
La Clochette (formerly known as Green Farm),"with the wing (formerly  ..., the yard in front of the house and  ...",St. Martin,21 Aug 2020,2020-08-21,3900000,"£3,900,000",Gaudin & Co,gaudin-and-co,22,,,,,,,,,,"La Clochette (formerly known as Green Farm), La Rue de la Clochette, St Martin, JE3 6HA. Sold by Gaudin & Co 2020-08-21 for £3,900,000. No active listing or historical listing with asking price found."
Floriana,La Route de la Haule,St. Brelade,21 Aug 2020,2020-08-21,2820000,"£2,820,000",,,22,,,,,,,,,,no listing data found in any source
Le Fond du Cotil,La Rue du Cap Verd,St. Lawrence,21 Aug 2020,2020-08-21,2550000,"£2,550,000",Broadlands,broadlands,22,,,,,,,,,,no listing data found in any source
28-34 Hill Street,.,St. Helier,14 Aug 2020,2020-08-14,3435000,"£3,435,000",,,22,,,,,,,,,,"28-34 Hill Street, St Helier. No agent listed. Sold 2020-08-14 at £3,435,000. Likely commercial property in St Helier town centre. No listing, brochure, or asking price found in public sources."
Leoville House,"formerly known as Sunnydell, La Route de Vinchelez",St. Ouen,7 Aug 2020,2020-08-07,2350000,"£2,350,000",Livingroom,livingroom,22,,,,,,,,,,no listing data found in any source
Murchison House,"formerly Les Huriaux House, La Route Orange",St. Brelade,24 Jul 2020,2020-07-24,3000000,"£3,000,000",,,22,,,,,,,,,,"Formerly Les Huriaux House. Address: La Route Orange, St. Brelade. No agent listed. No public listing found."
Camelot (formerly Villa Mont Arthur),"with the ownership of a section of  ..., a certain triangular shaped piece  ...",St. Brelade,24 Jul 2020,2020-07-24,2044250,"£2,044,250",Broadlands,broadlands,22,,,,,,,,,,no listing data found in any source
Spion Kop Farm,"with outbuildings, yards, issues  ..., A certain piece of land situated to  ...",St. Ouen,24 Jul 2020,2020-07-24,2150000,"£2,150,000",,,22,,,,,,,,,,no listing data found in any source
La Linniere,"with the piece of land known as Le  ..., the piece of land known as Le Pre  ...",St. Ouen,26 Jun 2020,2020-06-26,9700000,"£9,700,000",,,23,,,,,,,,,,"Contemporary property in heart of Coastal National Park, St Ouen, high above St Ouen's Bay. Over 11,000 sq ft over four floors. Interiors by Bonham & Bonham. Views across Val de la Mare reservoir. No asking price found in public sources. Sold Jun 2020 for £9.7m."
Apartment 8,"The Fulmar, La Rue Voisin",St. Brelade,19 Jun 2020,2020-06-19,2200000,"£2,200,000",Thompson Lettings,thompson-estates,23,,,,,,,,,,no listing data found in any source
A certain piece of land formerly with the house called La Rousse,"(now demolished) with its dependant  ..., Le Mont Sohier",St. Brelade,19 Jun 2020,2020-06-19,2500000,"£2,500,000",,,23,,,,,,,,,,no listing data found in any source
Jersey Bowl,lAvenue de la Reine Elizabeth II,St. Peter,12 Jun 2020,2020-06-12,2500000,"£2,500,000",,,23,,,,,,,,,,no listing data found in any source
Garden Court,La Rue de Haut,St. Brelade,17 Apr 2020,2020-04-17,3500000,"£3,500,000",,,23,,,,,,,,,,"Garden Court, La Rue de Haut, St Brelade. No agent listed in data. Sold 2020-04-17 at £3.5m. Could not find any listing or brochure. A property on La Rue de Haut at £10,950,000 (Wilsons) is different. No asking price confirmed."
Ker Anna House and Ker Anna Cottage,La Rue du Crocquet,St. Brelade,27 Mar 2020,2020-03-27,2750000,"£2,750,000",,,23,,,,,,,,,,no listing data found in any source
La Franchise Farm,"with the offices, outbuildings,  ..., Le Jardin de Devant et a l'Est in  ...",St. Martin,13 Mar 2020,2020-03-13,2400000,"£2,400,000",,,23,,,,,,,,,,no listing data found in any source
Morningside,"formerly known as Riddingwood, Le Chemin de Beau Port",St. Brelade,6 Mar 2020,2020-03-06,4575000,"£4,575,000",,,23,,,,,,,,,,"Le Chemin de Beau Port, St Brelade JE3 8BX. Sold 2020 as Morningside (formerly Riddingwood). Currently relisted as a 5-bed beachfront property at £16m by Broadlands. No agent or asking price for 2020 sale found. Sea view confirmed — beachfront."
La Planque Farm,"as well as the cottage known as The  ..., as well as the row of three  ...",Trinity,28 Feb 2020,2020-02-28,2760000,"£2,760,000",,,23,,,,,,,,,,no listing data found in any source
Le Petit Mourier,"with the outbuildings, yard, issues  ..., Le Jardin a Potage and Le Jardin  ...",St. Mary,28 Feb 2020,2020-02-28,2500000,"£2,500,000",Broadlands,broadlands,23,,,,,,,,,,no listing data found in any source
La Petite Ferriere,Princes Tower Road,St. Saviour,14 Feb 2020,2020-02-14,2030000,"£2,030,000",,,23,,,,,,,,,,no listing data found in any source
Chant De La Mer,"with the buildings, garage, garden,  ..., the remainder of the field Le Clos  ...",St. Brelade,14 Feb 2020,2020-02-14,10000000,"£10,000,000",Fine & Country,fine-and-country,23,,,,,,,,,,"Property at Travers Farm Lane, La Route de Noirmont, St Brelade (postcode JE3 8LA). Marketed by Fine & Country. Sold Feb 2020 for £10m. No public asking price or brochure found in searches. Fine & Country Jersey listing not recoverable."
Purbeck Lodge,"previously known as Lane End Lodge  ..., La Route des Genets",St. Brelade,7 Feb 2020,2020-02-07,3300000,"£3,300,000",,,23,,,,,,,,,,"Purbeck Lodge (previously Lane End Lodge), La Route des Genets, St Brelade. Sold Feb 2020 for £3.3m. Current listings on La Route des Genets show a Savills listing (Park Estate, JES240172, 4 bed). No pre-sale asking price or brochure found for Purbeck Lodge."
Les Bardeaux,La Rue de Haut,St. Lawrence,24 Jan 2020,2020-01-24,2076000,"£2,076,000",,,23,,,,,,,,,,no listing data found in any source
Apartment 2,"West Grove, La Rue de Haut",St. Lawrence,24 Jan 2020,2020-01-24,2650000,"£2,650,000",,,23,,,,,,,,,,no listing data found in any source
Millbrook House,"with the farm house, staff  ..., the greenhouses, outbuildings,  ...",St. Helier,24 Jan 2020,2020-01-24,3600000,"£3,600,000",Broadlands,broadlands,23,,,,,,,,,,"Millbrook House, St Helier — country estate with farm house, staff accommodation, greenhouses, outbuildings on approx 21 vergees. Agent Broadlands. Sold 2020-01-24 at £3.6m. No listing/brochure or asking price found for this property in public sources."
Le Buissonnet,La Rue Malo,Grouville,17 Jan 2020,2020-01-17,2050000,"£2,050,000",Hunt Estates,hunt-estates,23,,,,,,,,,,no listing data found in any source
The piece of land forming part of the land formerly known as Le  ...,"with the warehouse building and the  ..., the strip of land of irregular  ...",St. Saviour,20 Dec 2019,2019-12-20,3175000,"£3,175,000",,,23,,,,,,,,,,Commercial/land transaction in St. Saviour with warehouse building. No agent listed. No public listing found.
Undivided shares of 13-14 The Esplanade,.,St. Helier,20 Dec 2019,2019-12-20,12000000,"£12,000,000",,,23,,,,,,,,,,"Commercial office building at 13-14 Esplanade, St Helier (Jersey Financial Business District). Sarre & Co list it as 6,743 sq ft office space at £31/sqft rental. Royal Court sale of undivided shares — no public asking price for the investment sale found. Commercial."
The house known as The Wishing Well,"together with the outbuildings,  ..., a certain piece of land situate to  ...",St. Ouen,6 Dec 2019,2019-12-06,2580000,"£2,580,000",,,23,,,,,,,,,,no listing data found in any source
Northdale and Northdale Cottage,"with the land known as Le Petit  ..., to the rear of the house and  ...",St. Ouen,6 Dec 2019,2019-12-06,4500000,"£4,500,000",Knight Frank Jersey,wilsons,24,,,,,,,,,,"La Rue De La Ville Au Neveu, St Ouen. Agent: Knight Frank Jersey (Wilsons). Broadlands also has a Northdale listing. Asking price not found for 2019 sale."
Brecon,"La Vau Tocque, Le Chemin du Portelet",St. Brelade,6 Dec 2019,2019-12-06,3650000,"£3,650,000",Broadlands,broadlands,24,,,,,,,,,,"Brecon, La Vau Tocque, Le Chemin du Portelet, St Brelade. Broadlands agent. No listing or brochure found for this exact property. Salt House brochure found at Le Vau Tocque but that is a different property. Asking price not confirmed."
A certain office building known as Liberte House,"together with adjoining car park  ..., 1, 2 and 3 Hilary Street, and 39  ...",St. Helier,29 Nov 2019,2019-11-29,6000000,"£6,000,000",,,24,,,,,,,,,,"Commercial — Liberte House office building, 1-3 Hilary Street and 39 [adjacent], St Helier. Commercial transaction November 2019. No residential listing applicable."
Guiton House,La Grande Route de St Martin,St. Saviour,22 Nov 2019,2019-11-22,4315000,"£4,315,000",,,24,,,,,,,,,,"La Grande Route de St Martin, St Saviour JE2 7XQ — Guiton House is/was the Jersey Evening Post headquarters. Likely a commercial/office sale. No residential listing found."
17 Hilary Street and 4 Wesley Street,.,St. Helier,8 Nov 2019,2019-11-08,2000000,"£2,000,000",,,24,,,,,,,,,,no listing data found in any source
Gresham Lodge,26 Rouge Bouillon,St. Helier,1 Nov 2019,2019-11-01,2300000,"£2,300,000",Le Maistre Estates,le-maistre-estates,24,,,,,,,,,,no listing data found in any source
Highfield House,La Rue es Viberts,St. Peter,18 Oct 2019,2019-10-18,2610000,"£2,610,000",Broadlands,broadlands,24,,,,,,,,,,no listing data found in any source
Belvedere,"with the eastern part of the  ..., Le Mont au Roux",St. Brelade,18 Oct 2019,2019-10-18,2500000,"£2,500,000",,,24,,,,,,,,,,no listing data found in any source
Fair Acre,La Route Orange,St. Brelade,11 Oct 2019,2019-10-11,2600000,"£2,600,000",,,24,,,,,,,,,,no listing data found in any source
The site of the house Maison D'Or,"formerly Villa D'Or and previously  ..., La Rue au Moestre",St. Brelade,11 Oct 2019,2019-10-11,6500000,"£6,500,000",,,24,,,,,,,,,,"Development site — formerly Villa D'Or at La Rue au Moestre, St Brelade. Sold as site/land Oct 2019 for £6,500,000. No residential listing applicable. The current Broadlands 'Maison D'Or' at £28m above St Aubin harbour appears to be a newly built property on/near this site."
Highland House,"27 Halkett Street, formerly being numbers 16 and 18  ...",St. Helier,4 Oct 2019,2019-10-04,2400000,"£2,400,000",,,24,,,,,,,,,,no listing data found in any source
The Croft,Beechfield Lane,St. Helier,4 Oct 2019,2019-10-04,3150000,"£3,150,000",,,24,,,,,,,,,,"Address: Beechfield Lane, St. Helier. No agent listed. No public listing found."
2 Clos de la Ferme Rose,La Rue de la Pigeonnerie,St. Brelade,4 Oct 2019,2019-10-04,2225000,"£2,225,000",,,24,,,,,,,,,,no listing data found in any source
A certain house in course of construction,"on the site of the original  ..., La Route des Genets",St. Brelade,4 Oct 2019,2019-10-04,11807515,"£11,807,515",,,24,,,,,,,,,,"Off-plan/new build sale on La Route des Genets, St Brelade. Royal Court description 'a certain house in course of construction'. Likely the new build adjacent to Silver Springs/Le Val area. No public listing or brochure found — sold pre-completion without public marketing record."
Corniche Apartments,"including the building established  ..., A certain passageway, Hastings Lane",St. Helier,4 Oct 2019,2019-10-04,2150000,"£2,150,000",Thompson Lettings,thompson-estates,24,,,,,,,,,,no listing data found in any source
Le Touquet,7 Petite Route de Campagne,St. Peter,27 Sep 2019,2019-09-27,2350000,"£2,350,000",,,24,,,,,,,,,,no listing data found in any source
Heathmount,"to be known as Heathmount Lodge, Le Mont des Corvees",St. Ouen,27 Sep 2019,2019-09-27,2100000,"£2,100,000",,,24,,,,,,,,,,no listing data found in any source
Green Keep,"Tabor Drive, La Route des Genets",St. Brelade,27 Sep 2019,2019-09-27,5000000,"£5,000,000",Fine & Country,fine-and-country,24,,,,,,,,,,Savills re-listed in 2024. Sold via Fine & Country 2019 for £5m. Sea view over St Brelade's Bay confirmed from listing description. Original asking price not found publicly.
Villa Cote D'Or,"with the remainder of a certain  ..., Travers Farm Lane, La Route de  ...",St. Brelade,13 Sep 2019,2019-09-13,2330000,"£2,330,000",Thompson Lettings,thompson-estates,24,,,,,,,,,,no listing data found in any source
Rose Cottage,"formerly Rosemary's Cottage and  ..., Le Chemin des Creux",St. Brelade,23 Aug 2019,2019-08-23,4000000,"£4,000,000",Thompson Lettings,thompson-estates,24,,,,,,,,,https://media.onthemarket.com/properties/6669598/929055172/document-0.pdf,"Rose Cottage (formerly Rosemary's Cottage), Le Chemin des Creux, St Brelade. Sold by Thompson Lettings 2019-08-23 for £4,000,000. OnTheMarket brochure PDF found. Property described as clifftop coastal retreat above St Brelade's Bay, 2 bedrooms + study (plans passed for 3rd), military buildings dating to 1700s renovated 2013. Price not confirmed from brochure (PDF binary). Also listed via Savills at https://search.savills.com/je/en/property-detail/gbjsrsjes230156 (a later relisting)."
Homewood with a certain house called The Barn,Le Mont Sohier,St. Brelade,26 Jul 2019,2019-07-26,3350000,"£3,350,000",,,25,,,,,,,,,,"Homewood with The Barn at Le Mont Sohier, St Brelade (JE3 8EA) sold July 2019 for £3.35m. The address exists (confirmed via ukpostcodecheck). Current listings on the road are different properties (new builds). No pre-sale asking price or agent identified for the 2019 transaction."
Old Quarry House,"comprising a house or houses, a  ..., yard, stack-yard, verges and the  ...",St. Helier,19 Jul 2019,2019-07-19,2092500,"£2,092,500",,,25,,,,,,,,,,no listing data found in any source
Beaumaris,"formerly La Roche, Le Mont Rossignol",St. Ouen,21 Jun 2019,2019-06-21,2100000,"£2,100,000",,,25,,,,,,,,,,no listing data found in any source
A large warehouse or warehouses,"(part of which was originally a bakery built by the German forces during the occupation of the island), together with offices, buildings, concrete access ramp (established partly on the property and partly on the publics car park, La Route de Beaumont",St. Peter,21 Jun 2019,2019-06-21,2300000,"£2,300,000",,,25,,,,,,,,,,no listing data found in any source
Sion 1880,"Church Mews, La Grande Route de St Jean",St. John,14 Jun 2019,2019-06-14,2010000,"£2,010,000",Broadlands,broadlands,25,,,,,,,,,,no listing data found in any source
West House,Wests Centre,St. Helier,24 May 2019,2019-05-24,4100000,"£4,100,000",,,25,,,,,,,,,,"Wests Centre, St Helier. Commercial investment property. Queree Property Consultants had a Wests Centre listing; AW Properties also listed a Wests Centre property. No specific asking price for West House found."
Moontide,La Rue du Grouet,St. Brelade,17 May 2019,2019-05-17,3350000,"£3,350,000",,,25,,,,,,,,,,"Moontide at La Rue du Grouet, St Brelade. Savills reference JES150036 exists for this road (listed from 2015, possibly stale listing). Sold May 2019 for £3.35m. No asking price or brochure retrievable."
Les Nouettes,"with the outbuildings, yard,  ..., the following pieces of land Le  ...",St. Clement,3 May 2019,2019-05-03,2400000,"£2,400,000",,,25,,,,,,,,,,no listing data found in any source
Le Rocher Rouge,Les Ruisseaux,St. Brelade,3 May 2019,2019-05-03,2220000,"£2,220,000",,,25,,,,,,,,,,no listing data found in any source
1 Seaton Place,.,St. Helier,12 Apr 2019,2019-04-12,3200000,"£3,200,000",,,25,,,,,,,,,,"1 Seaton Place, St Helier. Commercial office building sold Apr 2019 for £3,200,000. Broadlands Commercial listed it as offices. Skip as commercial property."
3 Petite Route de Campagne,.,St. Peter,29 Mar 2019,2019-03-29,2750000,"£2,750,000",Dandara Rentals,dandara-rentals,25,,,,,,,,,,no listing data found in any source
Les Champs Villa,La Rue de Flicquet,St. Martin,22 Mar 2019,2019-03-22,2150000,"£2,150,000",,,25,,,,,,,,,,no listing data found in any source
Mont d'Olivet,"with its dependent domestic  ..., formerly forming part of the  ...",Trinity,15 Mar 2019,2019-03-15,2200000,"£2,200,000",Troys,troys,25,,,,,,,,,,no listing data found in any source
2 Petite Route de Campagne,.,St. Peter,22 Feb 2019,2019-02-22,2365000,"£2,365,000",Dandara Rentals,dandara-rentals,25,,,,,,,,,,no listing data found in any source
Maison du Midi,"formerly consisting of two houses respectively called Les Marettes Cottage and Armorel, Le Mont Mallet",St. Martin,11 Jan 2019,2019-01-11,2775000,"£2,775,000",Broadlands,broadlands,25,,,,,,,,,,no listing data found in any source
Hollycroft House,"formerly Tas de Geon, La Rue du Pont Marquet",St. Brelade,11 Jan 2019,2019-01-11,3075000,"£3,075,000",Broadlands,broadlands,25,,,,,,,,,,"Formerly Tas de Geon. Agent: Broadlands. Address: La Rue du Pont Marquet, St. Brelade, JE3 8DS. No public listing or brochure found — Broadlands archives not available online."
Elizabeth House,9 Castle Street,St. Helier,21 Dec 2018,2018-12-21,3000000,"£3,000,000",,,25,,,,,,,,,,no listing data found in any source
Beau Desert,"with cottage, domestic offices, garages, buildings and the courtyard and garden in front of the main house., The walled garden to the rear of the house, the garden to the East of the walled garden with the tennis court, swimming pool and buildings",St. Saviour,21 Dec 2018,2018-12-21,2650000,"£2,650,000",Broadlands,broadlands,25,,,,,,,,,,no listing data found in any source
Ventana,"with a parcel of land or sand dune in the fields called Les Pastures d\'Elie Vibert et Mielles, with the garage, building, swimming pool, gardens and appurtenances (formerly La Paonerie and previously Kingswood).",St. Ouen,21 Dec 2018,2018-12-21,3750000,"£3,750,000",,,25,,,,,,,,,,no listing data found in any source
La Rigondaine,"with cottage, barn and outbuildings to the rear thereof and the gardens and lands to the South and to the West of the house and appurtenances., The Western part of the Jardin de Derriere, Le Cotil a Greffes, Le Cotil a Chenes, Le Jardin Ou le Petit Cotil de la Rigondaine",Grouville,21 Dec 2018,2018-12-21,2190000,"£2,190,000",Hunt Estates,hunt-estates,25,,,,,,,,,,no listing data found in any source
La Rochelle,1 Petite Route de Campagne,St. Peter,14 Dec 2018,2018-12-14,2320000,"£2,320,000",Dandara Rentals,dandara-rentals,26,,,,,,,,,,no listing data found in any source
Colony House,La Ruette du Coin Varin,St. Peter,14 Dec 2018,2018-12-14,5400000,"£5,400,000",Savills,savills,26,,,,,,,,,,no listing data found in any source
La Maison du Coin,La Rue du Coin,St. Ouen,23 Nov 2018,2018-11-23,5000000,"£5,000,000",Fine & Country,fine-and-country,26,,,,,,,,,,no listing data found in any source
Dolphin House,La Colomberie,St. Helier,16 Nov 2018,2018-11-16,3500000,"£3,500,000",,,26,,,,,,,,,,no listing data found in any source
Stirling Cottage,Le Mont Sohier,St. Brelade,2 Nov 2018,2018-11-02,2325000,"£2,325,000",,,26,,,,,,,,,,no listing data found in any source
La Caumine,"with the East part (being the field number 1846 on the Jersey Digital Map), of a certain piece of land known as Le Clos de la Fontaine situate to the West of the main part of the property, La Rue du Manoir,",St. Ouen,26 Oct 2018,2018-10-26,2180000,"£2,180,000",,,26,,,,,,,,,,no listing data found in any source
Le Havret,Le Mont de Gouray,St. Martin,5 Oct 2018,2018-10-05,2250000,"£2,250,000",,,26,,,,,,,,,,no listing data found in any source
Tides,La Neuve Route,St. Brelade,28 Sep 2018,2018-09-28,2550000,"£2,550,000",,,26,,,,,,,,,,no listing data found in any source
Salt House (formerly Craigie Knowe),"Le Vau Tocque, Le Chemin du Portelet",St. Brelade,28 Sep 2018,2018-09-28,2900000,"£2,900,000",Broadlands,broadlands,26,,,,,,,,,,no listing data found in any source
Le Bocage (formerly Les Tisserands),"together with the outbuildings, garages, swimming pool, avenue and yard dependent thereto, and the following lands; the gardens situate both to the front and to the rear of the house and Le Clos du Milieu being field number P932 on the Jersey Digital Map.",St. Peter,21 Sep 2018,2018-09-21,2000000,"£2,000,000",Broadlands,broadlands,26,,,,,,,,,,no listing data found in any source
3 Clos de la Ferme Rose,La Rue de la Pigeonneri,St. Brelade,7 Sep 2018,2018-09-07,2325000,"£2,325,000",,,26,,,,,,,,,,no listing data found in any source
"9, 11 and 13 Library Place and 1 and 3 Broad Street",,St. Helier,31 Aug 2018,2018-08-31,4800000,"£4,800,000",,,26,,,,,,,,,,no listing data found in any source
"La Plage (formerly La Voile, before that La Pined, before that La Falaise and before that known as Marloes)","14 Parcq de l'Oeilliere, Le Mont de la Pulente",St. Brelade,24 Aug 2018,2018-08-24,5900000,"£5,900,000",,,26,,,,,,,,,,no listing data found in any source
La Pompe,"with a certain building formerly comprising a granary and cider cellar and marking the South-East part of a range of outbuildings  with the wall on the North and the party ownership of the gable on the West toward certain property., The following parcels of land; Le Jardin a Potage, Le Jardin a Fleurs, Le Jardin du Hiogard, La Rue des Marai",St. Mary,10 Aug 2018,2018-08-10,3650000,"£3,650,000",,,26,,,,,,,,,,no listing data found in any source
Sunnybrow,"with a certain piece of land almost rectangular in shape and situated to the East and co-extensive to the above property, (which piece of land formerly formed part of certain piece of land called Le Long Champ des Sommiers, Le Sommier de la Pepiniere and La Pepiniere joining together and incorporated in to a piece of land now known as La Grande Piece), La Rue de Haut",St. Brelade,10 Aug 2018,2018-08-10,2000000,"£2,000,000",,,26,,,,,,,,,,no listing data found in any source
Tamarisk,"2 Chateau Plaisir, La Grande Route des Mielles",St. Ouen,20 Jul 2018,2018-07-20,2700000,"£2,700,000",,,26,,,,,,,,,,no listing data found in any source
Verona,"with a certain piece of land or field called Le Jardin de Devant, bearing the number 850 on the Jersey Digital Map, La Rue des Buttes",St. Mary,13 Jul 2018,2018-07-13,2000000,"£2,000,000",,,26,,,,,,,,,,no listing data found in any source
La Moye Point (formerly called Canzone del Mare),"garage and buildings erected on part of the land formerly depending from the house now known by the name of Echo des Vagues (formerly LAiguillon),, with the swimming pool, lands, heathlands, cliffs, quarry and powder-magazine depending therefrom and the avenue leading to the house and to that called Echo des Vagues.",St. Brelade,29 Jun 2018,2018-06-29,3000000,"£3,000,000",,,26,,,,,,,,,,no listing data found in any source
"Firstly, Salt House (formerly Les Sables Blancs and prior to that Chateau Loire)","12 Le Mont a la Brune, Secondly, a one twenty-fourth undivided share of the small piece of land being the East part of thereabouts of a strip of land, 10.",St. Brelade,29 Jun 2018,2018-06-29,2800000,"£2,800,000",,,26,,,,,,,,,,no listing data found in any source
Les Quatre Carrefours,"with the converted building (comprising three cottages) adjoining the North side thereof and its other dependent buildings, yards, avenues (of the North and of the West), and appurtenances with the following lands; Le Jardin a Potage; La Piece de l\'Est being fields numbered 273A, 273B and 273C on the Jersey Digital Map;",St. Martin,22 Jun 2018,2018-06-22,2500000,"£2,500,000",,,26,,,,,,,,,,no listing data found in any source
Apartment 3,"The Atrium, Le Mont Gras d'Eau",St. Brelade,15 Jun 2018,2018-06-15,2650000,"£2,650,000",,,27,,,,,,,,,,no listing data found in any source
Treetop (formerly L'Emeraude),"4 Clos de la Ferme Rose, La Rue de la Pigeonnerie",St. Brelade,8 Jun 2018,2018-06-08,2800000,"£2,800,000",,,27,,,,,,,,,,no listing data found in any source
Apartment 4,"The Atrium, Le Mont Gras d'Eau",St. Brelade,1 Jun 2018,2018-06-01,2750000,"£2,750,000",,,27,,,,,,,,,,no listing data found in any source
Apartment 5,"The Atrium, Le Mont Gras d'Eau",St. Brelade,1 Jun 2018,2018-06-01,3250000,"£3,250,000",Slomans,slomans,27,,,,,,,,,,no listing data found in any source
The Grove,"Consisting of three houses with the outbuildings, offices, swimming pools, courtyards, avenues and issues appurtenant thereto, including a certain small triangular shaped piece of land found to the North of the main avenue entrance, the woodland, lawned and planted areas dependent thereto",St. Lawrence,25 May 2018,2018-05-25,17500000,"£17,500,000",,,27,,,,,,,,,,no listing data found in any source
Le Pont Farm,"with cottage, buildings, conservatory with swimming pool therein, gardens, parking ladder spaces, stack yard, verges and avenues., The walled garden (field 467 on the Jersey Digital Map) lying to the South of the house. the field Le Jardin de Devant (field 466 on the Jersey Digital Map).",St. John,25 May 2018,2018-05-25,3050000,"£3,050,000",Savills,savills,27,,,,,,,,,,no listing data found in any source
Croix Es Mottes together with the house called La Carrossserie,La Rue du Ponterri,St. Saviour,18 May 2018,2018-05-18,2030000,"£2,030,000",,,27,,,,,,,,,,no listing data found in any source
Oyster Bay,"5 La Grande Mielle, La Grande Route des Sablons",Grouville,11 May 2018,2018-05-11,2200000,"£2,200,000",Broadlands,broadlands,27,,,,,,,,,,no listing data found in any source
Villa d'Or (formerly Villa Gardena),"with the underground garage and cottage dependant thereto and the adjoining land including the South part of the fields La Valette and Le Cotil de la Chesnaie, La Rue au Moestre",St. Brelade,4 May 2018,2018-05-04,2150000,"£2,150,000",,,27,,,,,,,,,,no listing data found in any source
La Croute,La Route de la Crout,St. Ouen,20 Apr 2018,2018-04-20,66133332,"£66,133,332",,,27,,,,,,,,,,no listing data found in any source
A certain house or shop bearing the number 22 King Street,"with the buildng and the yard to the rear and the small building or bin store., The remainder of a certain alley or passageway leading from the alley or passageway forming part of the property bearing the number 20 King Stree",St. Helier,13 Apr 2018,2018-04-13,2550000,"£2,550,000",,,27,,,,,,,,,,no listing data found in any source
Gwithian,La Rue Voisi,St. Brelade,6 Apr 2018,2018-04-06,2050000,"£2,050,000",,,27,,,,,,,,,,no listing data found in any source
Le Petit Cotil,"formerly Sea View, Le Mont de la Mare",St. Peter,6 Apr 2018,2018-04-06,2000000,"£2,000,000",,,27,,,,,,,,,,no listing data found in any source
La Grande Carriere,La Ruette de la Carrier,St. John,23 Mar 2018,2018-03-23,2650000,"£2,650,000",Savills,savills,27,,,,,,,,,,no listing data found in any source
Broadfield House (formerly known as Severin House),"6 Broadfields, Les Chenolles de Six Rues",St. Lawrence,23 Mar 2018,2018-03-23,2400000,"£2,400,000",Thompson Lettings,thompson-estates,27,,,,,,,,,,no listing data found in any source
Affaric,La Route Orang,St. Brelade,23 Mar 2018,2018-03-23,2200000,"£2,200,000",,,27,,,,,,,,,,no listing data found in any source
Rockmount de Moustiers,"with part of the cotils and pendants (measuring approxiamtely 1 vergee in area), situate to the North, East and North-West of the house and its dependent land and garden and to the South or South-East or therebouts of the aforementioned track.",Trinity,16 Mar 2018,2018-03-16,2025000,"£2,025,000",Troys,troys,27,,,,,,,,,,no listing data found in any source
Maison de la Pere (formerly known as La Renaissance),"with wooden buildings and swimming pool constructed built on a field known as Le Havard du Sud, with the designated field number C162 on the Jersey Digital Map. The remainder of the said field, La Rue du Geneste",St. Clement,2 Mar 2018,2018-03-02,2200000,"£2,200,000",,,27,,,,,,,,,,no listing data found in any source
Les Maltieres,"with a certain piece of land previously being the main part of the Eastern part of the field bearing the number 220 on the Jersey Digital Map., Le Chemin des Maltieres",Grouville,23 Feb 2018,2018-02-23,3950000,"£3,950,000",Fine & Country,fine-and-country,27,,,,,,,,,,no listing data found in any source
Blanche Pierre Manor,"(formerly Walnut Grove) with the East part (being the remainder) of Le Grand Clos, La Rue de la Blanche Pierre",St. Lawrence,23 Feb 2018,2018-02-23,3017190,"£3,017,190",,,27,,,,,,,,,,no listing data found in any source
Bonne Nuit House and Apartments,"formerly being Idlerocks Hotel, Les Charrieres de Bonne Nuit",St. John,16 Feb 2018,2018-02-16,2050000,"£2,050,000",,,28,,,,,,,,,,no listing data found in any source
Rouen,"with the garaging, pool house, parking area, gardens and other appurtenances dependant thereto, and with the banks, walls and offsets of the West and of the South. The field known as Le Jardin du Haut and bearing the number S1004 (FIELD 1004) on the Jersey Digital Map. The field known as La Piece Billot and bearing the number S646, La Rue du Tapo",St. Saviour,2 Feb 2018,2018-02-02,4100000,"£4,100,000",Savills,savills,28,,,,,,,,,,no listing data found in any source
St Mannelier,"with the adjoining building, pool house and swimming pool, the building known as The Cottage (a converted stable block),, the garage block and the car parking area to the South of The Cottage, and the gardens, lands and avenues dependent thereto.",St. Saviour,2 Feb 2018,2018-02-02,7375000,"£7,375,000",Savills,savills,28,,,,,,,,,,no listing data found in any source
Hill Top Farm,"with the offices, ladder rights, yard, stacking yard and dependencies., A certain piece of land known as Le Vieux Jardin with the banks and offsets all around, except by the South, bearing the number 945 on the Jersey Digital Map.",St. Mary,19 Jan 2018,2018-01-19,2480000,"£2,480,000",Savills,savills,28,,,,,,,,,,no listing data found in any source
Val Richer,"with the garage, swimming pool and other appurtenances erected on part of a certain piece of land known as Le Plat Champ with the remainder of that piece of land., A certain piece of land known as Le Petit Cotiil des Grasses Fosses, with the ownership of the bank of the North, or thereabouts, towards the foreshore. A certain piece of land known as Le Petit Cotil de la Valette de la Grasse Fosses.",St. Martin,12 Jan 2018,2018-01-12,2800000,"£2,800,000",Savills,savills,28,,,,,,,,,,no listing data found in any source
The warehouse (the North warehouse),"situate to the South of a large warehouse or warehouses retained by the vendor together with an area of hardstanding land or unloading bay, situate to the North of the North-West corner of the North warehouse and to the West of the South-West corner",St. Helier,12 Jan 2018,2018-01-12,2225000,"£2,225,000",,,28,,,,,,,,,,no listing data found in any source
La Boulangerie,La Ruette de la Ville a l'Evequ,Trinity,22 Dec 2017,2017-12-22,9619825,"£9,619,825",,,28,,,,,,,,,,no listing data found in any source
La Blanche Pierre (formerly Blanche Pierre Villa),"with its offices, garages, land, yard, tennis court, roads and avenue;, Le Jardin a Potage; the Western part of Jardin de la Blanche Pierre; Le Jardin d\'Agrement in front of the said house and the tarmacked strip of land lying to the North of Clos de Devant bearing the number 790 on the Jersey Digital Map;",St. Lawrence,22 Dec 2017,2017-12-22,6000000,"£6,000,000",,,28,,,,,,,,,,no listing data found in any source
La Motte Chambers,and Maison de La Colomberi,St. Helier,8 Dec 2017,2017-12-08,3500000,"£3,500,000",,,28,,,,,,,,,,no listing data found in any source
Dell Farm,"with the outbuildings, yard, stacking place, ladder spaces, avenue, strips of land (issues) and the following lands;, a certain piece of land known as Le Jardin en Derriere de Ladite Maison; a certain piece of land known as Le Clos du Menage and bearing the number 810 on the Jersey Digital Map, La Rue du Bocag",St. Brelade,8 Dec 2017,2017-12-08,2000000,"£2,000,000",,,28,,,,,,,,,,no listing data found in any source
Tamarind,"with its dependent cottage, wing, outbuildings, stables, tennis court, swimming pool, avenues land and appurtenances all as constructed on the realty comprising the site of the property known The Elms,, the yards, stacking place issues and avenues dependent thereto and the following lands; Le Jardin a Potage measuring with its hedges and offsets of the North and of the Wes",St. Peter,8 Dec 2017,2017-12-08,4800000,"£4,800,000",,,28,,,,,,,,,,no listing data found in any source
Le Petit Touessrok (formerly known as The White House),"with the adjoining buildings and the gardens to the South and East. the garage, the car parking area, the site of a former tennis court (now removed), and the swimming pool and land to the West of the parking area and garage, (all of which are established on the Eastern part of a certain piece of land known as La Courte Piece.",St. Martin,8 Dec 2017,2017-12-08,2450000,"£2,450,000",,,28,,,,,,,,,,no listing data found in any source
Le Vivier,"with the cottages, buildings, conservatory, greenhouse and appurtenances to the rear thereof and the gardens, verges, tracks, avenues and appurtenances all around and dependent thereto., The fields or parts of the fields numbered 308 and 309 on The Jersey Digital Map (currently in one piece",St. Martin,1 Dec 2017,2017-12-01,4750000,"£4,750,000",,,28,,,,,,,,,,no listing data found in any source
Roche Mouette,"previously known as California, La Rue du Grouet",St. Brelade,24 Nov 2017,2017-11-24,2900000,"£2,900,000",,,28,,,,,,,,,,no listing data found in any source
Gorey House  (formerly known as La Valette),"with the lawn in front of the house, the yard to the West or thereabouts and the terraced garden to the rear with building or storeroom (built in replacement of an original greenhouse) erected on part thereof., Le Chemin des Maltieres",Grouville,24 Nov 2017,2017-11-24,2350000,"£2,350,000",,,28,,,,,,,,,,no listing data found in any source
La Josseline,"previously known as Sunset Lodge, La Rue de Haut",St. Brelade,17 Nov 2017,2017-11-17,3375000,"£3,375,000",,,28,,,,,,,,,,no listing data found in any source
La Huterie (formerly Les Jardins and previously Hiouterie or La Hiouterie),"with the East part of a field Le Petit Clos to the North of above and being field number 416 on the Jersey Digital Map., The East part of the field Le Jardin de Laurens to the South of the house, garages, outbuildings, swimming pool, gardens, land and yard dependent thereto and being field number 417 on the Jersey Digital Ma",St. Martin,17 Nov 2017,2017-11-17,2200000,"£2,200,000",,,28,,,,,,,,,,no listing data found in any source
Waverley House,Le Mont Arthu,St. Brelade,10 Nov 2017,2017-11-10,5500000,"£5,500,000",Fine & Country,fine-and-country,28,,,,,,,,,,no listing data found in any source
La Vignette,"with the garage block (with the apartment above known as The Court House) to the North of the house., The garage block (with the apartment above known as The Lodge) to the North-East of the first mentioned garage block.",St. Martin,10 Nov 2017,2017-11-10,3700000,"£3,700,000",,,28,,,,,,,,,,no listing data found in any source
La Falaise,"formerly Ashbrooke, Le Mont Gras d'Eau",St. Brelade,3 Nov 2017,2017-11-03,4000000,"£4,000,000",,,28,,,,,,,,,,no listing data found in any source
Leeward,"with a piece of land in the South-Western part of two cotils jointly known as Les Monts de Grantez, Le Chemin du Moulin",St. Ouen,3 Nov 2017,2017-11-03,2150000,"£2,150,000",,,29,,,,,,,,,,no listing data found in any source
Les Chenils,"with the remainder of two parcels of land being part of the field La Butiere de Bas and part of the field Le Champ du Laurens (forming one field and this by the North side thereof)., La Grande Route de Roze",St. Martin,3 Nov 2017,2017-11-03,2747000,"£2,747,000",,,29,,,,,,,,,,no listing data found in any source
Le Fond du Cotil,"with a piece of land formerly described as site number 7 Cap Verd., Part of the cotil called Le Cotil de Milieu de l\'Ouest situate to the East of the piece of land called Le Grand Pre de Haut, La Rue du Cap Verd",St. Lawrence,3 Nov 2017,2017-11-03,2310000,"£2,310,000",,,29,,,,,,,,,,no listing data found in any source
De Gruchy's Department Store,46-48 King Stree,St. Helier,27 Oct 2017,2017-10-27,21500000,"£21,500,000",,,29,,,,,,,,,,no listing data found in any source
Rockmount,"with the remainder of the piece of land known as Cotil de la Fontaine (situate to the rear of the house)., The remainder of the piece of land known as Cotil Rouet and bearing the field number 748 on the Jersey Digital Map. Certain lands in the North and West parts of the piece of land known as Le Clos du Pissot.",St. Brelade,27 Oct 2017,2017-10-27,3040000,"£3,040,000",ND Estates,nd-estates,29,,,,,,,,,,no listing data found in any source
Seymour Farm,"with the dependent buildings, yard, private road, the vegetable plot to the West of the yard, Le Mont Mallet",St. Martin,27 Oct 2017,2017-10-27,2200000,"£2,200,000",,,29,,,,,,,,,,no listing data found in any source
International House,"18 York Street. 1 Old Street with the site of the majority of the property being number 41 The Parade., , the Northern and Eastern halves of certain party walls or gables of the North and East to the South and to the West or thereabouts of the building known as Brunel House.",St. Helier,20 Oct 2017,2017-10-20,3500000,"£3,500,000",,,29,,,,,,,,,,no listing data found in any source
Le Boulevard,La Grande Route des Sablon,Grouville,13 Oct 2017,2017-10-13,2355000,"£2,355,000",,,29,,,,,,,,,,no listing data found in any source
Les Niemes (formerly known as La Neuve Maison des Niemes),"with the avenue or principal roadway which leads from the house to the main road which runs from La Croix au Lion to St Ouens Parish Hall., the other roadways or avenues dependent to the house. The walled garden to the South of the outbuildings and buildings. The Jardin a Potage to the North of the house.",St. Peter,29 Sep 2017,2017-09-29,5750000,"£5,750,000",,,29,,,,,,,,,,no listing data found in any source
Mill Farm  (formerly known as Le Moulin de la Perrelle),"with the cotils known as Le Cotil Clos and Le Cotil du Seelleur (now forming one piece of land)., Le Grand Cotil",St. Martin,29 Sep 2017,2017-09-29,2500000,"£2,500,000",,,29,,,,,,,,,,no listing data found in any source
La Carriethe,"Portelet Bay, La Rue Voisin",St. Brelade,22 Sep 2017,2017-09-22,2460000,"£2,460,000",,,29,,,,,,,,,,no listing data found in any source
Veslet Lodge,"formerly 3 Ville-au-Veslet, Le Mont Sorsoleil",St. Lawrence,8 Sep 2017,2017-09-08,3000045,"£3,000,045",,,29,,,,,,,,,,no listing data found in any source
Cefn with the field known as Le Clos des Marettes,"and bearing the numbers 38 and 39 on the Jersey Digital Map, A strip of land formerly forming part of the Eastern railway. The Western part of the field called Grand Clos des Heches and Petit Clos des Heches now joined together and bearing the number 59A on the Jersey Digital Map.",St. Clement,1 Sep 2017,2017-09-01,6800000,"£6,800,000",,,29,,,,,,,,,,no listing data found in any source
Le Manoir du Fief et Seigneurie de Vinchelez de Bas,"with the buildings converted into dwelling houses to the West of the manor, the yards, outbuildings, stacking area, pond avenues, issues, lawns gardens or land, and fields known as Le Pre and Le Clos de la Touraille and numbered 181 on the Jersey Digital Map. The field known as Le Mont de Hue and numbered 171 and 172 on the Jersey Digital Map, La Route de Vinchele",St. Ouen,1 Sep 2017,2017-09-01,9200000,"£9,200,000",,,29,,,,,,,,,,no listing data found in any source
24 Union Street,"with the car park, land and appurtenances dependant therefrom forming the corner of the public road called Le Geyt Street and the main road called Union Stree",St. Helier,11 Aug 2017,2017-08-11,2500000,"£2,500,000",,,29,,,,,,,,,,no listing data found in any source
Sous Le Moulin,"with the cottage called La Cumine, La Rue du Moulin",St. Martin,28 Jul 2017,2017-07-28,2150000,"£2,150,000",,,29,,,,,,,,,,no listing data found in any source
Chateau Rocquebrune (formerly known as Kenswick House and before that Villa Rocqueburne),"with the bungalow called The Bungalow, garage, turntable, outbuildings, buildings, greenhouse, swimming pool, tennis court, gardens and lands thereto., The roadway or avenue which leads to the main road La Route de St Aubin. A certain strip of land to the south-west or thereabouts of the avenue, La Route de St Aubi",St. Helier,30 Jun 2017,2017-06-30,3030000,"£3,030,000",,,29,,,,,,,,,,no listing data found in any source
Clos St Michel,La Rue des Friquette,St. Saviour,30 Jun 2017,2017-06-30,2100000,"£2,100,000",,,29,,,,,,,,,,no listing data found in any source
Lido Medical Centre,St Saviour's Roa,St. Saviour,23 Jun 2017,2017-06-23,10555000,"£10,555,000",,,29,,,,,,,,,,no listing data found in any source
Hill Farm,"with a certain piece of land known as Le Jardin de la Maison, Le Mont Rossignol",St. Ouen,23 Jun 2017,2017-06-23,2700000,"£2,700,000",,,29,,,,,,,,,,no listing data found in any source
"Highcliff with the outbuildings, the yards and gardens to the West, to the North and to the East of the house.","The garden Le Jardin de Devant to the South of the house. The West part of the field Le Jardin du Menage or Le Jardin de Derriere., The East part of the field Le Jardin de Menage with the piece of land situate to the South thereof now joined together and forming one field being numbers 887 and 888 on the Jersey Digital Map.",St. John,16 Jun 2017,2017-06-16,3900000,"£3,900,000",,,30,,,,,,,,,,no listing data found in any source
Bay View,"formerly known as Sommerville House, Le Mont du Boulevard",St. Brelade,16 Jun 2017,2017-06-16,2500000,"£2,500,000",,,30,,,,,,,,,,no listing data found in any source
Dal Riata Villa,"61 Elizabeth Avenue, La Route Orange",St. Brelade,2 Jun 2017,2017-06-02,2075000,"£2,075,000",Hunt Estates,hunt-estates,30,,,,,,,,,,no listing data found in any source
Vicard House,"formerly Villa des Arbres, La Vieille Charriere",Trinity,26 May 2017,2017-05-26,2050000,"£2,050,000",,,30,,,,,,,,,,no listing data found in any source
Les Grillons,La Rue du Pont Marque,St. Brelade,12 May 2017,2017-05-12,5500000,"£5,500,000",Fine & Country,fine-and-country,30,,,,,,,,,,no listing data found in any source
Roselle,"formerly known as Roselea, La Rue de Haut",St. Lawrence,12 May 2017,2017-05-12,2100000,"£2,100,000",,,30,,,,,,,,,,no listing data found in any source
Grands Vaux Court,"including a certain building designated Block A established on the South side and comprising 3 shops and 2 apartments., A certain building designated Block B established on the North side and comprising 1 supermarket and 6 maisonettes. The site of a row of 9 garages (now demolished) formerly established on the West side.",St. Saviour,28 Apr 2017,2017-04-28,2650000,"£2,650,000",,,30,,,,,,,,,,no listing data found in any source
The Living Legend with certain pieces of land,"being the Western parts of the lands formerly called Le Jardin ou Clos du Cosmet ou a Trois Cornieres, Le Grand Jardin, Le Clos de Jacquette and Le Clos de Brun and Le Clos de Jacquette all of which lands are now combined as a single piece of land., The Northern section of a private road, La Rue du Petit Aleva",St. Peter,7 Apr 2017,2017-04-07,7000000,"£7,000,000",,,30,,,,,,,,,,no listing data found in any source
The Hacienda,Le Mont du Coi,St. Brelade,31 Mar 2017,2017-03-31,3900000,"£3,900,000",,,30,,,,,,,,,,no listing data found in any source
38 and 39 The Esplanade,,St. Helier,24 Mar 2017,2017-03-24,11900000,"£11,900,000",,,30,,,,,,,,,,no listing data found in any source
Highland House,La Rue du Var,St. Lawrence,24 Mar 2017,2017-03-24,2500000,"£2,500,000",,,30,,,,,,,,,,no listing data found in any source
3 Clos de la Ferme Rose,La Rue de la Pigeonneri,St. Brelade,10 Mar 2017,2017-03-10,2100000,"£2,100,000",,,30,,,,,,,,,,no listing data found in any source
7 Esplanade,,St. Helier,10 Mar 2017,2017-03-10,2050000,"£2,050,000",,,30,,,,,,,,,,no listing data found in any source
La Poudretterie,"with its offices, buildings, yards, pigsties, tennis courts and the lands all around. A certain piece of land being field number 173 on the Jersey Digital Map and the main avenue leading from the public road to the farmhouse, La Route des Pelles",St. Martin,3 Mar 2017,2017-03-03,2600000,"£2,600,000",,,30,,,,,,,,,,no listing data found in any source
La Falaise,Le Mont Arthu,St. Brelade,24 Feb 2017,2017-02-24,3500000,"£3,500,000",,,30,,,,,,,,,,no listing data found in any source
1 Chateau Plaisir,La Grande Route des Mielle,St. Ouen,17 Feb 2017,2017-02-17,2400000,"£2,400,000",,,30,,,,,,,,,,no listing data found in any source
Le Petit Radier (formerly Radier Farm),"with the buildings, yard and land dependent thereto., Le Chemin du Radier",Grouville,10 Feb 2017,2017-02-10,2300000,"£2,300,000",,,30,,,,,,,,,,no listing data found in any source
35-37 New Street,,St. Helier,20 Jan 2017,2017-01-20,2100000,"£2,100,000",,,30,,,,,,,,,,no listing data found in any source
Orchard House (formerly known as Le Nord),"with the buildings to the West of and adjoining the house, the cottage to the East of and adjoining the house, the gardens or lands to the North,, to the West and to the South thereof",Trinity,6 Jan 2017,2017-01-06,2000000,"£2,000,000",,,30,,,,,,,,,,no listing data found in any source
La Maison de la Glinette,"with the extensions, offices, ladder rights and yard dependant thereto. The garden or passage to the South of the garden. Le Clos de Derriere (to the East of the house and to the North of the neighbouring property known as La Glinette Farm., The land or passage to the North of and co-extensive with not only the aforementioned house and appurtenances but also the the aforementioned Clos de Derriere. The roadway or avenue leading from the property.",St. Brelade,23 Dec 2016,2016-12-23,2250000,"£2,250,000",,,30,,,,,,,,,,no listing data found in any source
La Glinette Farm,"with the garaging, outbuildings, other buildings, yard, stacking place, issues, avenues and other appurtenances dependent thereto and the following lands;, La Rue de Haut",St. Brelade,23 Dec 2016,2016-12-23,4650000,"£4,650,000",,,31,,,,,,,,,,no listing data found in any source
The property in construction on the site of and formally known as Mimosa.,"The building known as Zanzibar Restaurant (formerly Herbie\'s Inn and before that Sabrina)., Le Mont Sohier",St. Brelade,23 Dec 2016,2016-12-23,4713518,"£4,713,518",,,31,,,,,,,,,,no listing data found in any source
La Maison du Coin,La Route du Coi,St. Brelade,16 Dec 2016,2016-12-16,6750000,"£6,750,000",,,31,,,,,,,,,,no listing data found in any source
Kingsgate House,55 The Esplanad,St. Helier,16 Dec 2016,2016-12-16,6600000,"£6,600,000",,,31,,,,,,,,,,no listing data found in any source
1 The Forum,Grenville Stree,St. Helier,16 Dec 2016,2016-12-16,4250000,"£4,250,000",,,31,,,,,,,,,,no listing data found in any source
7 Castle Street,,St. Helier,16 Dec 2016,2016-12-16,4400000,"£4,400,000",,,31,,,,,,,,,,no listing data found in any source
Shillong,La Rue du Crocque,St. Brelade,2 Dec 2016,2016-12-02,2400000,"£2,400,000",,,31,,,,,,,,,,no listing data found in any source
1 The Forum,Grenville Stree,St. Helier,25 Nov 2016,2016-11-25,4250000,"£4,250,000",,,31,,,,,,,,,,no listing data found in any source
Northwood with a certain piece of land,"(measuring approximately ten perches) being the Southern part of the land or enclosed field called Le Clos du Menage and Le Jardin de Derriere ou de Haut, La Rue du Pont",St. Mary,25 Nov 2016,2016-11-25,2300000,"£2,300,000",,,31,,,,,,,,,,no listing data found in any source
Maison des Cotils,La Route des Cotil,Grouville,25 Nov 2016,2016-11-25,2500000,"£2,500,000",,,31,,,,,,,,,,no listing data found in any source
"The shop number 20 King Street and 1, 3 and 5 Don Street",with the rooms and flat above and buildings to the rear,St. Helier,11 Nov 2016,2016-11-11,4000050,"£4,000,050",,,31,,,,,,,,,,no listing data found in any source
Tower Hamlet,La Route de la Hougue Bi,St. Saviour,28 Oct 2016,2016-10-28,3125000,"£3,125,000",,,31,,,,,,,,,,no listing data found in any source
La Roseraie,"2 La Falaise, La Route Orange",St. Brelade,21 Oct 2016,2016-10-21,2200000,"£2,200,000",,,31,,,,,,,,,,no listing data found in any source
Le Boulivot with the outbuildings,"(now converted in to five separate units of accommodation known as Le Marronyi, Le Tchene, La Pepiniere, La Bacquinnerie and La Cache, respectively), ladders, spaces, yard, stacking area and issues dependent thereto., The following lands: Le Jardin Mure, Le Jardin de la Rue and bearing the number 917 (formerly 654) on the Jersey Digital Map, Le Pre bearing the number 916 (formerly 653) on the Jersey Digital Ma",Grouville,14 Oct 2016,2016-10-14,2200000,"£2,200,000",,,31,,,,,,,,,,no listing data found in any source
Astley House,La Route des Genet,St. Brelade,14 Oct 2016,2016-10-14,5625000,"£5,625,000",Fine & Country,fine-and-country,31,,,,,,,,,,no listing data found in any source
Villa Cote d'Or,"with the remainder of a certain piece of land called Le Clos de Derriere la Maison, La Route de Noirmont",St. Brelade,7 Oct 2016,2016-10-07,2400000,"£2,400,000",,,31,,,,,,,,,,no listing data found in any source
La Hurette with the following lands:,"Le Jardin de Derriere, Le Picachon et le Camp, Le Douaire, La Chatenee., The following additional lands: Le Grand Pre, La Hurette, Le Cotil Fresnel, Le Jardin du Cotil Fresnel, Le Petit Pre and Le Jardin de Bas, La Rue de la Bergerie. 3,947,500.",Trinity,16 Sep 2016,2016-09-16,3997500,"£3,997,500",,,31,,,,,,,,,,no listing data found in any source
Les Capelles,"with the walled garden Le Jardin a potage to the East of the main house. The field known as Le Neuf Jardin bearing the field number 545 on the Jersey Digital Map., La Rue de la Mare Ballam",St. John,2 Sep 2016,2016-09-02,2100000,"£2,100,000",,,31,,,,,,,,,,no listing data found in any source
Wildways,"Park Estate, La Route des Genets",St. Brelade,26 Aug 2016,2016-08-26,3400000,"£3,400,000",,,31,,,,,,,,,,no listing data found in any source
Beaumont House,Le Vieux Beaumon,St. Peter,19 Aug 2016,2016-08-19,4600000,"£4,600,000",Fine & Country,fine-and-country,31,,,,,,,,,,no listing data found in any source
Meadow Farm,"with the buildings established in the North part of the property with the ownership (without offset) of the North granite gable (the most Northerly) of the said buildings, La Vieille Charriere",Trinity,29 Jul 2016,2016-07-29,2050000,"£2,050,000",,,32,,,,,,,,,,no listing data found in any source
Old Cadet House (formerly Seymour House),"with the cottage to the East and adjoining, Le Mont Mallet",St. Martin,22 Jul 2016,2016-07-22,3415000,"£3,415,000",,,32,,,,,,,,,,no listing data found in any source
"Certain office premises constructed on the site of the buildings, offices, apartments and land","formerly bearing the numbers 13 & 14 Esplanade, 14 Esplanade formerly known as Bellevue",St. Helier,15 Jul 2016,2016-07-15,10750000,"£10,750,000",,,32,,,,,,,,,,no listing data found in any source
Cedar Valley (formerly The Cedars),"with offices, stable, yard and avenue and the following lands:, La Rue du Flicquet",St. Martin,8 Jul 2016,2016-07-08,2475000,"£2,475,000",,,32,,,,,,,,,,no listing data found in any source
La Fontaine Martin,"with the adjoining field of the same name as the house (field number 2 on the Jersey Digital Map), Le Chemin du Chateau",St. Ouen,1 Jul 2016,2016-07-01,2000000,"£2,000,000",,,32,,,,,,,,,,no listing data found in any source
Laurel House,La Rue Jutiz,Grouville,17 Jun 2016,2016-06-17,3500000,"£3,500,000",,,32,,,,,,,,,,no listing data found in any source
Railton Hall,Les Chemins des Moulin,St. Lawrence,27 May 2016,2016-05-27,2000000,"£2,000,000",,,32,,,,,,,,,,no listing data found in any source
Ferncliff,"with the remaining parts of the piece of land called La Grande Cloture and a certain piece of land in a near triangular shape, the whole joining together and forming one corpus fundi, La Rue des Barraques",St. John,20 May 2016,2016-05-20,2100000,"£2,100,000",,,32,,,,,,,,,,no listing data found in any source
Amberley,"with a certain piece of land forming the Northern part of a certain piece of land known as Le Jardin du Rue with the banks and reliefs of the North and of the East towards the public road, La Rue de Rue",St. Martin,20 May 2016,2016-05-20,2525000,"£2,525,000",,,32,,,,,,,,,,no listing data found in any source
Silvalai (formerly called Corrie Point),"with a one third undivided part of a certain piece of land (divided into two parcels of land) being the cotil situated to the North and to the rear of the property called La Maison du Cotil (formerly called Santosha), Le Mont Arthur",St. Brelade,20 May 2016,2016-05-20,3750000,"£3,750,000",,,32,,,,,,,,,,no listing data found in any source
Baymont,Le Boulevar,St. Brelade,6 May 2016,2016-05-06,2537000,"£2,537,000",,,32,,,,,,,,,,no listing data found in any source
A certain land forming part of the former gas works site,"with the building known as Thomas Edge House, the houses known as Thomas Edge Place, car park and appurtenances constructed and established thereof, Tunnell Street",St. Helier,29 Apr 2016,2016-04-29,7599588,"£7,599,588",,,32,,,,,,,,,,no listing data found in any source
A certain land forming part of the former gas works site,"with the houses bearing the numbers 1 to 4 La Fauxbie Villas and appurtenances constructed on part thereof, Tunnell Street",St. Helier,29 Apr 2016,2016-04-29,2143912,"£2,143,912",,,32,,,,,,,,,,no listing data found in any source
2 Chateau Plaisir,La Grande Route des Mielle,St. Ouen,15 Apr 2016,2016-04-15,2700000,"£2,700,000",,,32,,,,,,,,,,no listing data found in any source
"Firstly, the greater part of the site of the hotel known as Shakespeare Hotel and Restaurant (formerly Sea Braes Private Hotel)",La Grande Route de la Cot,St. Clement,8 Apr 2016,2016-04-08,2449995,"£2,449,995",,,32,,,,,,,,,,no listing data found in any source
Le Couperon,"with the buildings, courtyard, garage, gardens, lands and appurtenances dependent therefrom established by the vendor on the site of a hotel (formerly Le Beau Couperon and Le Couperon de Rozel), Le Mont de Rozel",St. Martin,8 Apr 2016,2016-04-08,7500000,"£7,500,000",,,32,,,,,,,,,,no listing data found in any source
"Le Carrefour au Clercq comprising house, outhouses, yard, stack yard and the following lands:","Le Jardin a Potage joining by the North to the said outhouses; Le Jardin a Fruit to the West of the said house, Le Grand Clos de Nicolle and Le Clos de Julienne bearing the number 46 on the Jersey Digital Map., La Rue du Carrefour au Clercq",Grouville,1 Apr 2016,2016-04-01,2000000,"£2,000,000",,,32,,,,,,,,,,no listing data found in any source
Goodwood (formerly St Kildas),"with the remainder of a certain piece of land known as Le Jardin Qui Fut a Jean Touzel, La Rue du Coin",Grouville,4 Mar 2016,2016-03-04,2585000,"£2,585,000",,,32,,,,,,,,,,no listing data found in any source
La Chasse with the remainder of a piece of land called Le Jardin de Derriere and bearing number 631 on the Jersey Digital Map,"The piece of land called Le Clos du Menage and bearing number 632 on the Jersey Digital Map., La Cache de l'Eglise",St. Ouen,26 Feb 2016,2016-02-26,2275000,"£2,275,000",,,32,,,,,,,,,,no listing data found in any source
Les Champs Villa,La Rue du Flicque,St. Martin,22 Jan 2016,2016-01-22,2000000,"£2,000,000",,,32,,,,,,,,,,no listing data found in any source
Floriana with a certain piece of land or dune in front (to the South) of the property and on the other side of the of the main road La Route de la Haule,La Route de la Haul,St. Brelade,15 Jan 2016,2016-01-15,2725000,"£2,725,000",,,33,,,,,,,,,,no listing data found in any source
Old Court House Hotel,"with the houses previously known as Old Court House and Brooklet, certain buildings depending from Old Court House, the house previously numbered 1 Windsor Cottages and a piece of land being previously the East part of the property known as Rosedale, Old Road, Gorey",Grouville,8 Jan 2016,2016-01-08,2950000,"£2,950,000",,,33,,,,,,,,,,no listing data found in any source
La Cour Normande (previously Bouillon Farm) with the following lands,"Le Jardin a Potage or Le Jardin de la Maison. The small area of land adjoining the lawn in front of the house, the South part of the piece of land to the rear of the house, (previously formimg part of Le Clos de Pacquet and Le Clos de la Croix), Le Pre and a strip of a land (previously in the East part of Le Clos Ruettes), La Rue du Bouillon",St. Martin,8 Jan 2016,2016-01-08,2200000,"£2,200,000",,,33,,,,,,,,,,no listing data found in any source
Hotel Metropole with two certain houses bearing the numbers 1 and 2 Hastings Terrace,"formerly known as Osterley Court Hotel) with the wing to the West of and adjoining the house forming part of 1 Hastings Terrace, Roseville Street",St. Helier,18 Dec 2015,2015-12-18,6954748,"£6,954,748",,,33,,,,,,,,,,no listing data found in any source
Domaine de St Laurent (formerly known as des Cotils),"with the following lands, Les Champs Grees et le Jardin en Dessus des Champs Grees, Le Petit Picachon et le Jardin au-dessus du Bel (now combined), Le Clos de Derriere la Maison,, La Partie Ouest du Cotil des Chataigniers and the North-Eastern part of the Cotil des Chataigniers.",St. Lawrence,27 Nov 2015,2015-11-27,6250000,"£6,250,000",,,33,,,,,,,,,,no listing data found in any source
Ventana,Le Chemin du Mouli,St. Ouen,30 Oct 2015,2015-10-30,3100000,"£3,100,000",,,33,,,,,,,,,,no listing data found in any source
The Cliff with a one third undivided share of a certain piece of land,"(which is divided into two parcels) being the cotil situated to the North and at the rear of the property La Maison du Coti,, Le Mont Arthur",St. Brelade,9 Oct 2015,2015-10-09,8575000,"£8,575,000",,,33,,,,,,,,,,no listing data found in any source
Valbella House (formerly known as La Maison de Haut),"La Verte Rue, with the garden area to the South of the house and known as Le Jardin a Potage, the garden area to the North of the of the house and known as Le Jardin de Derriere (with the driveway and parking area now established on part thereof",Trinity,2 Oct 2015,2015-10-02,2850000,"£2,850,000",,,33,,,,,,,,,,no listing data found in any source
"Firstly, a certain house and extension known as Le Petit Sentier","(formerly La Retraite and before that La Chasse, cottage), outbuilding, yard, open shed, avenue, issues and lands. The small gardens in front of the house, the garden to the North of the house (bearing the number 498 on the Jersey Digital Map)., La Rue de la Mare Ballam",St. John,2 Oct 2015,2015-10-02,2725000,"£2,725,000",,,33,,,,,,,,,,no listing data found in any source
Beauport Battery,Le Chemin de Beau Por,St. Brelade,25 Sep 2015,2015-09-25,10975000,"£10,975,000",,,33,,,,,,,,,,no listing data found in any source
1 Portelet Bay,La Rue Voisi,St. Brelade,11 Sep 2015,2015-09-11,2000000,"£2,000,000",,,33,,,,,,,,,,no listing data found in any source
Maison H'Arry,107-109 Don Roa,St. Helier,4 Sep 2015,2015-09-04,2000000,"£2,000,000",,,33,,,,,,,,,,no listing data found in any source
Val La Give,La Rue a Do,Grouville,28 Aug 2015,2015-08-28,3750000,"£3,750,000",,,33,,,,,,,,,,no listing data found in any source
"Firstly, the house known as East Lynne with the field known as Clos du Menage and being field number 1015 on the Jersey Digital Map","the piece of land known as Le Clos des Ruettes and being field number 1016 on the Jersey Digital Map, La Rue Freule, 1,250,000., Secondly, the field known as Le Sommie being field number 1036 on the Jersey Digital Map, La Rue Freule, 20,000.",St. Ouen,28 Aug 2015,2015-08-28,2250000,"£2,250,000",,,33,,,,,,,,,,no listing data found in any source
Sandy Lodge,"Parcq de l'Oeilliere, Le Mont de la Pulente",St. Brelade,21 Aug 2015,2015-08-21,2800000,"£2,800,000",,,33,,,,,,,,,,no listing data found in any source
Seascape,"3 Chateau Plaisir, La Grande Route des Mielles",St. Ouen,21 Aug 2015,2015-08-21,2800000,"£2,800,000",,,33,,,,,,,,,,no listing data found in any source
Blanche Pierre Farm with the following lands,"the cotil to the East of the small valleys measuring with the bank and relief of the West, or thereabouts, towards the aforementioned roadway or track and the hedge, 2 vergees, 19 perches, 23 feet., The Oak Grove (La Chenee) measuring with the hedge and relief of the East towards the cotil, 29 perches, 13 feet.",St. Lawrence,14 Aug 2015,2015-08-14,2075000,"£2,075,000",,,33,,,,,,,,,,no listing data found in any source
Blanche Pierre House with the remainder of a piece of land also forming part of the small valleys and bearing the number 730 on the Jersey Digital Map,La Rue de la Ville Emphri,St. Lawrence,14 Aug 2015,2015-08-14,6200000,"£6,200,000",,,33,,,,,,,,,,no listing data found in any source
Les Mouettes,La Grande Route des Sablon,Grouville,7 Aug 2015,2015-08-07,3000000,"£3,000,000",,,33,,,,,,,,,,no listing data found in any source
Ladies Walk (formerly Rectory Farm),"outbuildings, yard, stack yard, garden and the field bearing number 588 on the Jersey Digital Map. Secondly, a piece of land known as Le Jardin de Lael bearing the field number 589 on the Jersey Digital Map, La Route de l'Eglise",St. Mary,7 Aug 2015,2015-08-07,2300000,"£2,300,000",,,33,,,,,,,,,,no listing data found in any source
Colony House,La Ruette du Coin Vari,St. Peter,17 Jul 2015,2015-07-17,3450000,"£3,450,000",,,34,,,,,,,,,,no listing data found in any source
Daisy Bank (formerly Bienvenue),"Park Estate, La Route des Genets",St. Brelade,10 Jul 2015,2015-07-10,2550000,"£2,550,000",,,34,,,,,,,,,,no listing data found in any source
Highgrove House,"with the field known as 1 Le Jardin de Devant la Maison, Le Jardin du Hogard and the remainder of Le Grand Clos, La Rue du Boulivot",Grouville,3 Jul 2015,2015-07-03,2000000,"£2,000,000",,,34,,,,,,,,,,no listing data found in any source
"19 Queen Street, 2 and 4 Halkett Street","formerly being numbers 2, 4 and 6 Upper Halkett Place, and also known as Caversham House and Orviss House",St. Helier,12 Jun 2015,2015-06-12,2750000,"£2,750,000",,,34,,,,,,,,,,no listing data found in any source
L'Emeraude,"4 Clos de la Ferme Rose, La Rue de la Pigeonnerie",St. Brelade,29 May 2015,2015-05-29,2050000,"£2,050,000",,,34,,,,,,,,,,no listing data found in any source
"Firstly, Portelet Hotel (formerly known as Kalimna House)","Secondly, a certain piece of land incorporating the pieces of land known as Le Bordage and La Piece a Geon du Bordage and the Northern extremity of the piece of land known as La Butiere, Le Chemin du Portelet",St. Brelade,15 May 2015,2015-05-15,5358437,"£5,358,437",,,34,,,,,,,,,,no listing data found in any source
La Chasse,Princes Tower Roa,St. Saviour,10 Apr 2015,2015-04-10,2850000,"£2,850,000",,,34,,,,,,,,,,no listing data found in any source
Sir Walter Raleigh House,"48-50 The Esplanade, formerly 50 The Esplanade",St. Helier,6 Mar 2015,2015-03-06,6450000,"£6,450,000",,,34,,,,,,,,,,no listing data found in any source
"Firstly, a certain house known as Daisy Hill, La Chevre Rue","Secondly, the South Eastern part of the field known as La Grande Piece formerly two fields being La Courtil de Cabot et Le Jardin de Bertram and bearing the numbers 24, 24A and 33A on the Jersey Digital Map, La Rue de Douettin, Thirdly, the Northern part of a certain field called Le Long Cotil et La Grande Piece de Sur les Monts formerly La Piece and bearing the number 34A on the Jersey Digital Map, La Rue de Douettin.",Grouville,27 Feb 2015,2015-02-27,18625000,"£18,625,000",,,34,,,,,,,,,,no listing data found in any source
26 New Street and known as Dumaresq House,Dumaresq Stree,St. Helier,6 Feb 2015,2015-02-06,12984952,"£12,984,952",,,34,,,,,,,,,,no listing data found in any source
La Rochelle,"formerly two conjoined houses known as La Rochelle West and La Rochelle East, Le Vier Mont",Grouville,6 Feb 2015,2015-02-06,2650000,"£2,650,000",,,34,,,,,,,,,,no listing data found in any source
West House,"Wests Centre, Bath Street",St. Helier,30 Jan 2015,2015-01-30,7100000,"£7,100,000",,,34,,,,,,,,,,no listing data found in any source
Block 4,"The Forum, Grenville Street",St. Helier,30 Jan 2015,2015-01-30,4500000,"£4,500,000",,,34,,,,,,,,,,no listing data found in any source
A certain commercial office building with basement car park and appurtenances being 44 Esplanade and 17/21 Seaton Place,The Esplanad,St. Helier,16 Jan 2015,2015-01-16,27000000,"£27,000,000",,,34,,,,,,,,,,no listing data found in any source
Chestnut Grove,La Grande Route du Mont Mad,St. John,19 Dec 2014,2014-12-19,2100000,"£2,100,000",,,34,,,,,,,,,,no listing data found in any source
Val Poucin and Val Poucin Cottage,La Rue du Val Pouci,Grouville,19 Dec 2014,2014-12-19,2500000,"£2,500,000",,,34,,,,,,,,,,no listing data found in any source
"Jacksons Garage, showroom and Jacksons House",La Rue Fondo,St. Peter,19 Dec 2014,2014-12-19,5000000,"£5,000,000",,,34,,,,,,,,,,no listing data found in any source
La Ferriere with land,Princes Tower Roa,St. Saviour,19 Dec 2014,2014-12-19,2200000,"£2,200,000",,,34,,,,,,,,,,no listing data found in any source
The Octagon,Le Mont du Goura,Grouville,19 Dec 2014,2014-12-19,3700000,"£3,700,000",,,34,,,,,,,,,,no listing data found in any source
"Jersey Round Tower, 2 St Brelades Bay, Sea Breeze, Wayside Cafe and Tower Side",Le Mont Sohie,St. Brelade,19 Dec 2014,2014-12-19,5100000,"£5,100,000",,,34,,,,,,,,,,no listing data found in any source
Edlington House,"formerly 1 Windward, La Neuve Route",St. Brelade,19 Dec 2014,2014-12-19,8442665,"£8,442,665",,,35,,,,,,,,,,no listing data found in any source
Les Ormes,La Rue de la Chesnai,St. John,12 Dec 2014,2014-12-12,2950000,"£2,950,000",,,35,,,,,,,,,,no listing data found in any source
Chateau St Laurent,"formerly Temperley, Le Mont Cambrai",St. Lawrence,5 Dec 2014,2014-12-05,7350000,"£7,350,000",,,35,,,,,,,,,,no listing data found in any source
Chant de la Mer,"Travers Farm Lane, Le Chemin du Portelet",St. Brelade,14 Nov 2014,2014-11-14,2850000,"£2,850,000",,,35,,,,,,,,,,no listing data found in any source
Longbeach,Le Mont Sohie,St. Brelade,7 Nov 2014,2014-11-07,3156992,"£3,156,992",,,35,,,,,,,,,,no listing data found in any source
Lande A Geon,Le Vier Beaumon,St. Peter,10 Oct 2014,2014-10-10,5600000,"£5,600,000",,,35,,,,,,,,,,no listing data found in any source
Plot 6,"Portelet Bay, formerly known as Jersey Holiday Village",St. Brelade,10 Oct 2014,2014-10-10,2000000,"£2,000,000",,,35,,,,,,,,,,no listing data found in any source
The Grand Hotel,The Esplanad,St. Helier,5 Sep 2014,2014-09-05,11709991,"£11,709,991",,,35,,,,,,,,,,no listing data found in any source
Villa Mont Gras d'Eau and La Petite Carriere,Le Mont Gras d'Ea,St. Brelade,15 Aug 2014,2014-08-15,10750000,"£10,750,000",Fine & Country,fine-and-country,35,,,,,,,,,,no listing data found in any source
The Old Court House Hotel,The Bulwark,St. Brelade,1 Aug 2014,2014-08-01,2000000,"£2,000,000",,,35,,,,,,,,,,no listing data found in any source
"Plot 7, Portelet Bay","formerly known as Jersey Holiday Village, La Rue Voisin",St. Brelade,25 Jul 2014,2014-07-25,2250000,"£2,250,000",,,35,,,,,,,,,,no listing data found in any source
"Firstly, a certain piece of land called Le Besquet hereinafter designated and described as \'A","Joining by the North to that part of the first corpus fundi, Secondly, a certain piece of land which is the remainder of the La Grange Piece",St. Ouen,25 Jul 2014,2014-07-25,7150000,"£7,150,000",,,35,,,,,,,,,,no listing data found in any source
Le Chalet Hotel with land,La Rue du Groue,St. Brelade,11 Jul 2014,2014-07-11,6000000,"£6,000,000",,,35,,,,,,,,,,no listing data found in any source
Springvale with land,"La Rue Mathurin, formerly Springvale House",Grouville,4 Jul 2014,2014-07-04,2750000,"£2,750,000",,,35,,,,,,,,,,no listing data found in any source
Le Carrefour,La Rue Mahie,St. Mary,4 Jul 2014,2014-07-04,3040000,"£3,040,000",,,35,,,,,,,,,,no listing data found in any source
Valley Farm with land,Le Mont du Bu de la Ru,St. Lawrence,27 Jun 2014,2014-06-27,3785000,"£3,785,000",,,35,,,,,,,,,,no listing data found in any source
Haut du Mont,La Route du Coi,St. Brelade,20 Jun 2014,2014-06-20,3300000,"£3,300,000",,,35,,,,,,,,,,no listing data found in any source
Highfield with Land,Les Ruette,St. Saviour,30 May 2014,2014-05-30,3550000,"£3,550,000",,,35,,,,,,,,,,no listing data found in any source
"3 Yorks Street, 6 and 8 Sand Street",,St. Helier,23 May 2014,2014-05-23,2200000,"£2,200,000",,,35,,,,,,,,,,no listing data found in any source
West Pines,Le Parcq de l'Oeillier,St. Brelade,23 May 2014,2014-05-23,2750000,"£2,750,000",,,35,,,,,,,,,,no listing data found in any source
Lord Coutanche House,The Esplanad,St. Helier,2 May 2014,2014-05-02,2850000,"£2,850,000",,,36,,,,,,,,,,no listing data found in any source
70 Esplanade,"known under the name  of Olympia, Esplanade",St. Helier,2 May 2014,2014-05-02,3035000,"£3,035,000",,,36,,,,,,,,,,no listing data found in any source
Beauvoir House,"formerly Beauvoir, La Rue de la Croiserie",Trinity,4 Apr 2014,2014-04-04,3725000,"£3,725,000",,,36,,,,,,,,,,no listing data found in any source
Les Huriaux House,formerly known as  Les Huriaux Cottage and to be now known as Murchison Hous,St. Brelade,14 Mar 2014,2014-03-14,2950000,"£2,950,000",,,36,,,,,,,,,,no listing data found in any source
Salt House,"formerly Craigie Knowe, Le Vau Tocque, Le Chemin du Portlet",St. Brelade,14 Mar 2014,2014-03-14,2700000,"£2,700,000",,,36,,,,,,,,,,no listing data found in any source
La Coupe with land,La Rue de la Coup,St. Martin,7 Mar 2014,2014-03-07,12210000,"£12,210,000",,,36,,,,,,,,,,no listing data found in any source
Le Manoir du Colombier with land,"commonly known as Le Colombier Manor, La Grande Route de St Laurent",St. Lawrence,7 Mar 2014,2014-03-07,2730000,"£2,730,000",,,36,,,,,,,,,,no listing data found in any source
Deloraine House with land,La Rue de Delorain,St. Saviour,14 Feb 2014,2014-02-14,3000000,"£3,000,000",,,36,,,,,,,,,,no listing data found in any source
Andium House,40 Don Street and 10 Waterloo Stree,St. Helier,7 Feb 2014,2014-02-07,3575000,"£3,575,000",,,36,,,,,,,,,,no listing data found in any source
Travers Farm,La Route de Noirmon,St. Brelade,17 Jan 2014,2014-01-17,4750000,"£4,750,000",,,36,,,,,,,,,,no listing data found in any source
Saint Christopher's with land known as Le Clos de Beaumont,"bearing the number 863 on the Jersey Digital Map, Old Beaumont Hill",St. Peter,17 Jan 2014,2014-01-17,6750000,"£6,750,000",,,36,,,,,,,,,,no listing data found in any source
Le Mottais Farm  (formerly La Mottee),"Wth lands bearing the numbers 153, 152, 151, 148, 149, 150, 152, 263, 260, 261, 262, 174, 186, 175, 176, 173, 157, 155 and 154 on the Jersey Digital Map, Le Canibut",St. John,6 Dec 2013,2013-12-06,3300000,"£3,300,000",,,36,,,,,,,,,,no listing data found in any source
Le Creux du Rocher,Les Ruisseau,St. Brelade,30 Aug 2013,2013-08-30,2150000,"£2,150,000",,,36,,,,,,,,,,no listing data found in any source
Craigellachie,"formerly La Giraffe, La Route des Genets",St. Brelade,2 Aug 2013,2013-08-02,2250000,"£2,250,000",,,36,,,,,,,,,,no listing data found in any source
South Prospect,"formerly Branxholm, Park Estate",St. Brelade,2 Aug 2013,2013-08-02,3450000,"£3,450,000",,,36,,,,,,,,,,no listing data found in any source
42 King Street,formerly a house and shop called La Maison Blonde,St. Helier,12 Jul 2013,2013-07-12,2611250,"£2,611,250",,,36,,,,,,,,,,no listing data found in any source
44 King Street,,St. Helier,12 Jul 2013,2013-07-12,2750000,"£2,750,000",,,36,,,,,,,,,,no listing data found in any source
Lkes Niemes,"formerly La Neuve Maison des Niemes, La Grande Route de St Pierre",St. Peter,12 Jul 2013,2013-07-12,5000000,"£5,000,000",,,36,,,,,,,,,,no listing data found in any source
La Robeline with land,La Rue des Bonne Femme,St. Ouen,12 Jul 2013,2013-07-12,2700000,"£2,700,000",,,36,,,,,,,,,,no listing data found in any source
A certain piece of land bearing the number 274 on the Jersey Digital Map and being the greater part of \'Le Clos de la Bourdonnerie ou Clos de la Maison\',,St. Clement,14 Jun 2013,2013-06-14,2581000,"£2,581,000",,,36,,,,,,,,,,no listing data found in any source
A certain field bearing the number 148 on the Jersey Digital Map with 20 dwelling houses constructed thereon and being a development known as \'Les Freres\',Le Chemin des Maltiere,Grouville,14 Jun 2013,2013-06-14,4000000,"£4,000,000",,,37,,,,,,,,,,no listing data found in any source
The Flag House,"formerly The Manse, La Grande Route de Sablons",Grouville,1 Apr 2013,2013-04-01,2000000,"£2,000,000",,,37,,,,,,,,,,no listing data found in any source
Haut du Mont Farm with land,formerley Haut du Mon,St. Peter,1 Apr 2013,2013-04-01,3300000,"£3,300,000",,,37,,,,,,,,,,no listing data found in any source
Block 3,"The Forum, Grenville Street",St. Helier,1 Mar 2013,2013-03-01,2400000,"£2,400,000",,,37,,,,,,,,,,no listing data found in any source
Fort William,"formerly known as Prince William Redoubt, La Rue a Don",Grouville,1 Mar 2013,2013-03-01,2455000,"£2,455,000",,,37,,,,,,,,,,no listing data found in any source
34 King Street,,St. Helier,1 Feb 2013,2013-02-01,2194164,"£2,194,164",,,37,,,,,,,,,,no listing data found in any source
Orchard House,La Grande Route de St Pierr,St. Peter,1 Feb 2013,2013-02-01,2300000,"£2,300,000",,,37,,,,,,,,,,no listing data found in any source
Harbour House,"formerly Blue Vista, La Rue de la Vista",St. Lawrence,1 Feb 2013,2013-02-01,2750000,"£2,750,000",,,37,,,,,,,,,,no listing data found in any source
Chestnut Farm,La Petite Rue d'Elyse,St. Peter,1 Jan 2013,2013-01-01,2500000,"£2,500,000",,,37,,,,,,,,,,no listing data found in any source
Magnolia Manor,"in couse of construction on the site of two cottages (now demolished and formerly known as Numbers 1 and 2 Woodside Farm with land, La Rue de l'Aleval",St. Peter,1 Dec 2012,2012-12-01,2523000,"£2,523,000",,,37,,,,,,,,,,no listing data found in any source
Ventana with land,"formerly La Paonerie and previously Kingswood, Le Chemin du Moulin",St. Ouen,1 Dec 2012,2012-12-01,2900000,"£2,900,000",,,37,,,,,,,,,,no listing data found in any source
"15 King Street, 1 and 2 Vine Street and 17 King Street",,St. Helier,1 Nov 2012,2012-11-01,5400000,"£5,400,000",,,37,,,,,,,,,,no listing data found in any source
Hill Top Farm,La Rue a George,St. Mary,1 Oct 2012,2012-10-01,2750000,"£2,750,000",,,37,,,,,,,,,,no listing data found in any source
Cliffside House with land,La Rue du Cate,Trinity,1 Sep 2012,2012-09-01,2400000,"£2,400,000",,,37,,,,,,,,,,no listing data found in any source
Le Clos de la Blanche Pierre,"formerly La Folie, La Rue de la Blanche Pierre",St. Lawrence,1 Sep 2012,2012-09-01,3000000,"£3,000,000",,,37,,,,,,,,,,no listing data found in any source
Le Ponterrin,La Rue de Ponterri,St. Saviour,1 Aug 2012,2012-08-01,2080000,"£2,080,000",,,37,,,,,,,,,,no listing data found in any source
La Maison du Coin,La Route de Coi,St. Brelade,1 Jul 2012,2012-07-01,4618000,"£4,618,000",,,37,,,,,,,,,,no listing data found in any source
Rockvale,Le Mont Cambra,St. Lawrence,1 Jul 2012,2012-07-01,2100000,"£2,100,000",,,37,,,,,,,,,,no listing data found in any source
29 and 31 King Street,14 and 16 Vine Stree,St. Helier,1 Jul 2012,2012-07-01,3780000,"£3,780,000",,,37,,,,,,,,,,no listing data found in any source
Crossbow House with lands,La Rue du Doue,Trinity,1 Jun 2012,2012-06-01,2300000,"£2,300,000",,,37,,,,,,,,,,no listing data found in any source
5 Esplanade,4 Commercial Stree,St. Helier,1 Jun 2012,2012-06-01,2250000,"£2,250,000",,,38,,,,,,,,,,no listing data found in any source
Bermuda House,Green Stree,St. Helier,1 Jun 2012,2012-06-01,2825000,"£2,825,000",,,38,,,,,,,,,,no listing data found in any source
3 Broughton Lodge Farm,La Verte Ru,St. Mary,1 May 2012,2012-05-01,5000000,"£5,000,000",,,38,,,,,,,,,,no listing data found in any source
Cardington Lodge,Mont es Tour,St. Brelade,1 May 2012,2012-05-01,5400000,"£5,400,000",,,38,,,,,,,,,,no listing data found in any source
La Maison du Vouess,(or Du Voye) and Le Voucst Farm with land known as Le Fief a Pommiers and Le Jardin a Potage to the South thereof (conjoined) bearing the numbers 257 and 258 on the Jersey Digital Map and Le Grand Jardin to the North of the Hous,St. Martin,1 Apr 2012,2012-04-01,6700000,"£6,700,000",,,38,,,,,,,,,,no listing data found in any source
Bouilly House,Le Chemin de Beau Por,St. Brelade,1 Mar 2012,2012-03-01,3600000,"£3,600,000",,,38,,,,,,,,,,no listing data found in any source
15 Castle Street,,St. Helier,1 Mar 2012,2012-03-01,7905000,"£7,905,000",,,38,,,,,,,,,,no listing data found in any source
13 Castle Street,,St. Helier,1 Mar 2012,2012-03-01,7195000,"£7,195,000",,,38,,,,,,,,,,no listing data found in any source
1 and 21 Britannia Place,Bath Stree,St. Helier,1 Nov 2011,2011-11-01,2100000,"£2,100,000",,,38,,,,,,,,,,no listing data found in any source
Beaulieu,La Grande Route de Faldoue,St. Martin,1 Nov 2011,2011-11-01,4180000,"£4,180,000",,,38,,,,,,,,,,no listing data found in any source
Maison Blanche,La Route du Francfie,St. Brelade,1 Sep 2011,2011-09-01,2500000,"£2,500,000",,,38,,,,,,,,,,no listing data found in any source
5 St Andrew's Place,Castle Stree,St. Helier,1 Aug 2011,2011-08-01,2624730,"£2,624,730",,,38,,,,,,,,,,no listing data found in any source
Westwood Lodge,La Mont de la Marquanderi,St. Brelade,1 Aug 2011,2011-08-01,5512000,"£5,512,000",,,38,,,,,,,,,,no listing data found in any source
The Grand Hotel,The Esplanad,St. Helier,1 Aug 2011,2011-08-01,9379808,"£9,379,808",,,38,,,,,,,,,,no listing data found in any source
Le Val Lodge with land,"formerly Sea View House, La Route des Genets",St. Brelade,1 Aug 2011,2011-08-01,4000000,"£4,000,000",,,38,,,,,,,,,,no listing data found in any source
Rosedale Farm,Le Mont Cocho,St. Lawrence,1 Aug 2011,2011-08-01,5250000,"£5,250,000",,,38,,,,,,,,,,no listing data found in any source
Mountgrove,La Rue de la Blanche Pierr,St. Lawrence,1 Aug 2011,2011-08-01,4500000,"£4,500,000",,,38,,,,,,,,,,no listing data found in any source
Domaine de St Laurent,Les Charrieres Nicoll,St. Lawrence,1 Apr 2011,2011-04-01,2850000,"£2,850,000",,,38,,,,,,,,,,no listing data found in any source
Augres Hall,Oaklands Lan,St. Helier,1 Apr 2011,2011-04-01,2500000,"£2,500,000",,,38,,,,,,,,,,no listing data found in any source
Sans Souci,La Grande Route des Sablon,Grouville,1 Mar 2011,2011-03-01,2050000,"£2,050,000",,,38,,,,,,,,,,no listing data found in any source
La Rocquaise,La Route de la Bai,St. Brelade,1 Feb 2011,2011-02-01,3150000,"£3,150,000",,,39,,,,,,,,,,no listing data found in any source
Oaklands,La Route de la Trinit,St. Helier,1 Feb 2011,2011-02-01,4500000,"£4,500,000",,,39,,,,,,,,,,no listing data found in any source
Croix au Maitre,La Rue du Hucque,St. Martin,1 Feb 2011,2011-02-01,3550000,"£3,550,000",,,39,,,,,,,,,,no listing data found in any source
Le Cotil du Portelet,La Route de Noirmon,St. Brelade,1 Jan 2011,2011-01-01,2450000,"£2,450,000",,,39,,,,,,,,,,no listing data found in any source
Beauvoir,"La Rue de Beauvoir, With the majority of the North part of a piece of land called Le Clos de Froid Vent field numbered 751 on the Jersey Digital Map",St. Saviour,1 Jan 2011,2011-01-01,6200000,"£6,200,000",,,39,,,,,,,,,,no listing data found in any source
5 St Cecilia Apartments,Le Mont de la Rocqu,St. Brelade,1 Dec 2010,2010-12-01,2075000,"£2,075,000",,,39,,,,,,,,,,no listing data found in any source
Ogier House,"44 Esplanade, and 71/21 Seaton Place",St. Helier,1 Dec 2010,2010-12-01,11100000,"£11,100,000",,,39,,,,,,,,,,no listing data found in any source
Dialogue House,2-6 1/2 Anley Stree,St. Helier,1 Dec 2010,2010-12-01,3950000,"£3,950,000",,,39,,,,,,,,,,no listing data found in any source
Le Sol,"Chemin de la Brecquette, Comprising fields numbers 1254, 1259 and 1296 on the Jersey Digital Map",St. Ouen,1 Dec 2010,2010-12-01,2100000,"£2,100,000",,,39,,,,,,,,,,no listing data found in any source
Mont au Roux,La Rue du Bocag,St. Brelade,1 Nov 2010,2010-11-01,2030000,"£2,030,000",,,39,,,,,,,,,,no listing data found in any source
Hill Farm,Le Mont Rossigno,St. Ouen,1 Oct 2010,2010-10-01,2130000,"£2,130,000",,,39,,,,,,,,,,no listing data found in any source
1 La Falaise,La Route Orang,St. Brelade,1 Oct 2010,2010-10-01,2000000,"£2,000,000",,,39,,,,,,,,,,no listing data found in any source
Chateau des Reves,La Grande Route de Faldoue,St. Martin,1 Sep 2010,2010-09-01,3275000,"£3,275,000",,,39,,,,,,,,,,no listing data found in any source
Queensway House,"3, 5, 7, 9, 11, 13, 15 and 15 1/2 Queen Street, and 3, 5, 7, 9, 11, 13, 15, 17 and 19 Hilgrove Street",St. Helier,1 Jul 2010,2010-07-01,18987000,"£18,987,000",,,39,,,,,,,,,,no listing data found in any source
Le Petit Port with land,La Rue des Pre,St. Ouen,1 Jul 2010,2010-07-01,2550000,"£2,550,000",,,39,,,,,,,,,,no listing data found in any source
Mimosa and Zanzibar Restaurant,Le Mont Sohie,St. Brelade,1 May 2010,2010-05-01,2590000,"£2,590,000",,,39,,,,,,,,,,no listing data found in any source
Gouray Lodge,Le Mont du Goura,Grouville,1 May 2010,2010-05-01,9850000,"£9,850,000",,,39,,,,,,,,,,no listing data found in any source
Plot 3,"Jersey Holiday Village, Portelet",St. Brelade,1 May 2010,2010-05-01,2255000,"£2,255,000",,,39,,,,,,,,,,no listing data found in any source
Clos des Pins,Le Mont de a Rocqu,St. Brelade,1 May 2010,2010-05-01,2250000,"£2,250,000",,,39,,,,,,,,,,no listing data found in any source
Saint Christopher's,Le Vieux Beaumon,St. Peter,1 Apr 2010,2010-04-01,2500000,"£2,500,000",,,39,,,,,,,,,,no listing data found in any source
"A certain supermarket store, offices, flats, car parks, land and appurtenances",La Route Orang,St. Brelade,1 Apr 2010,2010-04-01,11100000,"£11,100,000",,,40,,,,,,,,,,no listing data found in any source
Maison Cote d'Or,,St. Martin,1 Mar 2010,2010-03-01,2920000,"£2,920,000",,,40,,,,,,,,,,no listing data found in any source
Le Vallon,La Route des Cotil,Grouville,1 Mar 2010,2010-03-01,2400000,"£2,400,000",,,40,,,,,,,,,,no listing data found in any source
36 King Street,,St. Helier,1 Mar 2010,2010-03-01,2125000,"£2,125,000",,,40,,,,,,,,,,no listing data found in any source
Anjou,La Rue de Genestier,St. Martin,1 Mar 2010,2010-03-01,3250000,"£3,250,000",,,40,,,,,,,,,,no listing data found in any source
St Agatha,La Rue de la Cot,St. Martin,1 Mar 2010,2010-03-01,2010000,"£2,010,000",,,40,,,,,,,,,,no listing data found in any source
l'Atlantic,,St. Brelade,1 Jan 2010,2010-01-01,2750000,"£2,750,000",,,40,,,,,,,,,,no listing data found in any source
Whitedoves,"Park Estate, La Route des Genets",St. Brelade,1 Jan 2010,2010-01-01,2500000,"£2,500,000",,,40,,,,,,,,,,no listing data found in any source
11 Broad Street,known as Commercial Hous,St. Helier,1 Dec 2009,2009-12-01,8200000,"£8,200,000",,,40,,,,,,,,,,no listing data found in any source
La Chevre D'or,"Beauport Place, Le Chemin de Beau Port",St. Brelade,1 Dec 2009,2009-12-01,4850000,"£4,850,000",,,40,,,,,,,,,,no listing data found in any source
Greenhill Country Hotel,Le Mont de l'Ecol,St. Peter,1 Dec 2009,2009-12-01,3400000,"£3,400,000",,,40,,,,,,,,,,no listing data found in any source
"9,11 and 13 Library Place",,St. Helier,1 Dec 2009,2009-12-01,6000000,"£6,000,000",,,40,,,,,,,,,,no listing data found in any source
La Fontaine with Land,"Numbers 977, 975, 957, 947 and 913 on the Jersey Digital Map, La Route du Francfief",St. Brelade,1 Nov 2009,2009-11-01,4000000,"£4,000,000",,,40,,,,,,,,,,no listing data found in any source
Sunshine Hotel and Sunshine Cottage,,St. Helier,1 Oct 2009,2009-10-01,3250000,"£3,250,000",,,40,,,,,,,,,,no listing data found in any source
The Old School House,La Rue des Alleur,St. Martin,1 Sep 2009,2009-09-01,2225000,"£2,225,000",,,40,,,,,,,,,,no listing data found in any source
Channel Television,La Pouquelay,St. Helier,1 Sep 2009,2009-09-01,2025000,"£2,025,000",,,40,,,,,,,,,,no listing data found in any source
La Chasse,,St. John,1 Sep 2009,2009-09-01,2750000,"£2,750,000",,,40,,,,,,,,,,no listing data found in any source
Plaisance,La Rue de la Valle,St. Mary,1 Sep 2009,2009-09-01,2000000,"£2,000,000",,,40,,,,,,,,,,no listing data found in any source
72/74 King Street,,St. Helier,1 Sep 2009,2009-09-01,5500000,"£5,500,000",,,40,,,,,,,,,,no listing data found in any source
Chateaubriand,La Rue de Guilleaume et d'Annevill,St. Martin,1 Aug 2009,2009-08-01,2980000,"£2,980,000",,,40,,,,,,,,,,no listing data found in any source
Augres House,with land and numbered 1391 on the Jersey Digital Ma,Trinity,1 Aug 2009,2009-08-01,6965000,"£6,965,000",,,41,,,,,,,,,,no listing data found in any source
45 The Esplanade,,St. Helier,1 Jul 2009,2009-07-01,5151995,"£5,151,995",,,41,,,,,,,,,,no listing data found in any source
47 Esplanade,,St. Helier,1 Jul 2009,2009-07-01,10348005,"£10,348,005",,,41,,,,,,,,,,no listing data found in any source
"7,8,9,10 and 11 Britannia Place",,St. Helier,1 Jul 2009,2009-07-01,2394625,"£2,394,625",,,41,,,,,,,,,,no listing data found in any source
Westward,La Marquanderie Hil,St. Brelade,1 Jun 2009,2009-06-01,3550000,"£3,550,000",,,41,,,,,,,,,,no listing data found in any source
Car park,Commercial Stree,St. Helier,1 Jun 2009,2009-06-01,5900000,"£5,900,000",,,41,,,,,,,,,,no listing data found in any source
Le Senechal,La Rue de la Lourderi,Grouville,1 May 2009,2009-05-01,2200000,"£2,200,000",,,41,,,,,,,,,,no listing data found in any source
Le Feugerel de la Marquanderie,La Route Orang,St. Brelade,1 May 2009,2009-05-01,2360000,"£2,360,000",,,41,,,,,,,,,,no listing data found in any source
Jersey Dairy,Princes Tower Roa,St. Saviour,1 May 2009,2009-05-01,3500000,"£3,500,000",,,41,,,,,,,,,,no listing data found in any source
Jersey Dairy,Princes Tower Roa,St. Saviour,1 May 2009,2009-05-01,8500000,"£8,500,000",,,41,,,,,,,,,,no listing data found in any source
Share 2 of 14 Gloucester Street,,St. Helier,1 Apr 2009,2009-04-01,3528770,"£3,528,770",,,41,,,,,,,,,,no listing data found in any source
La Maison des Champs with outbuildings,,St. Helier,1 Apr 2009,2009-04-01,2250000,"£2,250,000",,,41,,,,,,,,,,no listing data found in any source
Milton Farm with land,", La Rue Belin",St. Martin,1 Apr 2009,2009-04-01,4500000,"£4,500,000",,,41,,,,,,,,,,no listing data found in any source
Chateau St Laurent,Le Mont Cambra,St. Lawrence,1 Apr 2009,2009-04-01,5450000,"£5,450,000",,,41,,,,,,,,,,no listing data found in any source
Le Rondin Farm with land,La Charrier,St. Mary,1 Mar 2009,2009-03-01,2000000,"£2,000,000",,,41,,,,,,,,,,no listing data found in any source
Greenacre,La Route de la Hougue Bi,St. Saviour,1 Feb 2009,2009-02-01,3050000,"£3,050,000",,,41,,,,,,,,,,no listing data found in any source
Les Chasses,La Rue des Servai,St. John,1 Dec 2008,2008-12-01,3300000,"£3,300,000",,,41,,,,,,,,,,no listing data found in any source
La Ville Bree Farm,La Rue de la Ville Bre,St. Martin,1 Dec 2008,2008-12-01,2250000,"£2,250,000",,,41,,,,,,,,,,no listing data found in any source
Arden Lodge,La Rue du Doue,Trinity,1 Oct 2008,2008-10-01,2700000,"£2,700,000",,,41,,,,,,,,,,no listing data found in any source
Maison du Douet,La Rue de la Golarde with land numbered 119 on the Jersey Digital Ma,St. Lawrence,1 Oct 2008,2008-10-01,4715000,"£4,715,000",,,42,,,,,,,,,,no listing data found in any source
St Cyr,Les Chenolle,St. John,1 Oct 2008,2008-10-01,3650000,"£3,650,000",,,42,,,,,,,,,,no listing data found in any source
La Cotte View House,Le Chemin de Creu,St. Brelade,1 Sep 2008,2008-09-01,3600000,"£3,600,000",,,42,,,,,,,,,,no listing data found in any source
Les Sapini,,St. Mary,1 Sep 2008,2008-09-01,2350000,"£2,350,000",,,42,,,,,,,,,,no listing data found in any source
Five Oaks Garage Sion,La Grande Route de St Jea,Trinity,1 Jul 2008,2008-07-01,2200000,"£2,200,000",,,42,,,,,,,,,,no listing data found in any source
Vinchelez Farm,La Rue Platte Rai,St. Ouen,1 Jul 2008,2008-07-01,3600021,"£3,600,021",,,42,,,,,,,,,,no listing data found in any source
Partners,St Clement's Golf Clu,St. Clement,1 Jul 2008,2008-07-01,2050000,"£2,050,000",,,42,,,,,,,,,,no listing data found in any source
Fauvic House,La Rue de Fauvi,Grouville,1 Jul 2008,2008-07-01,2500000,"£2,500,000",,,42,,,,,,,,,,no listing data found in any source
Chellow Dene,Plat Douet Roa,St. Clement,1 Jun 2008,2008-06-01,4150000,"£4,150,000",,,42,,,,,,,,,,no listing data found in any source
Share of Block A-K Century Buildings,,St. Helier,1 Jun 2008,2008-06-01,2860000,"£2,860,000",,,42,,,,,,,,,,no listing data found in any source
Blanchard House,La Grande Route des Augere,St. Peter,1 Jun 2008,2008-06-01,2400000,"£2,400,000",,,42,,,,,,,,,,no listing data found in any source
Valley Farm,La Rue du Moulin du Ponterri,Trinity,1 May 2008,2008-05-01,2472815,"£2,472,815",,,42,,,,,,,,,,no listing data found in any source
Highview,La Route de Noirmon,St. Brelade,1 Apr 2008,2008-04-01,2500000,"£2,500,000",,,42,,,,,,,,,,no listing data found in any source
HSBC Bank,Vine Stree,St. Helier,1 Apr 2008,2008-04-01,2550000,"£2,550,000",,,42,,,,,,,,,,no listing data found in any source
Chateau Plaisir,,St. Ouen,1 Apr 2008,2008-04-01,2000000,"£2,000,000",,,42,,,,,,,,,,no listing data found in any source
La Ferme de la Fosse l'Ecrivain,,St. Saviour,1 Mar 2008,2008-03-01,3250000,"£3,250,000",,,42,,,,,,,,,,no listing data found in any source
Apartment 3,"Les Mouettes, La Greve d'Azette",St. Clement,1 Feb 2008,2008-02-01,2139000,"£2,139,000",,,42,,,,,,,,,,no listing data found in any source
La Cala,22-22A Beresford Stree,St. Helier,1 Jan 2008,2008-01-01,2469896,"£2,469,896",,,42,,,,,,,,,,no listing data found in any source
22 King Street,,St. Helier,1 Jan 2008,2008-01-01,2951000,"£2,951,000",,,42,,,,,,,,,,no listing data found in any source
Handois Manor Farm,,St. Lawrence,1 Jan 2008,2008-01-01,2050000,"£2,050,000",,,42,,,,,,,,,,no listing data found in any source
16 Library Place,,St. Helier,1 Dec 2007,2007-12-01,3550000,"£3,550,000",,,43,,,,,,,,,,no listing data found in any source
23 and 25 Broad Street,17 Commercial Stree,St. Helier,1 Dec 2007,2007-12-01,14600000,"£14,600,000",,,43,,,,,,,,,,no listing data found in any source
Sea View,La Rue de la Ville au Ba,St. Lawrence,1 Dec 2007,2007-12-01,2300000,"£2,300,000",,,43,,,,,,,,,,no listing data found in any source
La Ville au Bas,La Rue de la Ville au Ba,St. Lawrence,1 Nov 2007,2007-11-01,3100000,"£3,100,000",,,43,,,,,,,,,,no listing data found in any source
Highfield Country Hotel,La Route d'Ebeneze,Trinity,1 Nov 2007,2007-11-01,2550000,"£2,550,000",,,43,,,,,,,,,,no listing data found in any source
Le Chalet Hotel,La Rue du Groue,St. Brelade,1 Nov 2007,2007-11-01,3300000,"£3,300,000",,,43,,,,,,,,,,no listing data found in any source
Furze Cottage,Les Nouvelles Charrier,St. John,1 Nov 2007,2007-11-01,2400000,"£2,400,000",,,43,,,,,,,,,,no listing data found in any source
Vert Clos,"Links Estate, La Rue a Don",Grouville,1 Nov 2007,2007-11-01,2160000,"£2,160,000",,,43,,,,,,,,,,no listing data found in any source
Frenchman's Cove,"Park Estate, La Route des Genets",St. Brelade,1 Oct 2007,2007-10-01,3409000,"£3,409,000",,,43,,,,,,,,,,no listing data found in any source
Bras de Fer,La Rue du Vieux Mouli,Trinity,1 Oct 2007,2007-10-01,3800000,"£3,800,000",,,43,,,,,,,,,,no listing data found in any source
Beechfield,Beechfield Lan,Trinity,1 Oct 2007,2007-10-01,4060000,"£4,060,000",,,43,,,,,,,,,,no listing data found in any source
Haverford House,Les Grupieau,St. Peter,1 Oct 2007,2007-10-01,2025000,"£2,025,000",,,43,,,,,,,,,,no listing data found in any source
Bermundiana,La Verte Ru,St. Clement,1 Sep 2007,2007-09-01,2550000,"£2,550,000",,,43,,,,,,,,,,no listing data found in any source
Travers Farm,"Travers Lane, Le Chemin du Portelet",St. Brelade,1 Sep 2007,2007-09-01,2300000,"£2,300,000",,,43,,,,,,,,,,no listing data found in any source
27 Hill Street and 16 Queen Street,,St. Helier,1 Aug 2007,2007-08-01,5000000,"£5,000,000",,,43,,,,,,,,,,no listing data found in any source
Les Pommiers,La Rue de Hau,St. Lawrence,1 Jul 2007,2007-07-01,2750000,"£2,750,000",,,43,,,,,,,,,,no listing data found in any source
23-25 Halkett Place,,St. Helier,1 Jul 2007,2007-07-01,6500000,"£6,500,000",,,43,,,,,,,,,,no listing data found in any source
Checkers Xpress,Val Plaisan,St. Helier,1 Jul 2007,2007-07-01,2370000,"£2,370,000",,,43,,,,,,,,,,no listing data found in any source
Grands Vaux Court,Les Grands Vau,St. Helier,1 Jul 2007,2007-07-01,2569000,"£2,569,000",,,43,,,,,,,,,,no listing data found in any source
Pirouet House,Union Stree,St. Helier,1 Jul 2007,2007-07-01,2725000,"£2,725,000",,,43,,,,,,,,,,no listing data found in any source
1 Mulcaster Street,,St. Helier,1 Jul 2007,2007-07-01,2255000,"£2,255,000",,,44,,,,,,,,,,no listing data found in any source
Pinewood Residential Home,Le Mont Millai,St. Helier,1 Jul 2007,2007-07-01,7750000,"£7,750,000",,,44,,,,,,,,,,no listing data found in any source
Les Genets,Le Mont de Roze,St. Martin,1 Jul 2007,2007-07-01,2200000,"£2,200,000",,,44,,,,,,,,,,no listing data found in any source
Trinity Hall,La Profonde Ru,Trinity,1 Jul 2007,2007-07-01,3850000,"£3,850,000",,,44,,,,,,,,,,no listing data found in any source
La Maison de la Valette,La Rue de la Rouleri,Trinity,1 Jul 2007,2007-07-01,4250000,"£4,250,000",,,44,,,,,,,,,,no listing data found in any source
Highfield House,La Rue es Vibert,St. Peter,1 Jul 2007,2007-07-01,2150000,"£2,150,000",,,44,,,,,,,,,,no listing data found in any source
Block 2,"The Forum, Grenville Street",St. Helier,1 Jul 2007,2007-07-01,3125000,"£3,125,000",,,44,,,,,,,,,,no listing data found in any source
22 Colomberie,,St. Helier,1 Jul 2007,2007-07-01,4650000,"£4,650,000",,,44,,,,,,,,,,no listing data found in any source
39-41 Broad Street,1 Charing Cros,St. Helier,1 Jul 2007,2007-07-01,10100000,"£10,100,000",,,44,,,,,,,,,,no listing data found in any source
Westaway Chambers,37-39 Don Stree,St. Helier,1 Jun 2007,2007-06-01,4235000,"£4,235,000",,,44,,,,,,,,,,no listing data found in any source
Land with outbuildings,La Rue de Mon Sejou,St. Helier,1 Jun 2007,2007-06-01,2795000,"£2,795,000",,,44,,,,,,,,,,no listing data found in any source
Portelet House,Le Chemin du Portele,St. Brelade,1 Jun 2007,2007-06-01,5515000,"£5,515,000",,,44,,,,,,,,,,no listing data found in any source
Manor Farm,La Rue du Ba,St. Lawrence,1 Jun 2007,2007-06-01,2965000,"£2,965,000",,,44,,,,,,,,,,no listing data found in any source
Gilbralter Farm,Le Mont des Vigne,St. Peter,1 Jun 2007,2007-06-01,5000000,"£5,000,000",,,44,,,,,,,,,,no listing data found in any source
Chateau Valeuse Hotel,La Rue de la Valeus,St. Brelade,1 May 2007,2007-05-01,2100000,"£2,100,000",,,44,,,,,,,,,,no listing data found in any source
Landscape Farm,Le Mont Cocho,St. Helier,1 May 2007,2007-05-01,2500000,"£2,500,000",,,44,,,,,,,,,,no listing data found in any source
International House,"18 York Street, 1 Old Street",St. Helier,1 May 2007,2007-05-01,4250000,"£4,250,000",,,44,,,,,,,,,,no listing data found in any source
Queen's Assembly Rooms and Mary Ann Mews,Belmont Roa,St. Helier,1 May 2007,2007-05-01,2835000,"£2,835,000",,,44,,,,,,,,,,no listing data found in any source
Malzard House and Wellington House,15 and 17 Union Stree,St. Helier,1 Apr 2007,2007-04-01,3150000,"£3,150,000",,,44,,,,,,,,,,no listing data found in any source
Domaine de St Laurent,Les Charrieres Nicoll,St. Lawrence,1 Apr 2007,2007-04-01,3500000,"£3,500,000",,,44,,,,,,,,,,no listing data found in any source
Val la Give,La Rue a Do,Grouville,1 Mar 2007,2007-03-01,2400000,"£2,400,000",,,45,,,,,,,,,,no listing data found in any source
Clifton Nursing Home,Bagatelle Roa,St. Saviour,1 Mar 2007,2007-03-01,4300000,"£4,300,000",,,45,,,,,,,,,,no listing data found in any source
Beauvoir and land,La Rue de Beauvoi,St. Saviour,1 Mar 2007,2007-03-01,2750000,"£2,750,000",,,45,,,,,,,,,,no listing data found in any source
Discovery Bay and Big Vern's,La Grande Route des Mielle,St. Peter,1 Mar 2007,2007-03-01,3000000,"£3,000,000",,,45,,,,,,,,,,no listing data found in any source
25 and 27 Charter Place,Seaton Plac,St. Helier,1 Mar 2007,2007-03-01,13750000,"£13,750,000",,,45,,,,,,,,,,no listing data found in any source
Stonewall,Le Mont Nero,St. Helier,1 Feb 2007,2007-02-01,2382000,"£2,382,000",,,45,,,,,,,,,,no listing data found in any source
22 Esplanade and 38 Commercial Street,", St Helier",St. Helier,1 Feb 2007,2007-02-01,2110000,"£2,110,000",,,45,,,,,,,,,,no listing data found in any source
Longpre,Le Mont de la Guerand,St. Martin,1 Feb 2007,2007-02-01,5325000,"£5,325,000",,,45,,,,,,,,,,no listing data found in any source
Standard Bank House,47-49 La Motte Street and 1 Ann Stree,St. Helier,1 Jan 2007,2007-01-01,13200000,"£13,200,000",,,45,,,,,,,,,,no listing data found in any source
The Laurels Hotel,La Route du For,St. Helier,1 Jan 2007,2007-01-01,2000000,"£2,000,000",,,45,,,,,,,,,,no listing data found in any source
Sir Walter Raleigh House,48-50 Esplanad,St. Helier,1 Nov 2006,2006-11-01,10300000,"£10,300,000",,,45,,,,,,,,,,no listing data found in any source
De Gruchy's Department Store,King Stree,St. Helier,1 Nov 2006,2006-11-01,26012200,"£26,012,200",,,45,,,,,,,,,,no listing data found in any source
Chateau les Creux,"formerly Hotel Les Creux, Le Chemin les Creux",St. Brelade,1 Nov 2006,2006-11-01,2900000,"£2,900,000",,,45,,,,,,,,,,no listing data found in any source
Frenchman's Cove,"Park Estate, La Route des Genets",St. Brelade,1 Nov 2006,2006-11-01,2500000,"£2,500,000",,,45,,,,,,,,,,no listing data found in any source
Swansons Hotel,36-37 The Esplanad,St. Helier,1 Oct 2006,2006-10-01,6800000,"£6,800,000",,,45,,,,,,,,,,no listing data found in any source
"Car Park (back of Africa House) and 82,84,86 and 88 Bath Street",14-24 James Stree,St. Helier,1 Oct 2006,2006-10-01,2226000,"£2,226,000",,,45,,,,,,,,,,no listing data found in any source
Beaumont Villa,La Rue de Crasli,St. Peter,1 Oct 2006,2006-10-01,2000000,"£2,000,000",,,45,,,,,,,,,,no listing data found in any source
Oakland with Land,Trinity Hil,St. Helier,1 Sep 2006,2006-09-01,3200000,"£3,200,000",,,45,,,,,,,,,,no listing data found in any source
"13, 14 and 15 Charing Cross",,St. Helier,1 Aug 2006,2006-08-01,3950000,"£3,950,000",,,45,,,,,,,,,,no listing data found in any source
Bay House,La Route des Genet,St. Brelade,1 Aug 2006,2006-08-01,3600000,"£3,600,000",,,45,,,,,,,,,,no listing data found in any source
2 Mulcaster Street,,St. Helier,1 Aug 2006,2006-08-01,3000000,"£3,000,000",,,46,,,,,,,,,,no listing data found in any source
Westaway Chambers,37 and 39 Don Stree,St. Helier,1 Aug 2006,2006-08-01,3725000,"£3,725,000",,,46,,,,,,,,,,no listing data found in any source
Le Benefice,,St. Clement,1 Aug 2006,2006-08-01,12880000,"£12,880,000",,,46,,,,,,,,,,no listing data found in any source
Rockmount,Le Mont de Goura,St. Martin,1 Aug 2006,2006-08-01,2125000,"£2,125,000",,,46,,,,,,,,,,no listing data found in any source
Le Manoir de Dielament,,Trinity,1 Aug 2006,2006-08-01,2900000,"£2,900,000",,,46,,,,,,,,,,no listing data found in any source
Sandringham Hotel,"9, 10 and 12, Gloucester Street",St. Helier,1 Aug 2006,2006-08-01,4575000,"£4,575,000",,,46,,,,,,,,,,no listing data found in any source
Westview Farm,La Rue des Cosnet,St. Ouen,1 Jun 2006,2006-06-01,2525000,"£2,525,000",,,46,,,,,,,,,,no listing data found in any source
Lakeside Residential Home,La Rue de la Commun,St. Peter,1 Jun 2006,2006-06-01,9808000,"£9,808,000",,,46,,,,,,,,,,no listing data found in any source
Flag House,La Rue au Moestr,St. Brelade,1 Jun 2006,2006-06-01,2000000,"£2,000,000",,,46,,,,,,,,,,no listing data found in any source
26 Spectrum House,Seaton Plac,St. Helier,1 May 2006,2006-05-01,2560000,"£2,560,000",,,46,,,,,,,,,,no listing data found in any source
Augres House,Les Ruisseau,St. Helier,1 May 2006,2006-05-01,6100000,"£6,100,000",,,46,,,,,,,,,,no listing data found in any source
Les Haies,La Rue des Haie,Trinity,1 May 2006,2006-05-01,2300000,"£2,300,000",,,46,,,,,,,,,,no listing data found in any source
31 Broad Street and 23 Commercial Street,,St. Helier,1 Mar 2006,2006-03-01,6340000,"£6,340,000",,,46,,,,,,,,,,no listing data found in any source
31 The Parade,,St. Helier,1 Mar 2006,2006-03-01,2200000,"£2,200,000",,,46,,,,,,,,,,no listing data found in any source
Cardington House,Le Mont es Tour,St. Brelade,1 Jan 2006,2006-01-01,2820000,"£2,820,000",,,46,,,,,,,,,,no listing data found in any source
Les Cascades,La Rue des Haie,Trinity,1 Jan 2006,2006-01-01,4225000,"£4,225,000",,,46,,,,,,,,,,no listing data found in any source
Plemont Holiday Village,La Route de Plemon,St. Ouen,1 Dec 2005,2005-12-01,4350000,"£4,350,000",,,46,,,,,,,,,,no listing data found in any source
Chateau Vermont,Mont Sohie,St. Saviour,1 Nov 2005,2005-11-01,2800000,"£2,800,000",,,46,,,,,,,,,,no listing data found in any source
"Units A,B,C,D and E",La Grande Route des Quennevai,St. Brelade,1 Nov 2005,2005-11-01,2750000,"£2,750,000",,,46,,,,,,,,,,no listing data found in any source
25 and 26 Esplanade,"14,16,18,20 and 22 Castle Stree",St. Helier,1 Sep 2005,2005-09-01,6500000,"£6,500,000",,,46,,,,,,,,,,no listing data found in any source
11 Broad Street,,St. Helier,1 Sep 2005,2005-09-01,6800000,"£6,800,000",,,47,,,,,,,,,,no listing data found in any source
S G Hambros House,17 1/2 Esplanade and 30 Commercial Stree,St. Helier,1 Sep 2005,2005-09-01,12500000,"£12,500,000",,,47,,,,,,,,,,no listing data found in any source
19 Queen Street and 2 and 4 Halkett Street,,St. Helier,1 Jul 2005,2005-07-01,4250000,"£4,250,000",,,47,,,,,,,,,,no listing data found in any source
Windward House,Le Mont Sohie,St. Brelade,1 Jul 2005,2005-07-01,3200000,"£3,200,000",,,47,,,,,,,,,,no listing data found in any source
Maison du Douet,La Rue de la Golard,St. Lawrence,1 Jul 2005,2005-07-01,3750000,"£3,750,000",,,47,,,,,,,,,,no listing data found in any source
Block of Offices,Esplanad,St. Helier,1 Jun 2005,2005-06-01,2220000,"£2,220,000",,,47,,,,,,,,,,no listing data found in any source
La Sergente,La Rue de la Frontier,St. Mary,1 Jun 2005,2005-06-01,2450000,"£2,450,000",,,47,,,,,,,,,,no listing data found in any source
"2, 4 and Bath Street and 2, 4 and 6 Belmont Road",,St. Helier,1 Apr 2005,2005-04-01,2425000,"£2,425,000",,,47,,,,,,,,,,no listing data found in any source
Weighbridge Bus Terminus,Caledonia Plac,St. Helier,1 Apr 2005,2005-04-01,4000000,"£4,000,000",,,47,,,,,,,,,,no listing data found in any source
Andium House,"10 Waterloo Street, 40 Don Street",St. Helier,1 Apr 2005,2005-04-01,3750000,"£3,750,000",,,47,,,,,,,,,,no listing data found in any source
Park House,"Park Estate, La Route des Genets",St. Brelade,1 Apr 2005,2005-04-01,3875000,"£3,875,000",,,47,,,,,,,,,,no listing data found in any source
Leonard's Garage,La Rue de la Sergent,St. Brelade,1 Apr 2005,2005-04-01,2000000,"£2,000,000",,,47,,,,,,,,,,no listing data found in any source
Carden House,"Park Estate, La Route des Genets",St. Brelade,1 Apr 2005,2005-04-01,3650000,"£3,650,000",,,47,,,,,,,,,,no listing data found in any source
Supermarket,La Rue le Masurie,St. Helier,1 Jan 2005,2005-01-01,18600000,"£18,600,000",,,47,,,,,,,,,,no listing data found in any source
25-27 Charter Place,Seaton Plac,St. Helier,1 Jan 2005,2005-01-01,8950000,"£8,950,000",,,47,,,,,,,,,,no listing data found in any source
2 Mulcaster Street,,St. Helier,1 Dec 2004,2004-12-01,2594000,"£2,594,000",,,47,,,,,,,,,,no listing data found in any source
Bergerac Apartments,La Rue Voisi,St. Brelade,1 Dec 2004,2004-12-01,3000000,"£3,000,000",,,47,,,,,,,,,,no listing data found in any source
Sandringham Hotel,,St. Helier,1 Dec 2004,2004-12-01,3200000,"£3,200,000",,,47,,,,,,,,,,no listing data found in any source
Les Arches,La Grande Route de Archironde,St. Martin,1 Dec 2004,2004-12-01,8356000,"£8,356,000",,,47,,,,,,,,,,no listing data found in any source
Hotel Rex,St Saviour's Roa,St. Helier,1 Oct 2004,2004-10-01,2600000,"£2,600,000",,,47,,,,,,,,,,no listing data found in any source
Quennevais House,La Route Orang,St. Brelade,1 Oct 2004,2004-10-01,3555000,"£3,555,000",,,48,,,,,,,,,,no listing data found in any source
44 King Street,,St. Helier,1 Oct 2004,2004-10-01,3400000,"£3,400,000",,,48,,,,,,,,,,no listing data found in any source
13 and  14 Esplanade,,St. Helier,1 Sep 2004,2004-09-01,10333458,"£10,333,458",,,48,,,,,,,,,,no listing data found in any source
Standard Bank House,La Motte Stree,St. Helier,1 Jul 2004,2004-07-01,11279318,"£11,279,318",,,48,,,,,,,,,,no listing data found in any source
Mont Bel,Le Mont Gave,St. Lawrence,1 Jul 2004,2004-07-01,2400100,"£2,400,100",,,48,,,,,,,,,,no listing data found in any source
9 Broad Street,"2, 4 and 6 Conway Stree",St. Helier,1 Jun 2004,2004-06-01,5100000,"£5,100,000",,,48,,,,,,,,,,no listing data found in any source
The Watersplash and Land,Five Mile Roa,St. Peter,1 Apr 2004,2004-04-01,2947000,"£2,947,000",,,48,,,,,,,,,,no listing data found in any source
Le Riches Red Houses Department Store,,St. Brelade,1 Feb 2004,2004-02-01,2000000,"£2,000,000",,,48,,,,,,,,,,no listing data found in any source
Outbuildings and Land near 'Peacock Farm',,Trinity,1 Feb 2004,2004-02-01,2000000,"£2,000,000",,,48,,,,,,,,,,no listing data found in any source
Spencer Close and Spencer Close Lodge,Beach Roa,St. Saviour,1 Feb 2004,2004-02-01,2725000,"£2,725,000",,,48,,,,,,,,,,no listing data found in any source
Trinity Hall and land,La Profonde Ru,Trinity,1 Dec 2003,2003-12-01,2225000,"£2,225,000",,,48,,,,,,,,,,no listing data found in any source
Blanche Pierre Mews,La Rue de la Blanche Pierr,St. Lawrence,1 Nov 2003,2003-11-01,2000000,"£2,000,000",,,48,,,,,,,,,,no listing data found in any source
Westview Farm,La Rue des Cosnet,St. Ouen,1 Oct 2003,2003-10-01,2309650,"£2,309,650",,,48,,,,,,,,,,no listing data found in any source
44 King Street,,St. Helier,1 Sep 2003,2003-09-01,3400000,"£3,400,000",,,48,,,,,,,,,,no listing data found in any source
Quennevais Parade and Quennevais Precinct,,St. Brelade,1 Aug 2003,2003-08-01,14210000,"£14,210,000",,,48,,,,,,,,,,no listing data found in any source
Les Prairies,La Rue des Haie,Trinity,1 Aug 2003,2003-08-01,2750000,"£2,750,000",,,48,,,,,,,,,,no listing data found in any source
Oaklands,La Rue du Coin Vari,St. Ouen,1 Aug 2003,2003-08-01,2060000,"£2,060,000",,,48,,,,,,,,,,no listing data found in any source
62 King Street,,St. Helier,1 Jul 2003,2003-07-01,3150000,"£3,150,000",,,48,,,,,,,,,,no listing data found in any source
A-J Marett Court,Marett Roa,St. Helier,1 Jun 2003,2003-06-01,2900000,"£2,900,000",,,48,,,,,,,,,,no listing data found in any source
HSBC House,The Esplanad,St. Helier,1 Apr 2003,2003-04-01,6978409,"£6,978,409",,,48,,,,,,,,,,no listing data found in any source
3 Highland House,16 and 18 Beresford Stree,St. Helier,1 Apr 2003,2003-04-01,2000000,"£2,000,000",,,49,,,,,,,,,,no listing data found in any source
Daisy Bank,"Park Estate, La Route des Genets",St. Brelade,1 Feb 2003,2003-02-01,7501000,"£7,501,000",,,49,,,,,,,,,,no listing data found in any source
Olympia,70 Esplanad,St. Helier,1 Dec 2002,2002-12-01,2265000,"£2,265,000",,,49,,,,,,,,,,no listing data found in any source
34 King Street,,St. Helier,1 Dec 2002,2002-12-01,3000000,"£3,000,000",,,49,,,,,,,,,,no listing data found in any source
Century Buildings,"Block D, The Esplanade",St. Helier,1 Dec 2002,2002-12-01,5014002,"£5,014,002",,,49,,,,,,,,,,no listing data found in any source
Century Buildings,"Block C, The Esplanade",St. Helier,1 Dec 2002,2002-12-01,2848889,"£2,848,889",,,49,,,,,,,,,,no listing data found in any source
Century Buildings,"The Esplanade, Bock B",St. Helier,1 Dec 2002,2002-12-01,2995979,"£2,995,979",,,49,,,,,,,,,,no listing data found in any source
Chelsea Hotel,11 Gloucester Stree,St. Helier,1 Dec 2002,2002-12-01,3900000,"£3,900,000",,,49,,,,,,,,,,no listing data found in any source
Emplacement of Hotel Angleterre,9 Gloucester Stree,St. Helier,1 Dec 2002,2002-12-01,4445000,"£4,445,000",,,49,,,,,,,,,,no listing data found in any source
Waterloo House,15 Waterloo Stree,St. Helier,1 Dec 2002,2002-12-01,2250000,"£2,250,000",,,49,,,,,,,,,,no listing data found in any source
Dolphin House,"52, 54, 56 and 58 Colomberi",St. Helier,1 Dec 2002,2002-12-01,5600000,"£5,600,000",,,49,,,,,,,,,,no listing data found in any source
L'Hermitage,La Route de Beaumon,St. Peter,1 Dec 2002,2002-12-01,7000000,"£7,000,000",,,49,,,,,,,,,,no listing data found in any source
St Clement's Bay Apartments,Samares Coast Roa,St. Clement,1 Nov 2002,2002-11-01,2200000,"£2,200,000",,,49,,,,,,,,,,no listing data found in any source
Rockhampton Hotel,La Route de St Aubi,St. Helier,1 Nov 2002,2002-11-01,2200000,"£2,200,000",,,49,,,,,,,,,,no listing data found in any source
Merlin House,Pier Roa,St. Helier,1 Nov 2002,2002-11-01,2525000,"£2,525,000",,,49,,,,,,,,,,no listing data found in any source
Waverley Farm,Le Mont Arthu,St. Brelade,1 Oct 2002,2002-10-01,3000000,"£3,000,000",,,49,,,,,,,,,,no listing data found in any source
Supermarket,La Grande Route des Quennevai,St. Brelade,1 Jul 2002,2002-07-01,3000000,"£3,000,000",,,49,,,,,,,,,,no listing data found in any source
20 King Street,"1, 3 and 5 Don Stree",St. Helier,1 Jul 2002,2002-07-01,4435000,"£4,435,000",,,49,,,,,,,,,,no listing data found in any source
Hotel Central,Kensington Plac,St. Helier,1 Jul 2002,2002-07-01,2500000,"£2,500,000",,,49,,,,,,,,,,no listing data found in any source
Gloster House,49 Rouge Bouillo,St. Helier,1 Feb 2002,2002-02-01,2000000,"£2,000,000",,,49,,,,,,,,,,no listing data found in any source
Site of Bonne Nuit Chalet Hotel,Les Charrieres de Bonne Nui,St. John,1 Feb 2002,2002-02-01,3150000,"£3,150,000",,,50,,,,,,,,,,no listing data found in any source
Chateau St Laurent,Le Mont Cambra,St. Lawrence,1 Feb 2002,2002-02-01,2400000,"£2,400,000",,,50,,,,,,,,,,no listing data found in any source
The Mermaid Hotel,,St. Peter,1 Jan 2002,2002-01-01,4500000,"£4,500,000",,,50,,,,,,,,,,no listing data found in any source
Miladi Parade,Miladi Far,St. Saviour,1 Nov 2001,2001-11-01,2500000,"£2,500,000",,,50,,,,,,,,,,no listing data found in any source
Caversham House,"19 Queen Street, 2 and 4 Halkett Street",St. Helier,1 Nov 2001,2001-11-01,2340000,"£2,340,000",,,50,,,,,,,,,,no listing data found in any source
Club Carrefour,La Grande Route de St Lauren,St. Lawrence,1 Nov 2001,2001-11-01,2000000,"£2,000,000",,,50,,,,,,,,,,no listing data found in any source
7 Castle Street,,St. Helier,1 Oct 2001,2001-10-01,5050000,"£5,050,000",,,50,,,,,,,,,,no listing data found in any source
Bonnenuit Lodge and Bonnenuit Cottage,"Jersey Pearl, La Route du Mont Mado",St. John,1 Oct 2001,2001-10-01,2600000,"£2,600,000",,,50,,,,,,,,,,no listing data found in any source
Carden House,"Park Estate, La Route des Genets",St. Brelade,1 Aug 2001,2001-08-01,3000000,"£3,000,000",,,50,,,,,,,,,,no listing data found in any source
Montfort Hall Hotel,Great Union Roa,St. Helier,1 Aug 2001,2001-08-01,2392000,"£2,392,000",,,50,,,,,,,,,,no listing data found in any source
"Offices 2,4 and 6 Church Street",,St. Helier,1 Aug 2001,2001-08-01,2750000,"£2,750,000",,,50,,,,,,,,,,no listing data found in any source
34 and 36 Colomberie,"., 16 Grenville Street",St. Helier,1 Jun 2001,2001-06-01,2651000,"£2,651,000",,,50,,,,,,,,,,no listing data found in any source
26 New Street,,St. Helier,1 May 2001,2001-05-01,13000000,"£13,000,000",,,50,,,,,,,,,,no listing data found in any source
Bermuda House,Green Stree,St. Helier,1 May 2001,2001-05-01,2650000,"£2,650,000",,,50,,,,,,,,,,no listing data found in any source
1 and 21 Britannia Place,Bath Stree,St. Helier,1 May 2001,2001-05-01,2000000,"£2,000,000",,,50,,,,,,,,,,no listing data found in any source
"4,5,6 and 7 Payn Street",,St. Helier,1 May 2001,2001-05-01,4750000,"£4,750,000",,,50,,,,,,,,,,no listing data found in any source
Portland Hotel,17 Midvale Roa,St. Helier,1 Mar 2001,2001-03-01,2310000,"£2,310,000",,,50,,,,,,,,,,no listing data found in any source
