name,address,parish,sale_date,sale_date_iso,sale_price,sale_price_display,agent,agent_slug,source_page
"Lowlands Farm, Trinity","La Rue de la Fontaine de Colard, Trinity",Trinity,29 May 2026,2026-05-29,3125000,"£3,125,000",,,1
"Trelawney, St. Brelade","La Route du Francfief, St. Brelade",St. Brelade,29 May 2026,2026-05-29,3005000,"£3,005,000",,,1
"Quatre Vents, St. Lawrence","La Rue des Murs, St. Lawrence",St. Lawrence,29 May 2026,2026-05-29,2790000,"£2,790,000",,,1
"Nouveaux Jours (formerly Les Pres Verts, originally 2 Laburnum), St. Mary","La Rue des Buttes, St. Mary",St. Mary,29 May 2026,2026-05-29,2380000,"£2,380,000",,,1
"Maison Icho, St. Clement","Pontac Common, St. Clement",St. Clement,22 May 2026,2026-05-22,2200000,"£2,200,000",,,1
"Malorey House (formerly known as La Maison de Guingeval), St. Lawrence","Les Charrieres Malorey, St. Lawrence",St. Lawrence,15 May 2026,2026-05-15,4250000,"£4,250,000",,,1
"Vine House, St. Martin","Le Mont de Gouray, St. Martin",St. Martin,15 May 2026,2026-05-15,2400000,"£2,400,000",Le Maistre Estates,le-maistre-estates,1
"Baymont House (formerly called Sivalai and before that Corrie Point), St. Brelade","Le Mont Arthur, St. Brelade",St. Brelade,8 May 2026,2026-05-08,8500000,"£8,500,000",Broadlands,broadlands,1
"Apartment 3, One St. Brelade, St. Brelade","Le Mont Gras D'Eau, St. Brelade",St. Brelade,8 May 2026,2026-05-08,3400000,"£3,400,000",Savills,savills,1
"Apartment 6, One St. Brelade, St. Brelade","Le Mont Gras d'Eau, St. Brelade",St. Brelade,8 May 2026,2026-05-08,3600000,"£3,600,000",Savills,savills,1
"Apartment 9, One St. Brelade, St. Brelade","Le Mont Gras d'Eau, St. Brelade",St. Brelade,8 May 2026,2026-05-08,3600000,"£3,600,000",Savills,savills,1
"Share 7, Stewart Nicolle Flats and Marks & Spencer St. Clement, St. Clement","La Grande Route de la Cote, St. Clement",St. Clement,1 May 2026,2026-05-01,2400000,"£2,400,000",,,1
"Roche Mouette (previously California), St. Brelade","La Rue du Grouet, St. Brelade",St. Brelade,1 May 2026,2026-05-01,5100000,"£5,100,000",,,1
"Beau Desert with Beau Desert Lodge, St. Saviour","La Rue de La Retraite, St. Saviour",St. Saviour,10 Apr 2026,2026-04-10,8500000,"£8,500,000",Savills,savills,1
"Cote de la Rigondaine, Grouville","La Rigondaine, Grouville",Grouville,10 Apr 2026,2026-04-10,2360000,"£2,360,000",Gaudin & Co,gaudin-and-co,1
"St. Mannelier with the Cottage, St. Saviour","La Rue de St. Mannelier, St. Saviour",St. Saviour,27 Mar 2026,2026-03-27,11492500,"£11,492,500",Savills,savills,1
"Hotel Savoy, St. Helier","37 Rouge Bouillon, St. Helier",St. Helier,27 Mar 2026,2026-03-27,4500000,"£4,500,000",,,1
"3 Royal Bay Gardens, Grouville","La Rigondaine, Grouville",Grouville,27 Mar 2026,2026-03-27,2150000,"£2,150,000",,,1
"Le Coin, 1 Le Coin Cottages and 2 Le Coin Cottages, St. Brelade","Le Mont du Coin, —, St. Brelade",St. Brelade,13 Mar 2026,2026-03-13,12000000,"£12,000,000",Fine & Country,fine-and-country,1
"Les Rosiers, St. Clement","Les Rosiers, La Rue du Pontlietaut, St. Clement",St. Clement,6 Mar 2026,2026-03-06,2400000,"£2,400,000",Broadlands,broadlands,1
"La Solitude Farm, St. Lawrence","La Rue de la Scelletterie, —, St. Lawrence",St. Lawrence,13 Feb 2026,2026-02-13,3150000,"£3,150,000",Gaudin & Co,gaudin-and-co,2
"Jersey Bowl, St. Peter","Jersey Bowl Ltd, L'Avenue de La Reine Elizabeth II, St. Peter",St. Peter,13 Feb 2026,2026-02-13,3431432,"£3,431,432",,,2
"La Sabliere (formerly known as Wichwood), St. Clement","La Sabliere, La Grande Route de La Cote, St. Clement",St. Clement,6 Feb 2026,2026-02-06,2096240,"£2,096,240",Gaudin & Co,gaudin-and-co,2
"Willow Lodge (formerly Windsor Lodge), Grouville","Willow Lodge, La Rue A Don, Grouville",Grouville,30 Jan 2026,2026-01-30,2125000,"£2,125,000",Hunt Estates,hunt-estates,2
"Rockvale, St. Lawrence","La Rue de Haut, —, St. Lawrence",St. Lawrence,30 Jan 2026,2026-01-30,12000000,"£12,000,000",Savills,savills,2
"Share 2, 14 Gloucester Street, St. Helier","Gloucester Street, —, St. Helier",St. Helier,30 Jan 2026,2026-01-30,7350000,"£7,350,000",,,2
Mourier Farm,"Mourier Farm, Le Chemin Des Hougues, St. John",St. John,23 Jan 2026,2026-01-23,3250000,"£3,250,000",,,2
"Centenary House, Centenary Court and Style House","La Grande Route de St. Pierre, —, St. Peter",St. Peter,23 Jan 2026,2026-01-23,10700000,"£10,700,000",,,2
"M&S Simply Food, St. John (formerly known as Melbourne Garage)","La Route des Issues, —, St. John",St. John,23 Jan 2026,2026-01-23,3300000,"£3,300,000",,,2
St. Peter’s House,"St. Peters House, La Route Des Hetres, St. Peter",St. Peter,16 Jan 2026,2026-01-16,8000000,"£8,000,000",Fine & Country,fine-and-country,2
Santa Cruz (formerly ‘Innishowen’),"Santa Cruz, Les Varines, St. Saviour",St. Saviour,16 Jan 2026,2026-01-16,2860000,"£2,860,000",Fine & Country,fine-and-country,2
"La Porte, St. John","La Porte, La Rue de La Porte, St. John",St. John,9 Jan 2026,2026-01-09,2400000,"£2,400,000",Le Rossignol Estates,le-rossignol,2
The Byre,"La Vette Rue, St. Helier, Jersey",St. Helier,19 Dec 2025,2025-12-19,2925000,"£2,925,000",Gaudin & Co,gaudin-and-co,2
13-14 Esplanade,"—, —, St. Helier",St. Helier,12 Dec 2025,2025-12-12,7050000,"£7,050,000",,,2
"The Grove, St. Lawrence","The Grove, Le Mont Cambrai, St. Lawrence",St. Lawrence,5 Dec 2025,2025-12-05,38000000,"£38,000,000",Fine & Country,fine-and-country,2
"Mount Grove, St. Lawrence","Rue de la Blanche Pierre, —, St. Lawrence",St. Lawrence,5 Dec 2025,2025-12-05,5000000,"£5,000,000",Savills,savills,2
"1 Vantage, St. Martin","1 Vantage, Le Mont de Gouray, St. Martin",St. Martin,5 Dec 2025,2025-12-05,2850000,"£2,850,000",Fine & Country,fine-and-country,2
"Tides Reach, St. Brelade","Tides Reach, La Neuve Route, St. Brelade",St. Brelade,5 Dec 2025,2025-12-05,2400000,"£2,400,000",Savills,savills,2
"La Rochelle, Grouville","La Rochelle, Le Vier Mont, Grouville",Grouville,28 Nov 2025,2025-11-28,3900000,"£3,900,000",,,3
"Cimandis House, St. Saviour","Cimandis, L'Avenue Le Bas, St. Saviour",St. Saviour,21 Nov 2025,2025-11-21,5350000,"£5,350,000",,,3
"Clos de Coleron, St. Brelade","Clos de Coleron, Le Chemin de Creux, St. Brelade",St. Brelade,21 Nov 2025,2025-11-21,8500000,"£8,500,000",Savills,savills,3
"The Brambles (to be known as Chough House), St. Brelade","The Brambles, Le Mont du Ouaisne, St. Brelade",St. Brelade,21 Nov 2025,2025-11-21,2300000,"£2,300,000",,,3
Les Ruelles (formerly ‘Burfield’ and before that ‘Les Ruettes’),"Les Ruelles, La Grande Route de St. Jean, St. John",St. John,14 Nov 2025,2025-11-14,2460000,"£2,460,000",Savills,savills,3
Clos Tranquil (previously called ‘Beauvoir’),"Clos Tranquil, La Rue du Crocquet, St. Brelade",St. Brelade,7 Nov 2025,2025-11-07,2978500,"£2,978,500",Savills,savills,3
La Maison Clairval,"La Maison Clairval, La Rue de St. Mannelier, St. Saviour",St. Saviour,31 Oct 2025,2025-10-31,2900000,"£2,900,000",,,3
Haut du Mont Farm (formerly Haut du Mont),"La Rue L'Aleval, —, St. Peter",St. Peter,31 Oct 2025,2025-10-31,6525000,"£6,525,000",,,3
Amberley,"Amberley, La Rue du Rue, St. Martin",St. Martin,17 Oct 2025,2025-10-17,4150000,"£4,150,000",Fine & Country,fine-and-country,3
"19 Esplanade, 20 Esplanade, 21 Esplanade, and 34 Commercial Street","The Esplanade, —, St. Helier",St. Helier,10 Oct 2025,2025-10-10,3500000,"£3,500,000",,,3
Clos des Arbres,"Clos Des Arbres, La Rue de La Retraite, St. Saviour",St. Saviour,26 Sep 2025,2025-09-26,2175000,"£2,175,000",Livingroom,livingroom,3
Trinity House with the land called ‘Le Court Catel’ bearing field number 797 on the Jersey Digital Map,"Trinity House, La Rue du Catel, Trinity",Trinity,26 Sep 2025,2025-09-26,3000000,"£3,000,000",Le Maistre Estates,le-maistre-estates,3
Waypoint (formerly ‘La Caumine’),"Waypoint, Le Mont Gras D'Eau, St. Brelade",St. Brelade,12 Sep 2025,2025-09-12,4225000,"£4,225,000",Savills,savills,3
4 Royal Bay Gardens,"4 Royal Bay Gardens, La Rigondaine, Grouville",Grouville,12 Sep 2025,2025-09-12,2150000,"£2,150,000",Broadlands,broadlands,3
La Maison des Banques,"Le Mont de la Rosiere, —, St. Saviour",St. Saviour,12 Sep 2025,2025-09-12,3200000,"£3,200,000",,,3
La Cigale,"La Cigale, La Rue du Douet, St. Ouen",St. Ouen,5 Sep 2025,2025-09-05,2850000,"£2,850,000",,,4
3 Martel View,"Le Mont de la Rocque, —, St. Brelade",St. Brelade,5 Sep 2025,2025-09-05,2050000,"£2,050,000",,,4
La Ville au Bas Lodge,"La Ville Au Bas Lodge, La Rue de La Ville Au Bas, St. Lawrence",St. Lawrence,29 Aug 2025,2025-08-29,2000000,"£2,000,000",Livingroom,livingroom,4
La Ville au Bas,"La Ville Au Bas, La Rue de La Ville Au Bas, St. Lawrence",St. Lawrence,29 Aug 2025,2025-08-29,4600000,"£4,600,000",Livingroom,livingroom,4
Bay Tree House,"Bay Tree House, La Rue de Haut, St. Lawrence",St. Lawrence,29 Aug 2025,2025-08-29,3550000,"£3,550,000",Gaudin & Co,gaudin-and-co,4
Le Val Lodge (formerly Sea View House),"La Route des Genets, —, St. Brelade",St. Brelade,22 Aug 2025,2025-08-22,13000000,"£13,000,000",Broadlands,broadlands,4
Highland House,"La Grande Route de St. Laurent, —, St. Lawrence",St. Lawrence,15 Aug 2025,2025-08-15,8500000,"£8,500,000",Fine & Country,fine-and-country,4
"La Cachette, St. Peter","La Rue du Craslin, —, St. Peter",St. Peter,1 Aug 2025,2025-08-01,2000000,"£2,000,000",Livingroom,livingroom,4
"Talana Hotel (formerly 1, 2 and 3 Villiers Place), St. Saviour","Talana Hotel, Bagot Road, St. Saviour",St. Saviour,1 Aug 2025,2025-08-01,2000000,"£2,000,000",Gaudin & Co,gaudin-and-co,4
Little Orchard,"Little Orchard, Le Mont Cochon, St Helier",St Helier,11 Jul 2025,2025-07-11,2250000,"£2,250,000",Livingroom,livingroom,4
La Fontaine Martin,"La Fontaine Martin, Le Chemin Du Chateau, St Ouen",St Ouen,4 Jul 2025,2025-07-04,3500000,"£3,500,000",Savills,savills,4
Bourg House,"Bourg House, Le Grand Bourg, Grouville",Grouville,4 Jul 2025,2025-07-04,2030000,"£2,030,000",,,4
Cliffside House,"La Rue du Catel, —, Trinity",Trinity,27 Jun 2025,2025-06-27,3650000,"£3,650,000",Savills,savills,4
Domaine de la Valette (formerly known as ‘La Valette Farm’),"La Rue des Trois Champs, —, St John",St John,27 Jun 2025,2025-06-27,8000000,"£8,000,000",Knight Frank Jersey,wilsons,4
La Carre de Choux (formerly ‘Elgon’),"Le Carre De Choux, 9 La Petite Ruette, St Brelade",St Brelade,27 Jun 2025,2025-06-27,2225000,"£2,225,000",Hunt Estates,hunt-estates,4
L'Abri,"Le Chemin De Herupe, St John",St John,20 Jun 2025,2025-06-20,2500000,"£2,500,000",Savills,savills,4
Oak Farm,"La Rue De Sorel, St John",St John,20 Jun 2025,2025-06-20,2400000,"£2,400,000",Livingroom,livingroom,4
3 Miramar,"Le Mont Gras D'Eau, St Brelade",St Brelade,13 Jun 2025,2025-06-13,3800000,"£3,800,000",Fine & Country,fine-and-country,4
Ladies Walk (formerly 'Rectory Farm'),"La Rue du Motier, St Mary",St Mary,23 May 2025,2025-05-23,6200000,"£6,200,000",,,5
"Apartment 4, One St Brelade","Apartment 4, One St Brelade, La Route de Noirmont, St Brelade",St Brelade,8 May 2025,2025-05-08,3750000,"£3,750,000",Savills,savills,5
Mon Bel,"Mon Bel, La Rue des Aix, St Peter",St Peter,2 May 2025,2025-05-02,5400000,"£5,400,000",Savills,savills,5
Ensign House,"29 and 31 Seaton Place, —, St Helier",St Helier,2 May 2025,2025-05-02,8000000,"£8,000,000",,,5
La Haule Residential Home,La Route de l'Isle,La Route de l'Isle,25 Apr 2025,2025-04-25,11818000,"£11,818,000",,,5
Silver Springs Care Home,La Route Des Genets,La Route Des Genets,25 Apr 2025,2025-04-25,18382000,"£18,382,000",,,5
Anne Port Farm,La Route de la Cote,La Route de la Cote,25 Apr 2025,2025-04-25,10250000,"£10,250,000",Hunt Estates,hunt-estates,5
Unit 1 Vent DʼEte,"Unit 1 Vent DʼEte, La Rue de L'Etocquet, St John",St John,11 Apr 2025,2025-04-11,2050000,"£2,050,000",,,5
Eventide,"Eventide, La Rue Du Grouet, St Brelade",St Brelade,11 Apr 2025,2025-04-11,5000000,"£5,000,000",Savills,savills,5
Coline de Lavande (formerly ‘Wildwaysʼ),"Coline De Lavande, Park Estate",Park Estate,4 Apr 2025,2025-04-04,31500000,"£31,500,000",Savills,savills,5
"Charnwood, St Brelade","Charnwood, 13 La Maudelaine Estate",13 La Maudelaine Estate,4 Apr 2025,2025-04-04,2895000,"£2,895,000",Benest Estates,benest-estates,5
"La Ruette, St John","La Ruette, La Rue de la Mare Ballam, St John",St John,21 Mar 2025,2025-03-21,2400000,"£2,400,000",Savills,savills,5
"La Maison de Leoville, St Ouen","Le Maison De Leoville, Le Mont De La Greve De Lecq, St Ouen",St Ouen,14 Mar 2025,2025-03-14,3050000,"£3,050,000",Hunt Estates,hunt-estates,5
"Le Cotil (formerly known as ‘Hillside’), St Brelade","Le Cotil, Le Mont De La Rocque, St Brelade",St Brelade,14 Mar 2025,2025-03-14,3500000,"£3,500,000",Savills,savills,5
Noirmont Farm,"Noirmont Farm, La Rue Voisin, St Brelade",St Brelade,28 Feb 2025,2025-02-28,5747720,"£5,747,720",Broadlands,broadlands,5
27 – 28 Esplanade and 3 La Rue des Mielles,"27 - 28 Esplanade and 3 La Rue des Mielles, —, St Helier",St Helier,28 Feb 2025,2025-02-28,36200000,"£36,200,000",,,5
Gaspe House,"Gaspe House, 66-72 Esplanade, St Helier",St Helier,28 Feb 2025,2025-02-28,83200000,"£83,200,000",,,5
S G Hambros House,"17 1/2 Esplanade, St Helier",St Helier,21 Feb 2025,2025-02-21,9000000,"£9,000,000",,,5
SUPANA (formerly known as Glenroyd),"La Grande Route des Sablons, Grouville",Grouville,14 Feb 2025,2025-02-14,4250000,"£4,250,000",Savills,savills,5
Treetops,"4 Clos de la Ferme Rose, St Brelade, JE3 8DE",St Brelade,14 Feb 2025,2025-02-14,4250000,"£4,250,000",Livingroom,livingroom,5
"The Assembly Rooms, St Brelade","Le Boulevard, St Brelade, JE3 8AB",St Brelade,31 Jan 2025,2025-01-31,4000000,"£4,000,000",Broadlands,broadlands,6
"1 Palm Drive, St Brelade","La Rue Voisin, St Brelade, JE3 8PD",St Brelade,31 Jan 2025,2025-01-31,2325000,"£2,325,000",Hunt Estates,hunt-estates,6
"Cresta, St Brelade","Le Mont De La Rocque, St Brelade, JE3 8BQ",St Brelade,31 Jan 2025,2025-01-31,5500000,"£5,500,000",Broadlands,broadlands,6
"Beau Pré, St Mary","La Cheve Rue, St Mary, JE3 3EN",St Mary,31 Jan 2025,2025-01-31,9250000,"£9,250,000",Hunt Estates,hunt-estates,6
"Gwithian, St Brelade","La Rue Voisin, St Brelade, JE3 8AT",St Brelade,17 Jan 2025,2025-01-17,3650000,"£3,650,000",Gaudin & Co,gaudin-and-co,6
"Chalet des Arbres, St Brelade","Le Mont Gras D'Eau, St Brelade, JE3 8ED",St Brelade,17 Jan 2025,2025-01-17,3000000,"£3,000,000",,,6
La Rochelle,"La Rochelle, 1 Petite Route De Campagne, St Peter, JE3 7LL",St Peter,10 Jan 2025,2025-01-10,3325000,"£3,325,000",,,6
"La Sarsonnerie (formerly Don Farm), St John",La Sarsonnerie (formerly Don Farm),La Sarsonnerie (formerly Don Farm),10 Jan 2025,2025-01-10,9600000,"£9,600,000",Knight Frank Jersey,wilsons,6
"Charter Place, 25 27 Seaton Place, St Helier","Charter Place, 25 27 Seaton Place, St Helier, JE2 3QL",St Helier,7 Jan 2025,2025-01-07,12500000,"£12,500,000",,,6
"Le Grand Clos De St Pierre and Le Jardin De Vibert, Saint Peter",,Saint Peter,20 Dec 2024,2024-12-20,5237730,"£5,237,730",,,6
Clare House (formerly Randalls Brewery),Clare House (formerly Randalls Brewery),Clare House (formerly Randalls Brewery),6 Dec 2024,2024-12-06,2500000,"£2,500,000",,,6
Hotel L’Emeraude (previously called Sien Hall Hotel),Hotel L'Emeraude (previously called Sien Hall Hotel),Hotel L'Emeraude (previously called Sien Hall Hotel),6 Dec 2024,2024-12-06,5250000,"£5,250,000",,,6
19 and 21 Broad Street,19 and 21 Broad Street,19 and 21 Broad Street,29 Nov 2024,2024-11-29,3000000,"£3,000,000",,,6
Roseneath with Roseneath Cottage,La Rue De Fauvic,La Rue De Fauvic,29 Nov 2024,2024-11-29,3100000,"£3,100,000",Slomans,slomans,6
1 Seaton Place,,1 Seaton Place,22 Nov 2024,2024-11-22,6625000,"£6,625,000",,,6
Highgrove House (formerly Cherry Garth),La Rue De Haut,La Rue De Haut,22 Nov 2024,2024-11-22,2110000,"£2,110,000",,,6
"Apartment 7, One St Brelade",Apartment 7,Apartment 7,15 Nov 2024,2024-11-15,4200000,"£4,200,000",,,6
Airlie,Airlie,Airlie,1 Nov 2024,2024-11-01,2750000,"£2,750,000",,,6
Bas Rozel and associated fields,Rue de la Perruque,Rue de la Perruque,25 Oct 2024,2024-10-25,2000000,"£2,000,000",,,6
La Bourdonnerie,Rue de la Lourderie,Rue de la Lourderie,18 Oct 2024,2024-10-18,3700000,"£3,700,000",Fine & Country,fine-and-country,6
Staks,La Pulente,La Pulente,4 Oct 2024,2024-10-04,2100000,"£2,100,000",,,7
Clos De La Plage,Old Forge Lane,Old Forge Lane,27 Sep 2024,2024-09-27,2500000,"£2,500,000",Fine & Country,fine-and-country,7
LE VIVIER,La Grande Route de Rozel,La Grande Route de Rozel,6 Sep 2024,2024-09-06,17000000,"£17,000,000",Livingroom,livingroom,7
"UNDIVIDED HALF SHARE IN EACH OF THE SHARES NUMBERED 48 AND 52, 16  ...",HILARY STREET,HILARY STREET,6 Sep 2024,2024-09-06,4981792,"£4,981,792",,,7
LE VALLON,Le Mont Felard,Le Mont Felard,23 Aug 2024,2024-08-23,3600000,"£3,600,000",Fine & Country,fine-and-country,7
MAISON BLANCHE (formerly Chimera),"MAISON BLANCHE (formerly Chimera), La Grande Route de la Baie de St  ...",La Grande Route de la Baie de St  ...,16 Aug 2024,2024-08-16,7407500,"£7,407,500",Hunt Estates,hunt-estates,7
LE MANOIR DU FIEF ET SEIGNEURIE DE VINCHELEZ DE BAS,La Route de Vinchelez,La Route de Vinchelez,9 Aug 2024,2024-08-09,5200000,"£5,200,000",Savills,savills,7
UNDIVIDED HALF SHARE IN ST BERNARD,La Route de la Hougue Bie,La Route de la Hougue Bie,2 Aug 2024,2024-08-02,2178780,"£2,178,780",,,7
33 AND 35 PIER ROAD AND NOW KNOWN AS PIERMONT HOUSE,"33 AND 35 PIER ROAD AND NOW KNOWN  ..., Pier Road",Pier Road,26 Jul 2024,2024-07-26,2000000,"£2,000,000",Broadlands,broadlands,7
1 LA CHATELAINE DE GOURAY,"1 LA CHATELAINE DE GOURAY, La Route de la Cte",La Route de la Cte,19 Jul 2024,2024-07-19,2000000,"£2,000,000",,,7
7 BAYCROFT APARTMENTS,"7 BAYCROFT APARTMENTS, La Route de la Haule",La Route de la Haule,19 Jul 2024,2024-07-19,2500000,"£2,500,000",Livingroom,livingroom,7
"FIRSTLY, MAUFANT MANOR, SECONDLY, A CERTAIN PIECE OF LAND  ...","FIRSTLY, MAUFANT MANOR, SECONDLY, A  ..., TOGETHER BEARING THE FIELD NUMBERS  ...",TOGETHER BEARING THE FIELD NUMBERS  ...,12 Jul 2024,2024-07-12,8500000,"£8,500,000",Savills,savills,7
"APARTMENT 8, ONE ST BRELADE","APARTMENT 8, ONE ST BRELADE, Le Mont Gras d'Eau",ONE ST BRELADE,12 Jul 2024,2024-07-12,2797000,"£2,797,000",Fine & Country,fine-and-country,7
LA POMPE,"LA POMPE, La Rue des Marais",La Rue des Marais,5 Jul 2024,2024-07-05,5500000,"£5,500,000",Fine & Country,fine-and-country,7
VAL RICHER,"VAL RICHER, Le Mont de Rozel",Le Mont de Rozel,28 Jun 2024,2024-06-28,5400000,"£5,400,000",Savills,savills,7
LES RUISSEAUX LODGE (formerly Tree Tops and previously Malaya),"LES RUISSEAUX LODGE (formerly Tree  ..., La Route des Gents",La Route des Gents,28 Jun 2024,2024-06-28,7500000,"£7,500,000",,,7
Chateau Haute Terre,La Rue du Vard,La Rue du Vard,14 Jun 2024,2024-06-14,6000000,"£6,000,000",Savills,savills,7
Les Vaux,Le Mont les Vaux,Le Mont les Vaux,14 Jun 2024,2024-06-14,3250000,"£3,250,000",,,8
Apartment 2/5,"The Shearwater, La Rue Voisin",La Rue Voisin,7 Jun 2024,2024-06-07,2900000,"£2,900,000",Savills,savills,8
Le Manoir,"4 Les Beaux Champs, La Route d'Ebenezer",La Route d'Ebenezer,31 May 2024,2024-05-31,3275000,"£3,275,000",Fine & Country,fine-and-country,8
Whitton Grange,La Route des Issues,La Route des Issues,3 May 2024,2024-05-03,5450000,"£5,450,000",Savills,savills,8
Les Landes House,"formerly Les Landes Cottage, La Rue des Landes",La Rue des Landes,3 May 2024,2024-05-03,2550000,"£2,550,000",Savills,savills,8
Hampshire Hotel,"53 Val Plaisant, formerly known as The Egremont",formerly known as The Egremont,3 May 2024,2024-05-03,3020000,"£3,020,000",,,8
126-138 The Limes,"formerly known as Willow Court, Green Street",Green Street,3 May 2024,2024-05-03,4850000,"£4,850,000",,,8
Oaklands,La Rue du Coin Varin,La Rue du Coin Varin,12 Apr 2024,2024-04-12,4560000,"£4,560,000",Savills,savills,8
Villa de la Cote,"formerly known as Erin Villa, La Grande Route de la Cote",La Grande Route de la Cote,12 Apr 2024,2024-04-12,3130000,"£3,130,000",Knight Frank Jersey,wilsons,8
Landscape Farm,Le Chemin des Moulins,Le Chemin des Moulins,5 Apr 2024,2024-04-05,7250000,"£7,250,000",Fine & Country,fine-and-country,8
Les Cotils with a triangular shaped parcel of land known as FIELD  ...,La Route de l'Etacq,La Route de l'Etacq,22 Mar 2024,2024-03-22,2620000,"£2,620,000",Fine & Country,fine-and-country,8
Seaside Cafe (formerly known as Romany Cafe or Cafe Romany),La Greve de Lecq,La Greve de Lecq,15 Mar 2024,2024-03-15,3600000,"£3,600,000",Broadlands,broadlands,8
Fairhurst,"Formerly known as Fairhurst Cottage, La Rue de la Falaise",La Rue de la Falaise,8 Mar 2024,2024-03-08,2450000,"£2,450,000",Broadlands,broadlands,8
Mont Mallet,Le Mont de la Guerande,Le Mont de la Guerande,8 Mar 2024,2024-03-08,3000000,"£3,000,000",,,8
Jacksons Garage/Showroom and Jacksons House,La Rue Fondon,La Rue Fondon,1 Mar 2024,2024-03-01,8000000,"£8,000,000",,,8
"Jackson's Landrover Showroom, Jacksons Accounts Office And  ...",La Rue Fondon,La Rue Fondon,1 Mar 2024,2024-03-01,4000000,"£4,000,000",,,8
Jacksons Garage Service Centre and Jacksons Volvo,La Rue Fondon,La Rue Fondon,1 Mar 2024,2024-03-01,3652778,"£3,652,778",,,8
Apartment 11,"One St Brelade, La Route des Genets",One St Brelade,1 Mar 2024,2024-03-01,3650000,"£3,650,000",Fine & Country,fine-and-country,8
Apartment 2,"One St Brelade, La Route des Genets",One St Brelade,1 Mar 2024,2024-03-01,4000000,"£4,000,000",Savills,savills,8
Penthouse Apartment,"One St Brelade, La Route des Genets",One St Brelade,1 Mar 2024,2024-03-01,6600000,"£6,600,000",Savills,savills,8
Motor Mall (formerly known as St Helier Garage),La Grande Route de St Jean,La Grande Route de St Jean,1 Mar 2024,2024-03-01,7529762,"£7,529,762",,,9
Green Court,"formerly Pointe du Pre, La Rue du Douet de Rue",La Rue du Douet de Rue,23 Feb 2024,2024-02-23,2500000,"£2,500,000",Broadlands,broadlands,9
Undivided half share in Little Court,Le Mont Cambrai,Le Mont Cambrai,2 Feb 2024,2024-02-02,3250000,"£3,250,000",,,9
Caledonia House,8 Caledonia Place,8 Caledonia Place,26 Jan 2024,2024-01-26,2050000,"£2,050,000",Broadlands,broadlands,9
Le Jardin,La Rue de la Mare,La Rue de la Mare,19 Jan 2024,2024-01-19,2250000,"£2,250,000",Troys,troys,9
La Rocquaise,La Route de la Baie,La Route de la Baie,19 Jan 2024,2024-01-19,5610000,"£5,610,000",Knight Frank Jersey,wilsons,9
A certain piece of land and appurtenances formerly dependent to  ...,Le Chemin au Greves,Le Chemin au Greves,5 Jan 2024,2024-01-05,2000000,"£2,000,000",,,9
6 Portelet Bay,La Rue Voisin,La Rue Voisin,5 Jan 2024,2024-01-05,3625000,"£3,625,000",Knight Frank Jersey,wilsons,9
Francfief Farm (formerly known as Franc Fief),La Rue du Conet,La Rue du Conet,22 Dec 2023,2023-12-22,2700000,"£2,700,000",Savills,savills,9
40 Cherry Tree Cottage,Green Street,Green Street,22 Dec 2023,2023-12-22,2100000,"£2,100,000",,,9
Butt & Ben,La Rue des Platons,La Rue des Platons,8 Dec 2023,2023-12-08,2000000,"£2,000,000",,,9
"Firstly, a certain house now known as Eagle's Rest (formerly  ...","secondly, a certain piece of land  ..., thirdly, the field known as Le  ...",the field known as Le  ...,8 Dec 2023,2023-12-08,15100000,"£15,100,000",Fine & Country,fine-and-country,9
51 And 53 King Street And 8 And 10 Broad Street,,51 And 53 King Street And 8 And 10 Broad Street,24 Nov 2023,2023-11-24,3500000,"£3,500,000",Broadlands,broadlands,9
Little Hamlet,La Route de la Hougue Bie,La Route de la Hougue Bie,17 Nov 2023,2023-11-17,2285000,"£2,285,000",Gaudin & Co,gaudin-and-co,9
Gracelands,"previously called Mont Ida, La Rue de la Croiserie",La Rue de la Croiserie,10 Nov 2023,2023-11-10,2650000,"£2,650,000",Savills,savills,9
Clos de Tours,La Rue de Haut,La Rue de Haut,27 Oct 2023,2023-10-27,2350000,"£2,350,000",,,9
"Firstly, a certain house known as La Vielle Fontaine","secondly, certain land or wooded  ..., La Profonde Rue",La Profonde Rue,29 Sep 2023,2023-09-29,3650000,"£3,650,000",Savills,savills,9
Les Arbres,La Rue de la Ville au Bas,La Rue de la Ville au Bas,29 Sep 2023,2023-09-29,3500000,"£3,500,000",,,9
The Beach House,"Les Petis Sablons, La Grande Route des Sablons",La Grande Route des Sablons,29 Sep 2023,2023-09-29,2840000,"£2,840,000",Broadlands,broadlands,9
Altura (previously known as Ashurst),La Rue de Haut,La Rue de Haut,8 Sep 2023,2023-09-08,3950000,"£3,950,000",,,9
l'Aiguillon,La Route des Cotils,La Route des Cotils,1 Sep 2023,2023-09-01,2500000,"£2,500,000",Fine & Country,fine-and-country,10
1 West Grove Apartments,La Rue de Haut,La Rue de Haut,25 Aug 2023,2023-08-25,2200000,"£2,200,000",Hunt Estates,hunt-estates,10
La Fougere,Fern Valley,Fern Valley,25 Aug 2023,2023-08-25,2180000,"£2,180,000",Hunt Estates,hunt-estates,10
Furze Cottage (formerly The Cottage),Les Nouvelles Charrieres,Les Nouvelles Charrieres,11 Aug 2023,2023-08-11,3825000,"£3,825,000",Hunt Estates,hunt-estates,10
Vue du Fort (formerly known as Glenwhern),La Rue de la Forge,La Rue de la Forge,11 Aug 2023,2023-08-11,2100000,"£2,100,000",Thompson Lettings,thompson-estates,10
"Firstly, a certain house called Le Sol","secondly, a certain land known as  ..., Le Chemin de la Brecquette",Le Chemin de la Brecquette,4 Aug 2023,2023-08-04,3300000,"£3,300,000",Livingroom,livingroom,10
"Firstly, a certain hotel and parking area known as The Inn  ...","secondly, a certain plot of land  ..., 14 Queens Road",14 Queens Road,4 Aug 2023,2023-08-04,2900000,"£2,900,000",,,10
Maryland (formerly Tashihi; and before that Maryland),La Grande Route de la Cote,La Grande Route de la Cote,28 Jul 2023,2023-07-28,3700000,"£3,700,000",,,10
Treetops,Le Mont de la Rocque,Le Mont de la Rocque,21 Jul 2023,2023-07-21,3800000,"£3,800,000",Livingroom,livingroom,10
"25-26 Esplanade AND 12,14,16,18,20 AND 22 Castle Street",,20 AND 22 Castle Street,21 Jul 2023,2023-07-21,15000000,"£15,000,000",,,10
Constantia,La Grande Route de St Jean,La Grande Route de St Jean,7 Jul 2023,2023-07-07,2000000,"£2,000,000",,,10
Highcliff House,La Rue des Landes,La Rue des Landes,7 Jul 2023,2023-07-07,2000000,"£2,000,000",Broadlands,broadlands,10
La Flotte,10 Petite Route de Campagne,10 Petite Route de Campagne,9 Jun 2023,2023-06-09,2900000,"£2,900,000",Savills,savills,10
Roche d'Or,La Rue de la Forge,La Rue de la Forge,9 Jun 2023,2023-06-09,2050000,"£2,050,000",,,10
"Firstly, the shop, offices, yard and appurtenances constructed  ...","secondly, a certain covered area of  ..., bearing the number 11 Roseville  ...",bearing the number 11 Roseville  ...,26 May 2023,2023-05-26,2734470,"£2,734,470",,,10
"1, 3 and 5 Castle Street with the strip of land which is found  ...",,3 and 5 Castle Street with the strip of land which is found  ...,12 May 2023,2023-05-12,4400000,"£4,400,000",,,10
Vue de la Mer,La Grande Route des Sablons,La Grande Route des Sablons,14 Apr 2023,2023-04-14,2200000,"£2,200,000",,,10
13 and 15 Castle Street,,13 and 15 Castle Street,14 Apr 2023,2023-04-14,14536000,"£14,536,000",,,10
La Turballe,12 Petite Route de Campagne,12 Petite Route de Campagne,31 Mar 2023,2023-03-31,2850000,"£2,850,000",,,10
The Water's Edge Hotel,Les Charrieres de Boulay,Les Charrieres de Boulay,24 Mar 2023,2023-03-24,6400000,"£6,400,000",,,11
Maison du Hibou (formerly known as Valbella House and before then  ...,La Verte Rue,La Verte Rue,24 Mar 2023,2023-03-24,4250000,"£4,250,000",Broadlands,broadlands,11
The Farmhouse (previously called La Ferme de la Fontaine),Les Cabots,Les Cabots,24 Mar 2023,2023-03-24,2200000,"£2,200,000",,,11
Union House Offices,Union Street,Union Street,17 Mar 2023,2023-03-17,2830799,"£2,830,799",,,11
Fallu Farm,Le Mont Fallu,Le Mont Fallu,10 Mar 2023,2023-03-10,6300000,"£6,300,000",,,11
La Ville au Bas,La Rue de la Ville au Bas,La Rue de la Ville au Bas,10 Mar 2023,2023-03-10,4000000,"£4,000,000",Broadlands,broadlands,11
Les Homets (formerly 'St Ives'),La Grande Route des Sablons,La Grande Route des Sablons,10 Mar 2023,2023-03-10,2600000,"£2,600,000",,,11
Valrosa,Bellozanne Road,Bellozanne Road,10 Mar 2023,2023-03-10,2000000,"£2,000,000",Prestige Properties,prestige-properties,11
Les Pines,"1 Clos de la Ferme Rose, La Rue de la Pigeonnerie",La Rue de la Pigeonnerie,24 Feb 2023,2023-02-24,3500000,"£3,500,000",Fine & Country,fine-and-country,11
Lucas House,St Clement's Road (previously St Helier Garage/Cleveland Garage),St Clement's Road (previously St Helier Garage/Cleveland Garage),24 Feb 2023,2023-02-24,2800000,"£2,800,000",Broadlands,broadlands,11
"Firstly, the house known as Les Augerez house with the cottages, bake house, swimming pool, yards, gardens. secondly, the garden known as Le Jardin du Pressoir",La Rue de la Caroline,La Rue de la Caroline,3 Feb 2023,2023-02-03,6975000,"£6,975,000",,,11
The piece of land known as Le Jardin de la Forge,La Grande Route de St Clement,La Grande Route de St Clement,3 Feb 2023,2023-02-03,2971600,"£2,971,600",,,11
Palm Springs Nursing Home,Le Mont de la Trinite,Le Mont de la Trinite,27 Jan 2023,2023-01-27,2500000,"£2,500,000",,,11
Le Jardin,La Commune de Noirmont,La Commune de Noirmont,27 Jan 2023,2023-01-27,2400000,"£2,400,000",Livingroom,livingroom,11
Capital House (previously Norwich Union House and prior to that  ...,8 Church Street,8 Church Street,23 Dec 2022,2022-12-23,3205000,"£3,205,000",,,11
La Chesnaie,"with the outbuildings, private  ..., Le Jardin de Devant, Le Jardin de  ...",Le Jardin de  ...,16 Dec 2022,2022-12-16,5250000,"£5,250,000",Fine & Country,fine-and-country,11
Vine House,Le Mont de Gouray,Le Mont de Gouray,9 Dec 2022,2022-12-09,2000000,"£2,000,000",,,11
3 Royal Bay Gardens,La Rigondaine,La Rigondaine,9 Dec 2022,2022-12-09,2000000,"£2,000,000",Gaudin & Co,gaudin-and-co,11
Apartment 31,"Block B, Millennium Court, La Greve d'Azette",La Greve d'Azette,9 Dec 2022,2022-12-09,2700000,"£2,700,000",,,11
Les Peupliers,La Rue de la Guilleaumerie,La Rue de la Guilleaumerie,2 Dec 2022,2022-12-02,2750000,"£2,750,000",Gaudin & Co,gaudin-and-co,11
Nitchevo,La Cache de l'Eglise,La Cache de l'Eglise,25 Nov 2022,2022-11-25,2550000,"£2,550,000",,,12
Montrose,La Rue a la Pendue,La Rue a la Pendue,25 Nov 2022,2022-11-25,3700000,"£3,700,000",Livingroom,livingroom,12
Rockscape,"formerly The Beach House, La Rue de Samares",La Rue de Samares,25 Nov 2022,2022-11-25,3900000,"£3,900,000",,,12
Apartment 6/6,"The Curlew, La Rue Voisin",La Rue Voisin,25 Nov 2022,2022-11-25,2350000,"£2,350,000",,,12
"Certain buildings, land and appurtenances, with the party  ...",Stopford Road,Stopford Road,25 Nov 2022,2022-11-25,8552266,"£8,552,266",,,12
"Certain buildings, land and appurtenances, with the party  ...",Stopford Road,Stopford Road,25 Nov 2022,2022-11-25,2138067,"£2,138,067",,,12
Apollo Hotel (formerly Hotel La Reserve),"9 St Saviour' Road, (formerly numbers 7 and 9 St  ...",(formerly numbers 7 and 9 St  ...,25 Nov 2022,2022-11-25,2900000,"£2,900,000",,,12
Lincoln Hotel,St Saviour's Road,St Saviour's Road,25 Nov 2022,2022-11-25,2900000,"£2,900,000",,,12
Mon Plaisir and Mon Plaisir Cottage,La Rue des Houguettes,La Rue des Houguettes,18 Nov 2022,2022-11-18,2300000,"£2,300,000",,,12
Tides,La Neuve Route,La Neuve Route,11 Nov 2022,2022-11-11,3650000,"£3,650,000",Fine & Country,fine-and-country,12
Strawberry Fields,La Rue Bechervaise,La Rue Bechervaise,28 Oct 2022,2022-10-28,2100000,"£2,100,000",,,12
La Tenue,La Rue de la Vallee,La Rue de la Vallee,28 Oct 2022,2022-10-28,3500000,"£3,500,000",,,12
Beauport Place (previously known as La Chevre d'Or),Le Chemin de Beau Port,Le Chemin de Beau Port,28 Oct 2022,2022-10-28,9750000,"£9,750,000",Livingroom,livingroom,12
Hideaway,La Rue des Pres,La Rue des Pres,14 Oct 2022,2022-10-14,2110000,"£2,110,000",Maillard & Co,maillardandco,12
Joyville,Pontac Common,Pontac Common,14 Oct 2022,2022-10-14,2750000,"£2,750,000",,,12
"Firstly, a certain dwelling house and garage called Chalet Rouge  ...","secondly, with a certain piece of  ..., La Rue des Bouillons",La Rue des Bouillons,7 Oct 2022,2022-10-07,2850000,"£2,850,000",,,12
Colony House,La Ruette du Coin Varin,La Ruette du Coin Varin,23 Sep 2022,2022-09-23,5400000,"£5,400,000",,,12
La Tour de Garde,Le Mont Mallet,Le Mont Mallet,23 Sep 2022,2022-09-23,2750000,"£2,750,000",Hunt Estates,hunt-estates,12
Uplands,La Grande Route de Rozel,La Grande Route de Rozel,23 Sep 2022,2022-09-23,2025000,"£2,025,000",,,12
La Porte with the attached cottage called La Porte cottage now  ...,La Rue du Pont,La Rue du Pont,15 Sep 2022,2022-09-15,3430000,"£3,430,000",,,12
Town House 3,"Vantage, Le Mont Gabard",Le Mont Gabard,26 Aug 2022,2022-08-26,2800000,"£2,800,000",Fine & Country,fine-and-country,13
Town House 2,"Vantage, Le Mont Gabard",Le Mont Gabard,26 Aug 2022,2022-08-26,2850000,"£2,850,000",Fine & Country,fine-and-country,13
Cambrette,Le Squez Road,Le Squez Road,26 Aug 2022,2022-08-26,3200000,"£3,200,000",,,13
Le Glebe (formerly La Petite Preference),La Grande Route de St Martin,La Grande Route de St Martin,19 Aug 2022,2022-08-19,2800000,"£2,800,000",Hunt Estates,hunt-estates,13
Four and Six La Rue Sinnatt,"(formerly bearing the number 16 in  ..., La Rue des Pres Trading Estate",La Rue des Pres Trading Estate,12 Aug 2022,2022-08-12,4100000,"£4,100,000",,,13
Four and Six La Rue Sinnatt,"(formerly bearing the number 16 in  ..., La Rue des Pres Trading Estate",La Rue des Pres Trading Estate,12 Aug 2022,2022-08-12,3100000,"£3,100,000",,,13
Le Pre,La Grande Route de St Clement,La Grande Route de St Clement,12 Aug 2022,2022-08-12,2000000,"£2,000,000",Broadlands,broadlands,13
Rocco Two,Le Mont de la Pulente,Le Mont de la Pulente,5 Aug 2022,2022-08-05,3400000,"£3,400,000",,,13
Rocco One,Le Mont de la Pulente,Le Mont de la Pulente,5 Aug 2022,2022-08-05,2600000,"£2,600,000",,,13
Sylvania,La Route Orange,La Route Orange,5 Aug 2022,2022-08-05,3000000,"£3,000,000",,,13
Le Clos Vert,Le Mont Cochon,Le Mont Cochon,29 Jul 2022,2022-07-29,3500000,"£3,500,000",Broadlands,broadlands,13
A certain piece of land being the remainder of the land (clos)  ...,"and bearing the number 872 on the  ..., La Route de Beaumont",La Route de Beaumont,29 Jul 2022,2022-07-29,6194375,"£6,194,375",,,13
La Maison de la Ruette (formerly known as La Ruette),La Ruette,La Ruette,29 Jul 2022,2022-07-29,3150000,"£3,150,000",Broadlands,broadlands,13
Le Pont Farm (formerly known as Le Port),La Rue du Pont,La Rue du Pont,29 Jul 2022,2022-07-29,8750000,"£8,750,000",,,13
Roche Mouette (previously California),La Rue du Grouet,La Rue du Grouet,29 Jul 2022,2022-07-29,4400000,"£4,400,000",,,13
Oakbey Court,La Route du Fort,La Route du Fort,22 Jul 2022,2022-07-22,3250000,"£3,250,000",,,13
Somerleigh (formerly known as Suisse Paradis),,Somerleigh (formerly known as Suisse Paradis),15 Jul 2022,2022-07-15,2500000,"£2,500,000",,,13
L'Onadas,"5 Le Pont Marquet Drive, La Petite Route des Mielles",La Petite Route des Mielles,15 Jul 2022,2022-07-15,2700000,"£2,700,000",,,13
3 Palm Drive,La Rue Voisin,La Rue Voisin,8 Jul 2022,2022-07-08,2450000,"£2,450,000",Thompson Lettings,thompson-estates,13
Catelet House,"1 Le Catelet, La Route de St Jean",La Route de St Jean,1 Jul 2022,2022-07-01,4150000,"£4,150,000",Savills,savills,13
Aylmer Farm,Le Chemin de Herupe,Le Chemin de Herupe,1 Jul 2022,2022-07-01,2350000,"£2,350,000",Gaudin & Co,gaudin-and-co,14
The Townhouse Public House,"57, 57 1/2 and 59 New Street, 11 Craig Street",11 Craig Street,1 Jul 2022,2022-07-01,2100000,"£2,100,000",,,14
"2,4 and 6 Church Street",,4 and 6 Church Street,1 Jul 2022,2022-07-01,2500000,"£2,500,000",,,14
Vincent Hall,La Rue du Haut de l'Orme,La Rue du Haut de l'Orme,24 Jun 2022,2022-06-24,2000000,"£2,000,000",Maillard & Co,maillardandco,14
Maison d'Or,La Rue au Moestre,La Rue au Moestre,24 Jun 2022,2022-06-24,21500000,"£21,500,000",,,14
Gulfstream,"La Charriere re a Sablon, Le Chemin de Moulin",Le Chemin de Moulin,17 Jun 2022,2022-06-17,8080000,"£8,080,000",,,14
Belle Hougue,La Route des Cotes du Nord,La Route des Cotes du Nord,10 Jun 2022,2022-06-10,2170000,"£2,170,000",Benest Estates,benest-estates,14
Prairie Lodge,La Grande Route des Mielles,La Grande Route des Mielles,20 May 2022,2022-05-20,2000000,"£2,000,000",,,14
Amberley,La Rue du Rue,La Rue du Rue,13 May 2022,2022-05-13,2000000,"£2,000,000",,,14
Apartment 3,"The Atrium, Le Mont Gras d'Eau",Le Mont Gras d'Eau,13 May 2022,2022-05-13,3500000,"£3,500,000",,,14
La Cigale,La Rue du Douet,La Rue du Douet,6 May 2022,2022-05-06,2500000,"£2,500,000",Savills,savills,14
Treetops (formerly known as 'Domaine de St Laurent' and before  ...,Les Charrieres Nicolle,Les Charrieres Nicolle,6 May 2022,2022-05-06,2500000,"£2,500,000",Savills,savills,14
La Grand Catelet (formerly 'La Maison du Castelet'),La Route de St Jean,La Route de St Jean,6 May 2022,2022-05-06,2800000,"£2,800,000",,,14
La Heche (formerly known as Ingleside),La Rue du Flicquet,La Rue du Flicquet,29 Apr 2022,2022-04-29,2800000,"£2,800,000",,,14
Cote de la Rigondaine,La Rigondaine,La Rigondaine,29 Apr 2022,2022-04-29,2000000,"£2,000,000",Gaudin & Co,gaudin-and-co,14
2 Windward,La Neuve Route,La Neuve Route,29 Apr 2022,2022-04-29,4636000,"£4,636,000",,,14
"Firstly, the house known as Vicart","with the following lands Le Jardin  ..., secondly, certain land known as En  ...",certain land known as En  ...,22 Apr 2022,2022-04-22,2792789,"£2,792,789",,,14
Westcroft (formerly Maydencroft and before that Camelot),La Rue Voisin,La Rue Voisin,22 Apr 2022,2022-04-22,2700000,"£2,700,000",,,14
Cinders House (previously called La Maison Brulee),La Rue de Sorel,La Rue de Sorel,8 Apr 2022,2022-04-08,3150000,"£3,150,000",Broadlands,broadlands,14
Vers Soleil,La Grande Route des Sablons,La Grande Route des Sablons,8 Apr 2022,2022-04-08,5500000,"£5,500,000",Savills,savills,14
"Firstly, a certain house bearing the number 21 Esplanade","with the land to the rear thereof;  ..., secondly, a certain house bearing  ...",a certain house bearing  ...,8 Apr 2022,2022-04-08,4500000,"£4,500,000",,,15
Le Petit Bosquet Care Home,La Rue de Haut,La Rue de Haut,1 Apr 2022,2022-04-01,5878093,"£5,878,093",,,15
Les Rosiers,La Rue du Pontlietaut,La Rue du Pontlietaut,25 Mar 2022,2022-03-25,2200000,"£2,200,000",,,15
Spencer Close and Spencer Close Lodge (formerly 5 St Lukes Villas),Beach Road,Beach Road,18 Mar 2022,2022-03-18,16150000,"£16,150,000",,,15
Seacroft and Pinewood,La Grande Route de la Cote,La Grande Route de la Cote,18 Mar 2022,2022-03-18,3000000,"£3,000,000",,,15
Le Lavandage (formerly Portmeirion),Le Mont de la Rocque,Le Mont de la Rocque,18 Mar 2022,2022-03-18,3070000,"£3,070,000",Hunt Estates,hunt-estates,15
Ashley House,St Saviour's Hill,St Saviour's Hill,11 Mar 2022,2022-03-11,2650000,"£2,650,000",,,15
Deauville,9 Petite Route de Campagne,9 Petite Route de Campagne,11 Mar 2022,2022-03-11,2600000,"£2,600,000",,,15
St Lawrence Villa,La Rue Verte,La Rue Verte,25 Feb 2022,2022-02-25,2175000,"£2,175,000",Livingroom,livingroom,15
Carteret House,"(formally a restaurant and cafe  ..., Havre de Rozel",Havre de Rozel,4 Feb 2022,2022-02-04,8750000,"£8,750,000",Broadlands,broadlands,15
Erin Villa (to be known as Villa de la Cote),La Grande Route de la Cote,La Grande Route de la Cote,4 Feb 2022,2022-02-04,2850000,"£2,850,000",,,15
Le Recif (built in replacement of a house formerly known as La  ...,La Route de la Cote,La Route de la Cote,28 Jan 2022,2022-01-28,3300000,"£3,300,000",Livingroom,livingroom,15
Clos de la Blanche Pierre (formerly known as La Folie),La Rue de la Blanche Pierre,La Rue de la Blanche Pierre,28 Jan 2022,2022-01-28,10125000,"£10,125,000",,,15
Nord du Champ,"with a certain piece of land being  ..., La Grande Route de St Clement",La Grande Route de St Clement,28 Jan 2022,2022-01-28,2000000,"£2,000,000",,,15
Pine Grove,La Rue du Pont Marquet,La Rue du Pont Marquet,28 Jan 2022,2022-01-28,2475000,"£2,475,000",Broadlands,broadlands,15
Cour de la Reine,"together with the building known as  ..., La Grande Route de Faldouet",La Grande Route de Faldouet,21 Jan 2022,2022-01-21,2500000,"£2,500,000",Broadlands,broadlands,15
Hautmont and Hautmont Cottage,La Rue de la Mare des Pres,La Rue de la Mare des Pres,14 Jan 2022,2022-01-14,2065000,"£2,065,000",Bridle Estates,bridle-estates,15
Homefields,La Grande Route de St Clement,La Grande Route de St Clement,7 Jan 2022,2022-01-07,2625000,"£2,625,000",Slomans,slomans,15
Ronceville,La Route du Fort,La Route du Fort,24 Dec 2021,2021-12-24,2000000,"£2,000,000",,,15
"Hotel Revere and Doran's Courtyard Bistro (previously 1, 2 and 3  ...",Kensington Place,Kensington Place,17 Dec 2021,2021-12-17,2500000,"£2,500,000",,,15
Mayfair Hotel,St Saviour's Road,St Saviour's Road,17 Dec 2021,2021-12-17,3650000,"£3,650,000",,,16
Stafford Hotel (formerly being the house bearing the number 14  ...,14 Kensington Place,14 Kensington Place,17 Dec 2021,2021-12-17,4400000,"£4,400,000",,,16
The Hampshire Hotel,53 Val Plaisant (formerly known as  ...,53 Val Plaisant (formerly known as  ...,17 Dec 2021,2021-12-17,3295000,"£3,295,000",,,16
Park Avenue Apartments (formerly The Halberton Hoteland before  ...,West Park Avenue,West Park Avenue,10 Dec 2021,2021-12-10,2411000,"£2,411,000",,,16
Firstly a certain house known as Domaine de la Valette (formerly  ...,"secondly a certain piece of land  ..., and a certain piece of land known  ...",and a certain piece of land known  ...,3 Dec 2021,2021-12-03,7460000,"£7,460,000",,,16
Maison De La Pere (formerly known as La Renaissance),La Rue du Genestet,La Rue du Genestet,3 Dec 2021,2021-12-03,2450000,"£2,450,000",Thompson Lettings,thompson-estates,16
Aux Chenolles (formerly known as Chennells and before then  ...,Valley Road,Valley Road,3 Dec 2021,2021-12-03,4800000,"£4,800,000",,,16
Les Grillons,La Rue du Pont Marquet,La Rue du Pont Marquet,3 Dec 2021,2021-12-03,6500000,"£6,500,000",,,16
Walnut Farm and Walnut Farm Cottage,La Route de Maufant,La Route de Maufant,19 Nov 2021,2021-11-19,2150000,"£2,150,000",Fine & Country,fine-and-country,16
Sous le Moulin,La Rue du Moulin,La Rue du Moulin,19 Nov 2021,2021-11-19,2950000,"£2,950,000",Fine & Country,fine-and-country,16
Share 8,"Maison Martel, La Rue du Crocquet",La Rue du Crocquet,19 Nov 2021,2021-11-19,3250000,"£3,250,000",Fine & Country,fine-and-country,16
The Oaks,La Route de l'Eglise,La Route de l'Eglise,12 Nov 2021,2021-11-12,2389000,"£2,389,000",,,16
Rose Farm and Rose Farm Cottage,"Clos de la Ferme Rose, La Rue de la Pigeonnerie",La Rue de la Pigeonnerie,12 Nov 2021,2021-11-12,3315000,"£3,315,000",Fine & Country,fine-and-country,16
Maison des Croix,La Route d'Ebenezer,La Route d'Ebenezer,5 Nov 2021,2021-11-05,2100000,"£2,100,000",,,16
Les Martinets (formerly Hill Court),La Rue de Haut,La Rue de Haut,5 Nov 2021,2021-11-05,2290000,"£2,290,000",,,16
La Quatrieme,La Rue des Pres,La Rue des Pres,29 Oct 2021,2021-10-29,2200000,"£2,200,000",Gaudin & Co,gaudin-and-co,16
La Maison de Leoville,Le Mont de la Greve de Lecq,Le Mont de la Greve de Lecq,29 Oct 2021,2021-10-29,2000000,"£2,000,000",,,16
Mont Sur Mer,Le Mont de la Guerande,Le Mont de la Guerande,29 Oct 2021,2021-10-29,2000000,"£2,000,000",Slomans,slomans,16
Valmont,La Rue St Julien,La Rue St Julien,29 Oct 2021,2021-10-29,8500000,"£8,500,000",Hunt Estates,hunt-estates,16
Ardmore House (formerly known as Les Ormes),La Rue de la Chesnaie,La Rue de la Chesnaie,29 Oct 2021,2021-10-29,5500000,"£5,500,000",,,16
La Chapelle de Ste Marguerite,La Route des Cotils,La Route des Cotils,29 Oct 2021,2021-10-29,2410000,"£2,410,000",,,17
Prairie Point,La Grande Route des Mielles,La Grande Route des Mielles,15 Oct 2021,2021-10-15,2075000,"£2,075,000",Broadlands,broadlands,17
Le Picachon (formerly South View),La Grande Rue,La Grande Rue,15 Oct 2021,2021-10-15,2200000,"£2,200,000",,,17
Whitton Grange,La Route des Issues,La Route des Issues,15 Oct 2021,2021-10-15,5775000,"£5,775,000",,,17
Le Feugerel de la Marquanderie (previously La Fontaine David and  ...,La Marquanderie,La Marquanderie,15 Oct 2021,2021-10-15,2850000,"£2,850,000",Fine & Country,fine-and-country,17
Veslet Lodge (formerly known as 3 Ville-au-Veslet),Le Mont Sorsoleil,Le Mont Sorsoleil,8 Oct 2021,2021-10-08,5625000,"£5,625,000",Fine & Country,fine-and-country,17
Le Val Lodge (formerly Sea View House),La Route des Genets,La Route des Genets,8 Oct 2021,2021-10-08,11850000,"£11,850,000",Livingroom,livingroom,17
Ville-Es-Normans-Farm,La Neuve Route,La Neuve Route,1 Oct 2021,2021-10-01,2450000,"£2,450,000",Livingroom,livingroom,17
Armor,Pontac Common,Pontac Common,1 Oct 2021,2021-10-01,2245000,"£2,245,000",,,17
Morningside,Le Chemin de Beau Port,Le Chemin de Beau Port,1 Oct 2021,2021-10-01,5507000,"£5,507,000",,,17
Le Jardin Mure (formerly Peacock Farm),La Rue de la Piece Mauger,La Rue de la Piece Mauger,24 Sep 2021,2021-09-24,2450000,"£2,450,000",,,17
La Blinerie,La Rue de la Blinerie,La Rue de la Blinerie,24 Sep 2021,2021-09-24,2351250,"£2,351,250",,,17
High View (formerly known as Edgecliffe),"Park Estate, La Route des Genets",La Route des Genets,24 Sep 2021,2021-09-24,6750000,"£6,750,000",,,17
A certain building,"bearing the numbers 7 and 9 Conway  ..., comprising offices, shops, toilet,  ...",...,24 Sep 2021,2021-09-24,2450000,"£2,450,000",,,17
3 Les Residences,La Grande Route de la Cote,La Grande Route de la Cote,3 Sep 2021,2021-09-03,2350000,"£2,350,000",,,17
Les Landes Lodge,Le Mont des Landes,Le Mont des Landes,3 Sep 2021,2021-09-03,2300000,"£2,300,000",Hunt Estates,hunt-estates,17
Le Manoir,"4 Les Beaux Champs, La Route d'Ebenezer",La Route d'Ebenezer,27 Aug 2021,2021-08-27,2900000,"£2,900,000",,,17
Surguy Farm,La Rue des Vignes,La Rue des Vignes,27 Aug 2021,2021-08-27,2690000,"£2,690,000",Livingroom,livingroom,17
Bandinel,La Cache des Demoiselles Bandinel,La Cache des Demoiselles Bandinel,27 Aug 2021,2021-08-27,3900000,"£3,900,000",,,17
Les Pieces (formerly Les Pieces Cottage),La Rue des Huriaux,La Rue des Huriaux,27 Aug 2021,2021-08-27,2995000,"£2,995,000",Broadlands,broadlands,17
Century House,Le Canibut,Le Canibut,27 Aug 2021,2021-08-27,4300000,"£4,300,000",Broadlands,broadlands,18
Waters Edge,La Rue de la Forge,La Rue de la Forge,27 Aug 2021,2021-08-27,2600000,"£2,600,000",,,18
Apartment 6/6,"The Curlew, La Rue Voisin",La Rue Voisin,27 Aug 2021,2021-08-27,3500000,"£3,500,000",,,18
Cresta,Le Mont de la Rocque,Le Mont de la Rocque,20 Aug 2021,2021-08-20,4000000,"£4,000,000",Broadlands,broadlands,18
Parkfield House (formerly Clos de la Pommeraie previously Le  ...,La Rue de Deloraine,La Rue de Deloraine,20 Aug 2021,2021-08-20,2695000,"£2,695,000",Livingroom,livingroom,18
Maison Aleval,La Rue du Petit Aleval,La Rue du Petit Aleval,13 Aug 2021,2021-08-13,2600000,"£2,600,000",Fine & Country,fine-and-country,18
Avranche Farm,La Ruette d'Avranches,La Ruette d'Avranches,13 Aug 2021,2021-08-13,2900000,"£2,900,000",,,18
Le Potager,La Rue du Coin,La Rue du Coin,6 Aug 2021,2021-08-06,2000000,"£2,000,000",,,18
Le Petit Clos du Rey,La Rue du Champ du Rey,La Rue du Champ du Rey,6 Aug 2021,2021-08-06,2100000,"£2,100,000",Broadlands,broadlands,18
Flicquet House (formerly known as Flicquet),La Rue du Flicquet,La Rue du Flicquet,6 Aug 2021,2021-08-06,3600000,"£3,600,000",,,18
Amp Golf,"The Pavilions, La Route de Beaumont",La Route de Beaumont,30 Jul 2021,2021-07-30,2384589,"£2,384,589",,,18
Le Manoir de Vinchelez de Haut,"secondly,  all the issues belonging  ..., thirdly, a certain bank which joins  ...",a certain bank which joins  ...,30 Jul 2021,2021-07-30,11250000,"£11,250,000",,,18
La Flotte,10 Petite Route de Campagne,10 Petite Route de Campagne,23 Jul 2021,2021-07-23,2650000,"£2,650,000",,,18
La Maison du Mont,"(formerly called Balgona), La Rue de la Blanche Pierre",La Rue de la Blanche Pierre,16 Jul 2021,2021-07-16,3500000,"£3,500,000",Broadlands,broadlands,18
"4 King Street and 11, 13 and 15 Halkett Place",,13 and 15 Halkett Place,16 Jul 2021,2021-07-16,2450000,"£2,450,000",,,18
Ville au Veslet,La Rue Rouge Cul,La Rue Rouge Cul,9 Jul 2021,2021-07-09,3050000,"£3,050,000",,,18
Les Niemes (formerly known as La Neuve Maison des Niemes),La Grande Route de St Pierre,La Grande Route de St Pierre,2 Jul 2021,2021-07-02,6800000,"£6,800,000",,,18
4 Les Residences,Gorey Coast Road,Gorey Coast Road,2 Jul 2021,2021-07-02,2420000,"£2,420,000",Hunt Estates,hunt-estates,18
Greenwood,"Le Clos de Bauche, La Route de Beaumont",La Route de Beaumont,25 Jun 2021,2021-06-25,2000000,"£2,000,000",Benest Estates,benest-estates,18
Melrose (formerly known as Lucero),La Route Orange,La Route Orange,25 Jun 2021,2021-06-25,3890000,"£3,890,000",Broadlands,broadlands,18
Beau Vallon,"with the outbuildings, yards,  ..., Le Jardin a Potage, Le Jardin a  ...",Le Jardin a  ...,18 Jun 2021,2021-06-18,2800000,"£2,800,000",,,19
Le Bouillon,La Rue des Landes,La Rue des Landes,18 Jun 2021,2021-06-18,3250000,"£3,250,000",,,19
Le Domaine,"3 Les Beaux Champs, La Route d'Ebenezer",La Route d'Ebenezer,11 Jun 2021,2021-06-11,2625000,"£2,625,000",,,19
Le Ruisseaux Lodge (formerly Tree Tops and previously Malaya),Les Ruisseaux,Les Ruisseaux,11 Jun 2021,2021-06-11,2750008,"£2,750,008",,,19
Seasons,La Route des Cotes du Nord,La Route des Cotes du Nord,4 Jun 2021,2021-06-04,2625000,"£2,625,000",Broadlands,broadlands,19
Green Roofs,La Grande Route de la Cote,La Grande Route de la Cote,4 Jun 2021,2021-06-04,2100000,"£2,100,000",,,19
Craigellachie,La Charriere Huet,La Charriere Huet,28 May 2021,2021-05-28,3750000,"£3,750,000",,,19
Hotel Miramar,Le Mont Gras d'Eau,Le Mont Gras d'Eau,28 May 2021,2021-05-28,2350000,"£2,350,000",Broadlands,broadlands,19
Zantara,La Route de Noirmont,La Route de Noirmont,28 May 2021,2021-05-28,5150000,"£5,150,000",,,19
Maison du Hibou (formerly known as Valbella House and La Maison  ...,La Verte Rue,La Verte Rue,21 May 2021,2021-05-21,3000000,"£3,000,000",,,19
Charleston House (formerly known as Le Haut du Mont),La Rue au Moestre,La Rue au Moestre,21 May 2021,2021-05-21,2875000,"£2,875,000",,,19
Vue de la Mare,Les Hativieaux,Les Hativieaux,14 May 2021,2021-05-14,2650000,"£2,650,000",Gaudin & Co,gaudin-and-co,19
2 Les Residences,La Route de la Cote,La Route de la Cote,14 May 2021,2021-05-14,2250000,"£2,250,000",Hunt Estates,hunt-estates,19
Baymont,Le Boulevard,Le Boulevard,14 May 2021,2021-05-14,3265000,"£3,265,000",Hunt Estates,hunt-estates,19
Fontenay,La Rue de la Valeuse,La Rue de la Valeuse,7 May 2021,2021-05-07,2500000,"£2,500,000",,,19
Beau Pre (formerly Beech Farm),La Grande Route de St Jean,La Grande Route de St Jean,30 Apr 2021,2021-04-30,2900000,"£2,900,000",Fine & Country,fine-and-country,19
La Rochelle,1 Petite Route de Campagne,1 Petite Route de Campagne,23 Apr 2021,2021-04-23,2850000,"£2,850,000",,,19
Plot 6 on part of the property formerly known as the Jersey  ...,"Portelet, La Rue Voisin",La Rue Voisin,23 Apr 2021,2021-04-23,3200000,"£3,200,000",,,19
The Barn,La Rue du Catel,La Rue du Catel,16 Apr 2021,2021-04-16,2000000,"£2,000,000",,,19
Beauvoir Cottage,La Rue de Haut,La Rue de Haut,16 Apr 2021,2021-04-16,2475000,"£2,475,000",,,19
Martello Lodge (formerly known as Martello Cottage),Le Mont Sohier,Le Mont Sohier,16 Apr 2021,2021-04-16,2400000,"£2,400,000",,,20
Le Bocage (formerly 'Les Tisserands'),"with 'Le Clos du Milieu' being the  ..., La Rue de Samares",La Rue de Samares,9 Apr 2021,2021-04-09,2550000,"£2,550,000",Broadlands,broadlands,20
La Fontenelle,La Rue de Bas,La Rue de Bas,9 Apr 2021,2021-04-09,3500000,"£3,500,000",Hunt Estates,hunt-estates,20
Val Poucin Cottage,La Rue du Val Poucin,La Rue du Val Poucin,26 Mar 2021,2021-03-26,2735000,"£2,735,000",,,20
Broadlands,Princes Tower Road,Princes Tower Road,26 Mar 2021,2021-03-26,5750000,"£5,750,000",,,20
Longfield House,"Longfield Avenue, La Route des Genets",La Route des Genets,26 Mar 2021,2021-03-26,2350000,"£2,350,000",Broadlands,broadlands,20
EDEN HOUSE (formerly known as 'Travers Farm'),"Travers Farm Lane, La Route de Noirmont",La Route de Noirmont,26 Mar 2021,2021-03-26,31100109,"£31,100,109",,,20
La Cloture,"with a piece of land in the West  ..., La Route de la Villaise",La Route de la Villaise,19 Mar 2021,2021-03-19,2000000,"£2,000,000",,,20
Bay View (formerly known as 'Somerville House'),Le Mont du Boulevard,Le Mont du Boulevard,12 Mar 2021,2021-03-12,3300000,"£3,300,000",,,20
The Old Station House,La Rue de la Corbiere,La Rue de la Corbiere,12 Mar 2021,2021-03-12,2000000,"£2,000,000",,,20
"Firstly, the house known as 'Maison de Bas'","Secondly, a certain piece of land  ..., Thirdly, a certain field known as  ...",a certain field known as  ...,26 Feb 2021,2021-02-26,5600000,"£5,600,000",,,20
Le Ponterrin Barn,La Rue du Ponterrin,La Rue du Ponterrin,26 Feb 2021,2021-02-26,2300000,"£2,300,000",Thompson Lettings,thompson-estates,20
La Hougue,Le Catillon,Le Catillon,19 Feb 2021,2021-02-19,5500000,"£5,500,000",,,20
Hotel Alhambra or Hotel Asioli (formerly known as 'Auckland'),Roseville Street,Roseville Street,19 Feb 2021,2021-02-19,2450000,"£2,450,000",Maillard & Co,maillardandco,20
La Cache,La Caches des Coupes,La Caches des Coupes,12 Feb 2021,2021-02-12,4400000,"£4,400,000",,,20
Winwood,La Verte Rue,La Verte Rue,12 Feb 2021,2021-02-12,2250000,"£2,250,000",Thompson Lettings,thompson-estates,20
New Ways,"Park Estate, La Route des Genets",La Route des Genets,12 Feb 2021,2021-02-12,2200000,"£2,200,000",,,20
1 Les Residences,La Route de la Cote,La Route de la Cote,5 Feb 2021,2021-02-05,2300000,"£2,300,000",,,20
Thornhill Farm,La Rue de l'Epine,La Rue de l'Epine,22 Jan 2021,2021-01-22,3100000,"£3,100,000",,,20
Parasol,"Tabor Heights, La Route des Genets",La Route des Genets,22 Jan 2021,2021-01-22,2300000,"£2,300,000",,,20
Francfief Farm (formerly known as 'Franc Fief'),La Rue du Conet,La Rue du Conet,22 Jan 2021,2021-01-22,2375000,"£2,375,000",,,21
41-43 La Motte Street (previously 3 'Hemery Row'),,41-43 La Motte Street (previously 3 'Hemery Row'),15 Jan 2021,2021-01-15,2150000,"£2,150,000",,,21
La Fallue (formerly known as 'Hillside'),La Rue de la Pouclee et des Quatre  ...,La Rue de la Pouclee et des Quatre  ...,8 Jan 2021,2021-01-08,2900000,"£2,900,000",Spiffy,spiffy,21
Treboule,8 Petite Route de Campagne,8 Petite Route de Campagne,18 Dec 2020,2020-12-18,2850000,"£2,850,000",,,21
Le Hezo,4 Petite Route de Campagne,4 Petite Route de Campagne,18 Dec 2020,2020-12-18,2500000,"£2,500,000",,,21
The Beaches,La Grande Route de Mielles,La Grande Route de Mielles,18 Dec 2020,2020-12-18,2100000,"£2,100,000",Livingroom,livingroom,21
1 West Grove Apartments,La Rue de Haut,La Rue de Haut,18 Dec 2020,2020-12-18,2750000,"£2,750,000",Hunt Estates,hunt-estates,21
Mill Farm,Le Rue du Moulin,Le Rue du Moulin,11 Dec 2020,2020-12-11,2850000,"£2,850,000",Hunt Estates,hunt-estates,21
3 Le Catelet (To be known ss Newland House),La Rue d'Enfer,La Rue d'Enfer,4 Dec 2020,2020-12-04,2775000,"£2,775,000",,,21
6 Sangatte,La Petite Route de Campagne,La Petite Route de Campagne,4 Dec 2020,2020-12-04,2550000,"£2,550,000",,,21
Seaview,La Grande Route de Faldouet,La Grande Route de Faldouet,4 Dec 2020,2020-12-04,3200000,"£3,200,000",Fine & Country,fine-and-country,21
12 La Turballe,Petite Route de Campagne,Petite Route de Campagne,27 Nov 2020,2020-11-27,2500000,"£2,500,000",Fine & Country,fine-and-country,21
First Island House,19 to 21 Peter Street,19 to 21 Peter Street,27 Nov 2020,2020-11-27,3525000,"£3,525,000",,,21
3 La Hurette,La Route Orange,La Route Orange,20 Nov 2020,2020-11-20,2000000,"£2,000,000",Gaudin & Co,gaudin-and-co,21
Maufant Manor with Maufant Manor Cottages,"with the following lands 'Le Jardin  ..., 14 pieds; the north-west corner of  ...",14 pieds; the north-west corner of  ...,30 Oct 2020,2020-10-30,5300000,"£5,300,000",Hunt Estates,hunt-estates,21
Le Conquet,11 Petite Route de Campagne,11 Petite Route de Campagne,30 Oct 2020,2020-10-30,2500000,"£2,500,000",Fine & Country,fine-and-country,21
5 Quiberon,Petite Route de Campagne,Petite Route de Campagne,30 Oct 2020,2020-10-30,2500000,"£2,500,000",Fine & Country,fine-and-country,21
Waves House,Gorey Coast Road,Gorey Coast Road,30 Oct 2020,2020-10-30,3100000,"£3,100,000",Fine & Country,fine-and-country,21
Le Senechal,La Rue de la Lourderie,La Rue de la Lourderie,30 Oct 2020,2020-10-30,2350000,"£2,350,000",Livingroom,livingroom,21
1 Le Catelet,La Rue d'Enfer,La Rue d'Enfer,23 Oct 2020,2020-10-23,3700000,"£3,700,000",Livingroom,livingroom,21
4 Portelet Bay,La Rue Voisin,La Rue Voisin,23 Oct 2020,2020-10-23,2225000,"£2,225,000",,,22
St Albans,La Rue Voisin,La Rue Voisin,23 Oct 2020,2020-10-23,2250000,"£2,250,000",,,22
Mont Pellier,"with the buildings, outbuildings,  ..., Le Jardin aux Herbes to the west of  ...",Le Jardin aux Herbes to the west of  ...,16 Oct 2020,2020-10-16,2950000,"£2,950,000",Broadlands,broadlands,22
Le Camelia,2 Le Catelet,2 Le Catelet,2 Oct 2020,2020-10-02,2750000,"£2,750,000",Fine & Country,fine-and-country,22
Le Vallon,"Le Clos du Fief, Le Mont Felard",Le Mont Felard,25 Sep 2020,2020-09-25,2737500,"£2,737,500",Hunt Estates,hunt-estates,22
Canning Court,Plat Douet Road,Plat Douet Road,25 Sep 2020,2020-09-25,2000000,"£2,000,000",,,22
Anjou,"La Verte Rue, La Rue de la Genestiere",La Rue de la Genestiere,11 Sep 2020,2020-09-11,3750000,"£3,750,000",Broadlands,broadlands,22
Glenwhern,"with two small bungalows called  ..., the courtyard to the west and to  ...",the courtyard to the west and to  ...,11 Sep 2020,2020-09-11,2225000,"£2,225,000",Thompson Lettings,thompson-estates,22
A large warehouse,"together with the passages and land  ..., a private road leading to the  ...",a private road leading to the  ...,28 Aug 2020,2020-08-28,2900000,"£2,900,000",,,22
Le Canne,"formerly known as Khormaksar, La Rue de Grantez",La Rue de Grantez,28 Aug 2020,2020-08-28,2450000,"£2,450,000",,,22
Beau Coin,"with a certain meadow called Le  ..., the remainder of a certain piece of  ...",the remainder of a certain piece of  ...,28 Aug 2020,2020-08-28,2250000,"£2,250,000",,,22
Maison Bel Au Vent (formerly Planters Grove),"with a certain piece of land known  ..., a certain piece of land known as Le  ...",a certain piece of land known as Le  ...,21 Aug 2020,2020-08-21,3950000,"£3,950,000",Gaudin & Co,gaudin-and-co,22
La Clochette (formerly known as Green Farm),"with the wing (formerly  ..., the yard in front of the house and  ...",the yard in front of the house and  ...,21 Aug 2020,2020-08-21,3900000,"£3,900,000",Gaudin & Co,gaudin-and-co,22
Floriana,La Route de la Haule,La Route de la Haule,21 Aug 2020,2020-08-21,2820000,"£2,820,000",,,22
Le Fond du Cotil,La Rue du Cap Verd,La Rue du Cap Verd,21 Aug 2020,2020-08-21,2550000,"£2,550,000",Broadlands,broadlands,22
28-34 Hill Street,,28-34 Hill Street,14 Aug 2020,2020-08-14,3435000,"£3,435,000",,,22
Leoville House,"formerly known as Sunnydell, La Route de Vinchelez",La Route de Vinchelez,7 Aug 2020,2020-08-07,2350000,"£2,350,000",Livingroom,livingroom,22
Murchison House,"formerly Les Huriaux House, La Route Orange",La Route Orange,24 Jul 2020,2020-07-24,3000000,"£3,000,000",,,22
Camelot (formerly Villa Mont Arthur),"with the ownership of a section of  ..., a certain triangular shaped piece  ...",a certain triangular shaped piece  ...,24 Jul 2020,2020-07-24,2044250,"£2,044,250",Broadlands,broadlands,22
Spion Kop Farm,"with outbuildings, yards, issues  ..., A certain piece of land situated to  ...",A certain piece of land situated to  ...,24 Jul 2020,2020-07-24,2150000,"£2,150,000",,,22
La Linniere,"with the piece of land known as Le  ..., the piece of land known as Le Pre  ...",the piece of land known as Le Pre  ...,26 Jun 2020,2020-06-26,9700000,"£9,700,000",,,23
Apartment 8,"The Fulmar, La Rue Voisin",La Rue Voisin,19 Jun 2020,2020-06-19,2200000,"£2,200,000",Thompson Lettings,thompson-estates,23
A certain piece of land formerly with the house called La Rousse,"(now demolished) with its dependant  ..., Le Mont Sohier",Le Mont Sohier,19 Jun 2020,2020-06-19,2500000,"£2,500,000",,,23
Jersey Bowl,lAvenue de la Reine Elizabeth II,lAvenue de la Reine Elizabeth II,12 Jun 2020,2020-06-12,2500000,"£2,500,000",,,23
Garden Court,La Rue de Haut,La Rue de Haut,17 Apr 2020,2020-04-17,3500000,"£3,500,000",,,23
Ker Anna House and Ker Anna Cottage,La Rue du Crocquet,La Rue du Crocquet,27 Mar 2020,2020-03-27,2750000,"£2,750,000",,,23
La Franchise Farm,"with the offices, outbuildings,  ..., Le Jardin de Devant et a l'Est in  ...",Le Jardin de Devant et a l'Est in  ...,13 Mar 2020,2020-03-13,2400000,"£2,400,000",,,23
Morningside,"formerly known as Riddingwood, Le Chemin de Beau Port",Le Chemin de Beau Port,6 Mar 2020,2020-03-06,4575000,"£4,575,000",,,23
La Planque Farm,"as well as the cottage known as The  ..., as well as the row of three  ...",as well as the row of three  ...,28 Feb 2020,2020-02-28,2760000,"£2,760,000",,,23
Le Petit Mourier,"with the outbuildings, yard, issues  ..., Le Jardin a Potage and Le Jardin  ...",Le Jardin a Potage and Le Jardin  ...,28 Feb 2020,2020-02-28,2500000,"£2,500,000",Broadlands,broadlands,23
La Petite Ferriere,Princes Tower Road,Princes Tower Road,14 Feb 2020,2020-02-14,2030000,"£2,030,000",,,23
Chant De La Mer,"with the buildings, garage, garden,  ..., the remainder of the field Le Clos  ...",the remainder of the field Le Clos  ...,14 Feb 2020,2020-02-14,10000000,"£10,000,000",Fine & Country,fine-and-country,23
Purbeck Lodge,"previously known as Lane End Lodge  ..., La Route des Genets",La Route des Genets,7 Feb 2020,2020-02-07,3300000,"£3,300,000",,,23
Les Bardeaux,La Rue de Haut,La Rue de Haut,24 Jan 2020,2020-01-24,2076000,"£2,076,000",,,23
Apartment 2,"West Grove, La Rue de Haut",La Rue de Haut,24 Jan 2020,2020-01-24,2650000,"£2,650,000",,,23
Millbrook House,"with the farm house, staff  ..., the greenhouses, outbuildings,  ...",...,24 Jan 2020,2020-01-24,3600000,"£3,600,000",Broadlands,broadlands,23
Le Buissonnet,La Rue Malo,La Rue Malo,17 Jan 2020,2020-01-17,2050000,"£2,050,000",Hunt Estates,hunt-estates,23
The piece of land forming part of the land formerly known as Le  ...,"with the warehouse building and the  ..., the strip of land of irregular  ...",the strip of land of irregular  ...,20 Dec 2019,2019-12-20,3175000,"£3,175,000",,,23
Undivided shares of 13-14 The Esplanade,,Undivided shares of 13-14 The Esplanade,20 Dec 2019,2019-12-20,12000000,"£12,000,000",,,23
The house known as The Wishing Well,"together with the outbuildings,  ..., a certain piece of land situate to  ...",a certain piece of land situate to  ...,6 Dec 2019,2019-12-06,2580000,"£2,580,000",,,23
Northdale and Northdale Cottage,"with the land known as Le Petit  ..., to the rear of the house and  ...",to the rear of the house and  ...,6 Dec 2019,2019-12-06,4500000,"£4,500,000",Knight Frank Jersey,wilsons,24
Brecon,"La Vau Tocque, Le Chemin du Portelet",Le Chemin du Portelet,6 Dec 2019,2019-12-06,3650000,"£3,650,000",Broadlands,broadlands,24
A certain office building known as Liberte House,"together with adjoining car park  ..., 1, 2 and 3 Hilary Street, and 39  ...",and 39  ...,29 Nov 2019,2019-11-29,6000000,"£6,000,000",,,24
Guiton House,La Grande Route de St Martin,La Grande Route de St Martin,22 Nov 2019,2019-11-22,4315000,"£4,315,000",,,24
17 Hilary Street and 4 Wesley Street,,17 Hilary Street and 4 Wesley Street,8 Nov 2019,2019-11-08,2000000,"£2,000,000",,,24
Gresham Lodge,26 Rouge Bouillon,26 Rouge Bouillon,1 Nov 2019,2019-11-01,2300000,"£2,300,000",Le Maistre Estates,le-maistre-estates,24
Highfield House,La Rue es Viberts,La Rue es Viberts,18 Oct 2019,2019-10-18,2610000,"£2,610,000",Broadlands,broadlands,24
Belvedere,"with the eastern part of the  ..., Le Mont au Roux",Le Mont au Roux,18 Oct 2019,2019-10-18,2500000,"£2,500,000",,,24
Fair Acre,La Route Orange,La Route Orange,11 Oct 2019,2019-10-11,2600000,"£2,600,000",,,24
The site of the house Maison D'Or,"formerly Villa D'Or and previously  ..., La Rue au Moestre",La Rue au Moestre,11 Oct 2019,2019-10-11,6500000,"£6,500,000",,,24
Highland House,"27 Halkett Street, formerly being numbers 16 and 18  ...",formerly being numbers 16 and 18  ...,4 Oct 2019,2019-10-04,2400000,"£2,400,000",,,24
The Croft,Beechfield Lane,Beechfield Lane,4 Oct 2019,2019-10-04,3150000,"£3,150,000",,,24
2 Clos de la Ferme Rose,La Rue de la Pigeonnerie,La Rue de la Pigeonnerie,4 Oct 2019,2019-10-04,2225000,"£2,225,000",,,24
A certain house in course of construction,"on the site of the original  ..., La Route des Genets",La Route des Genets,4 Oct 2019,2019-10-04,11807515,"£11,807,515",,,24
Corniche Apartments,"including the building established  ..., A certain passageway, Hastings Lane",Hastings Lane,4 Oct 2019,2019-10-04,2150000,"£2,150,000",Thompson Lettings,thompson-estates,24
Le Touquet,7 Petite Route de Campagne,7 Petite Route de Campagne,27 Sep 2019,2019-09-27,2350000,"£2,350,000",,,24
Heathmount,"to be known as Heathmount Lodge, Le Mont des Corvees",Le Mont des Corvees,27 Sep 2019,2019-09-27,2100000,"£2,100,000",,,24
Green Keep,"Tabor Drive, La Route des Genets",La Route des Genets,27 Sep 2019,2019-09-27,5000000,"£5,000,000",Fine & Country,fine-and-country,24
Villa Cote D'Or,"with the remainder of a certain  ..., Travers Farm Lane, La Route de  ...",La Route de  ...,13 Sep 2019,2019-09-13,2330000,"£2,330,000",Thompson Lettings,thompson-estates,24
Rose Cottage,"formerly Rosemary's Cottage and  ..., Le Chemin des Creux",Le Chemin des Creux,23 Aug 2019,2019-08-23,4000000,"£4,000,000",Thompson Lettings,thompson-estates,24
Homewood with a certain house called The Barn,Le Mont Sohier,Le Mont Sohier,26 Jul 2019,2019-07-26,3350000,"£3,350,000",,,25
Old Quarry House,"comprising a house or houses, a  ..., yard, stack-yard, verges and the  ...",verges and the  ...,19 Jul 2019,2019-07-19,2092500,"£2,092,500",,,25
Beaumaris,"formerly La Roche, Le Mont Rossignol",Le Mont Rossignol,21 Jun 2019,2019-06-21,2100000,"£2,100,000",,,25
A large warehouse or warehouses,"(part of which was originally a bakery built by the German forces during the occupation of the island), together with offices, buildings, concrete access ramp (established partly on the property and partly on the publics car park, La Route de Beaumont",La Route de Beaumont,21 Jun 2019,2019-06-21,2300000,"£2,300,000",,,25
Sion 1880,"Church Mews, La Grande Route de St Jean",La Grande Route de St Jean,14 Jun 2019,2019-06-14,2010000,"£2,010,000",Broadlands,broadlands,25
West House,Wests Centre,Wests Centre,24 May 2019,2019-05-24,4100000,"£4,100,000",,,25
Moontide,La Rue du Grouet,La Rue du Grouet,17 May 2019,2019-05-17,3350000,"£3,350,000",,,25
Les Nouettes,"with the outbuildings, yard,  ..., the following pieces of land Le  ...",the following pieces of land Le  ...,3 May 2019,2019-05-03,2400000,"£2,400,000",,,25
Le Rocher Rouge,Les Ruisseaux,Les Ruisseaux,3 May 2019,2019-05-03,2220000,"£2,220,000",,,25
1 Seaton Place,,1 Seaton Place,12 Apr 2019,2019-04-12,3200000,"£3,200,000",,,25
3 Petite Route de Campagne,,3 Petite Route de Campagne,29 Mar 2019,2019-03-29,2750000,"£2,750,000",Dandara Rentals,dandara-rentals,25
Les Champs Villa,La Rue de Flicquet,La Rue de Flicquet,22 Mar 2019,2019-03-22,2150000,"£2,150,000",,,25
Mont d'Olivet,"with its dependent domestic  ..., formerly forming part of the  ...",formerly forming part of the  ...,15 Mar 2019,2019-03-15,2200000,"£2,200,000",Troys,troys,25
2 Petite Route de Campagne,,2 Petite Route de Campagne,22 Feb 2019,2019-02-22,2365000,"£2,365,000",Dandara Rentals,dandara-rentals,25
Maison du Midi,"formerly consisting of two houses respectively called Les Marettes Cottage and Armorel, Le Mont Mallet",Le Mont Mallet,11 Jan 2019,2019-01-11,2775000,"£2,775,000",Broadlands,broadlands,25
Hollycroft House,"formerly Tas de Geon, La Rue du Pont Marquet",La Rue du Pont Marquet,11 Jan 2019,2019-01-11,3075000,"£3,075,000",Broadlands,broadlands,25
Elizabeth House,9 Castle Street,9 Castle Street,21 Dec 2018,2018-12-21,3000000,"£3,000,000",,,25
Beau Desert,"with cottage, domestic offices, garages, buildings and the courtyard and garden in front of the main house., The walled garden to the rear of the house, the garden to the East of the walled garden with the tennis court, swimming pool and buildings",swimming pool and buildings,21 Dec 2018,2018-12-21,2650000,"£2,650,000",Broadlands,broadlands,25
Ventana,"with a parcel of land or sand dune in the fields called Les Pastures d\'Elie Vibert et Mielles, with the garage, building, swimming pool, gardens and appurtenances (formerly La Paonerie and previously Kingswood).",gardens and appurtenances (formerly La Paonerie and previously Kingswood).,21 Dec 2018,2018-12-21,3750000,"£3,750,000",,,25
La Rigondaine,"with cottage, barn and outbuildings to the rear thereof and the gardens and lands to the South and to the West of the house and appurtenances., The Western part of the Jardin de Derriere, Le Cotil a Greffes, Le Cotil a Chenes, Le Jardin Ou le Petit Cotil de la Rigondaine",Le Jardin Ou le Petit Cotil de la Rigondaine,21 Dec 2018,2018-12-21,2190000,"£2,190,000",Hunt Estates,hunt-estates,25
La Rochelle,1 Petite Route de Campagne,1 Petite Route de Campagne,14 Dec 2018,2018-12-14,2320000,"£2,320,000",Dandara Rentals,dandara-rentals,26
Colony House,La Ruette du Coin Varin,La Ruette du Coin Varin,14 Dec 2018,2018-12-14,5400000,"£5,400,000",Savills,savills,26
La Maison du Coin,La Rue du Coin,La Rue du Coin,23 Nov 2018,2018-11-23,5000000,"£5,000,000",Fine & Country,fine-and-country,26
Dolphin House,La Colomberie,La Colomberie,16 Nov 2018,2018-11-16,3500000,"£3,500,000",,,26
Stirling Cottage,Le Mont Sohier,Le Mont Sohier,2 Nov 2018,2018-11-02,2325000,"£2,325,000",,,26
La Caumine,"with the East part (being the field number 1846 on the Jersey Digital Map), of a certain piece of land known as Le Clos de la Fontaine situate to the West of the main part of the property, La Rue du Manoir",La Rue du Manoir,26 Oct 2018,2018-10-26,2180000,"£2,180,000",,,26
Le Havret,Le Mont de Gouray,Le Mont de Gouray,5 Oct 2018,2018-10-05,2250000,"£2,250,000",,,26
Tides,La Neuve Route,La Neuve Route,28 Sep 2018,2018-09-28,2550000,"£2,550,000",,,26
Salt House (formerly Craigie Knowe),"Le Vau Tocque, Le Chemin du Portelet",Le Chemin du Portelet,28 Sep 2018,2018-09-28,2900000,"£2,900,000",Broadlands,broadlands,26
Le Bocage (formerly Les Tisserands),"together with the outbuildings, garages, swimming pool, avenue and yard dependent thereto, and the following lands; the gardens situate both to the front and to the rear of the house and Le Clos du Milieu being field number P932 on the Jersey Digital Map.",and the following lands; the gardens situate both to the front and to the rear of the house and Le Clos du Milieu being field number P932 on the Jersey Digital Map.,21 Sep 2018,2018-09-21,2000000,"£2,000,000",Broadlands,broadlands,26
3 Clos de la Ferme Rose,La Rue de la Pigeonneri,La Rue de la Pigeonneri,7 Sep 2018,2018-09-07,2325000,"£2,325,000",,,26
"9, 11 and 13 Library Place and 1 and 3 Broad Street",,11 and 13 Library Place and 1 and 3 Broad Street,31 Aug 2018,2018-08-31,4800000,"£4,800,000",,,26
"La Plage (formerly La Voile, before that La Pined, before that La Falaise and before that known as Marloes)","14 Parcq de l'Oeilliere, Le Mont de la Pulente",Le Mont de la Pulente,24 Aug 2018,2018-08-24,5900000,"£5,900,000",,,26
La Pompe,"with a certain building formerly comprising a granary and cider cellar and marking the South-East part of a range of outbuildings  with the wall on the North and the party ownership of the gable on the West toward certain property., The following parcels of land; Le Jardin a Potage, Le Jardin a Fleurs, Le Jardin du Hiogard, La Rue des Marai",La Rue des Marai,10 Aug 2018,2018-08-10,3650000,"£3,650,000",,,26
Sunnybrow,"with a certain piece of land almost rectangular in shape and situated to the East and co-extensive to the above property, (which piece of land formerly formed part of certain piece of land called Le Long Champ des Sommiers, Le Sommier de la Pepiniere and La Pepiniere joining together and incorporated in to a piece of land now known as La Grande Piece), La Rue de Haut",La Rue de Haut,10 Aug 2018,2018-08-10,2000000,"£2,000,000",,,26
Tamarisk,"2 Chateau Plaisir, La Grande Route des Mielles",La Grande Route des Mielles,20 Jul 2018,2018-07-20,2700000,"£2,700,000",,,26
Verona,"with a certain piece of land or field called Le Jardin de Devant, bearing the number 850 on the Jersey Digital Map, La Rue des Buttes",La Rue des Buttes,13 Jul 2018,2018-07-13,2000000,"£2,000,000",,,26
La Moye Point (formerly called Canzone del Mare),"garage and buildings erected on part of the land formerly depending from the house now known by the name of Echo des Vagues (formerly LAiguillon),, with the swimming pool, lands, heathlands, cliffs, quarry and powder-magazine depending therefrom and the avenue leading to the house and to that called Echo des Vagues.",quarry and powder-magazine depending therefrom and the avenue leading to the house and to that called Echo des Vagues.,29 Jun 2018,2018-06-29,3000000,"£3,000,000",,,26
"Firstly, Salt House (formerly Les Sables Blancs and prior to that Chateau Loire)","12 Le Mont a la Brune, Secondly, a one twenty-fourth undivided share of the small piece of land being the East part of thereabouts of a strip of land, 10.",10.,29 Jun 2018,2018-06-29,2800000,"£2,800,000",,,26
Les Quatre Carrefours,"with the converted building (comprising three cottages) adjoining the North side thereof and its other dependent buildings, yards, avenues (of the North and of the West), and appurtenances with the following lands; Le Jardin a Potage; La Piece de l\'Est being fields numbered 273A, 273B and 273C on the Jersey Digital Map;",273B and 273C on the Jersey Digital Map;,22 Jun 2018,2018-06-22,2500000,"£2,500,000",,,26
Apartment 3,"The Atrium, Le Mont Gras d'Eau",Le Mont Gras d'Eau,15 Jun 2018,2018-06-15,2650000,"£2,650,000",,,27
Treetop (formerly L'Emeraude),"4 Clos de la Ferme Rose, La Rue de la Pigeonnerie",La Rue de la Pigeonnerie,8 Jun 2018,2018-06-08,2800000,"£2,800,000",,,27
Apartment 4,"The Atrium, Le Mont Gras d'Eau",Le Mont Gras d'Eau,1 Jun 2018,2018-06-01,2750000,"£2,750,000",,,27
Apartment 5,"The Atrium, Le Mont Gras d'Eau",Le Mont Gras d'Eau,1 Jun 2018,2018-06-01,3250000,"£3,250,000",Slomans,slomans,27
The Grove,"Consisting of three houses with the outbuildings, offices, swimming pools, courtyards, avenues and issues appurtenant thereto, including a certain small triangular shaped piece of land found to the North of the main avenue entrance, the woodland, lawned and planted areas dependent thereto",lawned and planted areas dependent thereto,25 May 2018,2018-05-25,17500000,"£17,500,000",,,27
Le Pont Farm,"with cottage, buildings, conservatory with swimming pool therein, gardens, parking ladder spaces, stack yard, verges and avenues., The walled garden (field 467 on the Jersey Digital Map) lying to the South of the house. the field Le Jardin de Devant (field 466 on the Jersey Digital Map).",The walled garden (field 467 on the Jersey Digital Map) lying to the South of the house. the field Le Jardin de Devant (field 466 on the Jersey Digital Map).,25 May 2018,2018-05-25,3050000,"£3,050,000",Savills,savills,27
Croix Es Mottes together with the house called La Carrossserie,La Rue du Ponterri,La Rue du Ponterri,18 May 2018,2018-05-18,2030000,"£2,030,000",,,27
Oyster Bay,"5 La Grande Mielle, La Grande Route des Sablons",La Grande Route des Sablons,11 May 2018,2018-05-11,2200000,"£2,200,000",Broadlands,broadlands,27
Villa d'Or (formerly Villa Gardena),"with the underground garage and cottage dependant thereto and the adjoining land including the South part of the fields La Valette and Le Cotil de la Chesnaie, La Rue au Moestre",La Rue au Moestre,4 May 2018,2018-05-04,2150000,"£2,150,000",,,27
La Croute,La Route de la Crout,La Route de la Crout,20 Apr 2018,2018-04-20,66133332,"£66,133,332",,,27
A certain house or shop bearing the number 22 King Street,"with the buildng and the yard to the rear and the small building or bin store., The remainder of a certain alley or passageway leading from the alley or passageway forming part of the property bearing the number 20 King Stree",The remainder of a certain alley or passageway leading from the alley or passageway forming part of the property bearing the number 20 King Stree,13 Apr 2018,2018-04-13,2550000,"£2,550,000",,,27
Gwithian,La Rue Voisi,La Rue Voisi,6 Apr 2018,2018-04-06,2050000,"£2,050,000",,,27
Le Petit Cotil,"formerly Sea View, Le Mont de la Mare",Le Mont de la Mare,6 Apr 2018,2018-04-06,2000000,"£2,000,000",,,27
La Grande Carriere,La Ruette de la Carrier,La Ruette de la Carrier,23 Mar 2018,2018-03-23,2650000,"£2,650,000",Savills,savills,27
Broadfield House (formerly known as Severin House),"6 Broadfields, Les Chenolles de Six Rues",Les Chenolles de Six Rues,23 Mar 2018,2018-03-23,2400000,"£2,400,000",Thompson Lettings,thompson-estates,27
Affaric,La Route Orang,La Route Orang,23 Mar 2018,2018-03-23,2200000,"£2,200,000",,,27
Rockmount de Moustiers,"with part of the cotils and pendants (measuring approxiamtely 1 vergee in area), situate to the North, East and North-West of the house and its dependent land and garden and to the South or South-East or therebouts of the aforementioned track.",East and North-West of the house and its dependent land and garden and to the South or South-East or therebouts of the aforementioned track.,16 Mar 2018,2018-03-16,2025000,"£2,025,000",Troys,troys,27
Maison de la Pere (formerly known as La Renaissance),"with wooden buildings and swimming pool constructed built on a field known as Le Havard du Sud, with the designated field number C162 on the Jersey Digital Map. The remainder of the said field, La Rue du Geneste",La Rue du Geneste,2 Mar 2018,2018-03-02,2200000,"£2,200,000",,,27
Les Maltieres,"with a certain piece of land previously being the main part of the Eastern part of the field bearing the number 220 on the Jersey Digital Map., Le Chemin des Maltieres",Le Chemin des Maltieres,23 Feb 2018,2018-02-23,3950000,"£3,950,000",Fine & Country,fine-and-country,27
Blanche Pierre Manor,"(formerly Walnut Grove) with the East part (being the remainder) of Le Grand Clos, La Rue de la Blanche Pierre",La Rue de la Blanche Pierre,23 Feb 2018,2018-02-23,3017190,"£3,017,190",,,27
Bonne Nuit House and Apartments,"formerly being Idlerocks Hotel, Les Charrieres de Bonne Nuit",Les Charrieres de Bonne Nuit,16 Feb 2018,2018-02-16,2050000,"£2,050,000",,,28
Rouen,"with the garaging, pool house, parking area, gardens and other appurtenances dependant thereto, and with the banks, walls and offsets of the West and of the South. The field known as Le Jardin du Haut and bearing the number S1004 (FIELD 1004) on the Jersey Digital Map. The field known as La Piece Billot and bearing the number S646, La Rue du Tapo",La Rue du Tapo,2 Feb 2018,2018-02-02,4100000,"£4,100,000",Savills,savills,28
St Mannelier,"with the adjoining building, pool house and swimming pool, the building known as The Cottage (a converted stable block),, the garage block and the car parking area to the South of The Cottage, and the gardens, lands and avenues dependent thereto.",lands and avenues dependent thereto.,2 Feb 2018,2018-02-02,7375000,"£7,375,000",Savills,savills,28
Hill Top Farm,"with the offices, ladder rights, yard, stacking yard and dependencies., A certain piece of land known as Le Vieux Jardin with the banks and offsets all around, except by the South, bearing the number 945 on the Jersey Digital Map.",bearing the number 945 on the Jersey Digital Map.,19 Jan 2018,2018-01-19,2480000,"£2,480,000",Savills,savills,28
Val Richer,"with the garage, swimming pool and other appurtenances erected on part of a certain piece of land known as Le Plat Champ with the remainder of that piece of land., A certain piece of land known as Le Petit Cotiil des Grasses Fosses, with the ownership of the bank of the North, or thereabouts, towards the foreshore. A certain piece of land known as Le Petit Cotil de la Valette de la Grasse Fosses.",towards the foreshore. A certain piece of land known as Le Petit Cotil de la Valette de la Grasse Fosses.,12 Jan 2018,2018-01-12,2800000,"£2,800,000",Savills,savills,28
The warehouse (the North warehouse),"situate to the South of a large warehouse or warehouses retained by the vendor together with an area of hardstanding land or unloading bay, situate to the North of the North-West corner of the North warehouse and to the West of the South-West corner",situate to the North of the North-West corner of the North warehouse and to the West of the South-West corner,12 Jan 2018,2018-01-12,2225000,"£2,225,000",,,28
La Boulangerie,La Ruette de la Ville a l'Evequ,La Ruette de la Ville a l'Evequ,22 Dec 2017,2017-12-22,9619825,"£9,619,825",,,28
La Blanche Pierre (formerly Blanche Pierre Villa),"with its offices, garages, land, yard, tennis court, roads and avenue;, Le Jardin a Potage; the Western part of Jardin de la Blanche Pierre; Le Jardin d\'Agrement in front of the said house and the tarmacked strip of land lying to the North of Clos de Devant bearing the number 790 on the Jersey Digital Map;",Le Jardin a Potage; the Western part of Jardin de la Blanche Pierre; Le Jardin d\'Agrement in front of the said house and the tarmacked strip of land lying to the North of Clos de Devant bearing the number 790 on the Jersey Digital Map;,22 Dec 2017,2017-12-22,6000000,"£6,000,000",,,28
La Motte Chambers,and Maison de La Colomberi,and Maison de La Colomberi,8 Dec 2017,2017-12-08,3500000,"£3,500,000",,,28
Dell Farm,"with the outbuildings, yard, stacking place, ladder spaces, avenue, strips of land (issues) and the following lands;, a certain piece of land known as Le Jardin en Derriere de Ladite Maison; a certain piece of land known as Le Clos du Menage and bearing the number 810 on the Jersey Digital Map, La Rue du Bocag",La Rue du Bocag,8 Dec 2017,2017-12-08,2000000,"£2,000,000",,,28
Tamarind,"with its dependent cottage, wing, outbuildings, stables, tennis court, swimming pool, avenues land and appurtenances all as constructed on the realty comprising the site of the property known The Elms,, the yards, stacking place issues and avenues dependent thereto and the following lands; Le Jardin a Potage measuring with its hedges and offsets of the North and of the Wes",stacking place issues and avenues dependent thereto and the following lands; Le Jardin a Potage measuring with its hedges and offsets of the North and of the Wes,8 Dec 2017,2017-12-08,4800000,"£4,800,000",,,28
Le Petit Touessrok (formerly known as The White House),"with the adjoining buildings and the gardens to the South and East. the garage, the car parking area, the site of a former tennis court (now removed), and the swimming pool and land to the West of the parking area and garage, (all of which are established on the Eastern part of a certain piece of land known as La Courte Piece.",(all of which are established on the Eastern part of a certain piece of land known as La Courte Piece.,8 Dec 2017,2017-12-08,2450000,"£2,450,000",,,28
Le Vivier,"with the cottages, buildings, conservatory, greenhouse and appurtenances to the rear thereof and the gardens, verges, tracks, avenues and appurtenances all around and dependent thereto., The fields or parts of the fields numbered 308 and 309 on The Jersey Digital Map (currently in one piece",The fields or parts of the fields numbered 308 and 309 on The Jersey Digital Map (currently in one piece,1 Dec 2017,2017-12-01,4750000,"£4,750,000",,,28
Roche Mouette,"previously known as California, La Rue du Grouet",La Rue du Grouet,24 Nov 2017,2017-11-24,2900000,"£2,900,000",,,28
Gorey House  (formerly known as La Valette),"with the lawn in front of the house, the yard to the West or thereabouts and the terraced garden to the rear with building or storeroom (built in replacement of an original greenhouse) erected on part thereof., Le Chemin des Maltieres",Le Chemin des Maltieres,24 Nov 2017,2017-11-24,2350000,"£2,350,000",,,28
La Josseline,"previously known as Sunset Lodge, La Rue de Haut",La Rue de Haut,17 Nov 2017,2017-11-17,3375000,"£3,375,000",,,28
La Huterie (formerly Les Jardins and previously Hiouterie or La Hiouterie),"with the East part of a field Le Petit Clos to the North of above and being field number 416 on the Jersey Digital Map., The East part of the field Le Jardin de Laurens to the South of the house, garages, outbuildings, swimming pool, gardens, land and yard dependent thereto and being field number 417 on the Jersey Digital Ma",land and yard dependent thereto and being field number 417 on the Jersey Digital Ma,17 Nov 2017,2017-11-17,2200000,"£2,200,000",,,28
Waverley House,Le Mont Arthu,Le Mont Arthu,10 Nov 2017,2017-11-10,5500000,"£5,500,000",Fine & Country,fine-and-country,28
La Vignette,"with the garage block (with the apartment above known as The Court House) to the North of the house., The garage block (with the apartment above known as The Lodge) to the North-East of the first mentioned garage block.",The garage block (with the apartment above known as The Lodge) to the North-East of the first mentioned garage block.,10 Nov 2017,2017-11-10,3700000,"£3,700,000",,,28
La Falaise,"formerly Ashbrooke, Le Mont Gras d'Eau",Le Mont Gras d'Eau,3 Nov 2017,2017-11-03,4000000,"£4,000,000",,,28
Leeward,"with a piece of land in the South-Western part of two cotils jointly known as Les Monts de Grantez, Le Chemin du Moulin",Le Chemin du Moulin,3 Nov 2017,2017-11-03,2150000,"£2,150,000",,,29
Les Chenils,"with the remainder of two parcels of land being part of the field La Butiere de Bas and part of the field Le Champ du Laurens (forming one field and this by the North side thereof)., La Grande Route de Roze",La Grande Route de Roze,3 Nov 2017,2017-11-03,2747000,"£2,747,000",,,29
Le Fond du Cotil,"with a piece of land formerly described as site number 7 Cap Verd., Part of the cotil called Le Cotil de Milieu de l\'Ouest situate to the East of the piece of land called Le Grand Pre de Haut, La Rue du Cap Verd",La Rue du Cap Verd,3 Nov 2017,2017-11-03,2310000,"£2,310,000",,,29
De Gruchy's Department Store,46-48 King Stree,46-48 King Stree,27 Oct 2017,2017-10-27,21500000,"£21,500,000",,,29
Rockmount,"with the remainder of the piece of land known as Cotil de la Fontaine (situate to the rear of the house)., The remainder of the piece of land known as Cotil Rouet and bearing the field number 748 on the Jersey Digital Map. Certain lands in the North and West parts of the piece of land known as Le Clos du Pissot.",The remainder of the piece of land known as Cotil Rouet and bearing the field number 748 on the Jersey Digital Map. Certain lands in the North and West parts of the piece of land known as Le Clos du Pissot.,27 Oct 2017,2017-10-27,3040000,"£3,040,000",ND Estates,nd-estates,29
Seymour Farm,"with the dependent buildings, yard, private road, the vegetable plot to the West of the yard, Le Mont Mallet",Le Mont Mallet,27 Oct 2017,2017-10-27,2200000,"£2,200,000",,,29
International House,"18 York Street. 1 Old Street with the site of the majority of the property being number 41 The Parade., , the Northern and Eastern halves of certain party walls or gables of the North and East to the South and to the West or thereabouts of the building known as Brunel House.",the Northern and Eastern halves of certain party walls or gables of the North and East to the South and to the West or thereabouts of the building known as Brunel House.,20 Oct 2017,2017-10-20,3500000,"£3,500,000",,,29
Le Boulevard,La Grande Route des Sablon,La Grande Route des Sablon,13 Oct 2017,2017-10-13,2355000,"£2,355,000",,,29
Les Niemes (formerly known as La Neuve Maison des Niemes),"with the avenue or principal roadway which leads from the house to the main road which runs from La Croix au Lion to St Ouens Parish Hall., the other roadways or avenues dependent to the house. The walled garden to the South of the outbuildings and buildings. The Jardin a Potage to the North of the house.",with the avenue or principal roadway which leads from the house to the main road which runs from La Croix au Lion to St Ouens Parish Hall.,29 Sep 2017,2017-09-29,5750000,"£5,750,000",,,29
Mill Farm  (formerly known as Le Moulin de la Perrelle),"with the cotils known as Le Cotil Clos and Le Cotil du Seelleur (now forming one piece of land)., Le Grand Cotil",Le Grand Cotil,29 Sep 2017,2017-09-29,2500000,"£2,500,000",,,29
La Carriethe,"Portelet Bay, La Rue Voisin",La Rue Voisin,22 Sep 2017,2017-09-22,2460000,"£2,460,000",,,29
Veslet Lodge,"formerly 3 Ville-au-Veslet, Le Mont Sorsoleil",Le Mont Sorsoleil,8 Sep 2017,2017-09-08,3000045,"£3,000,045",,,29
Cefn with the field known as Le Clos des Marettes,"and bearing the numbers 38 and 39 on the Jersey Digital Map, A strip of land formerly forming part of the Eastern railway. The Western part of the field called Grand Clos des Heches and Petit Clos des Heches now joined together and bearing the number 59A on the Jersey Digital Map.",A strip of land formerly forming part of the Eastern railway. The Western part of the field called Grand Clos des Heches and Petit Clos des Heches now joined together and bearing the number 59A on the Jersey Digital Map.,1 Sep 2017,2017-09-01,6800000,"£6,800,000",,,29
Le Manoir du Fief et Seigneurie de Vinchelez de Bas,"with the buildings converted into dwelling houses to the West of the manor, the yards, outbuildings, stacking area, pond avenues, issues, lawns gardens or land, and fields known as Le Pre and Le Clos de la Touraille and numbered 181 on the Jersey Digital Map. The field known as Le Mont de Hue and numbered 171 and 172 on the Jersey Digital Map, La Route de Vinchele",La Route de Vinchele,1 Sep 2017,2017-09-01,9200000,"£9,200,000",,,29
24 Union Street,"with the car park, land and appurtenances dependant therefrom forming the corner of the public road called Le Geyt Street and the main road called Union Stree",land and appurtenances dependant therefrom forming the corner of the public road called Le Geyt Street and the main road called Union Stree,11 Aug 2017,2017-08-11,2500000,"£2,500,000",,,29
Sous Le Moulin,"with the cottage called La Cumine, La Rue du Moulin",La Rue du Moulin,28 Jul 2017,2017-07-28,2150000,"£2,150,000",,,29
Chateau Rocquebrune (formerly known as Kenswick House and before that Villa Rocqueburne),"with the bungalow called The Bungalow, garage, turntable, outbuildings, buildings, greenhouse, swimming pool, tennis court, gardens and lands thereto., The roadway or avenue which leads to the main road La Route de St Aubin. A certain strip of land to the south-west or thereabouts of the avenue, La Route de St Aubi",La Route de St Aubi,30 Jun 2017,2017-06-30,3030000,"£3,030,000",,,29
Clos St Michel,La Rue des Friquette,La Rue des Friquette,30 Jun 2017,2017-06-30,2100000,"£2,100,000",,,29
Lido Medical Centre,St Saviour's Roa,St Saviour's Roa,23 Jun 2017,2017-06-23,10555000,"£10,555,000",,,29
Hill Farm,"with a certain piece of land known as Le Jardin de la Maison, Le Mont Rossignol",Le Mont Rossignol,23 Jun 2017,2017-06-23,2700000,"£2,700,000",,,29
"Highcliff with the outbuildings, the yards and gardens to the West, to the North and to the East of the house.","The garden Le Jardin de Devant to the South of the house. The West part of the field Le Jardin du Menage or Le Jardin de Derriere., The East part of the field Le Jardin de Menage with the piece of land situate to the South thereof now joined together and forming one field being numbers 887 and 888 on the Jersey Digital Map.",The East part of the field Le Jardin de Menage with the piece of land situate to the South thereof now joined together and forming one field being numbers 887 and 888 on the Jersey Digital Map.,16 Jun 2017,2017-06-16,3900000,"£3,900,000",,,30
Bay View,"formerly known as Sommerville House, Le Mont du Boulevard",Le Mont du Boulevard,16 Jun 2017,2017-06-16,2500000,"£2,500,000",,,30
Dal Riata Villa,"61 Elizabeth Avenue, La Route Orange",La Route Orange,2 Jun 2017,2017-06-02,2075000,"£2,075,000",Hunt Estates,hunt-estates,30
Vicard House,"formerly Villa des Arbres, La Vieille Charriere",La Vieille Charriere,26 May 2017,2017-05-26,2050000,"£2,050,000",,,30
Les Grillons,La Rue du Pont Marque,La Rue du Pont Marque,12 May 2017,2017-05-12,5500000,"£5,500,000",Fine & Country,fine-and-country,30
Roselle,"formerly known as Roselea, La Rue de Haut",La Rue de Haut,12 May 2017,2017-05-12,2100000,"£2,100,000",,,30
Grands Vaux Court,"including a certain building designated Block A established on the South side and comprising 3 shops and 2 apartments., A certain building designated Block B established on the North side and comprising 1 supermarket and 6 maisonettes. The site of a row of 9 garages (now demolished) formerly established on the West side.",A certain building designated Block B established on the North side and comprising 1 supermarket and 6 maisonettes. The site of a row of 9 garages (now demolished) formerly established on the West side.,28 Apr 2017,2017-04-28,2650000,"£2,650,000",,,30
The Living Legend with certain pieces of land,"being the Western parts of the lands formerly called Le Jardin ou Clos du Cosmet ou a Trois Cornieres, Le Grand Jardin, Le Clos de Jacquette and Le Clos de Brun and Le Clos de Jacquette all of which lands are now combined as a single piece of land., The Northern section of a private road, La Rue du Petit Aleva",La Rue du Petit Aleva,7 Apr 2017,2017-04-07,7000000,"£7,000,000",,,30
The Hacienda,Le Mont du Coi,Le Mont du Coi,31 Mar 2017,2017-03-31,3900000,"£3,900,000",,,30
38 and 39 The Esplanade,,38 and 39 The Esplanade,24 Mar 2017,2017-03-24,11900000,"£11,900,000",,,30
Highland House,La Rue du Var,La Rue du Var,24 Mar 2017,2017-03-24,2500000,"£2,500,000",,,30
3 Clos de la Ferme Rose,La Rue de la Pigeonneri,La Rue de la Pigeonneri,10 Mar 2017,2017-03-10,2100000,"£2,100,000",,,30
7 Esplanade,,7 Esplanade,10 Mar 2017,2017-03-10,2050000,"£2,050,000",,,30
La Poudretterie,"with its offices, buildings, yards, pigsties, tennis courts and the lands all around. A certain piece of land being field number 173 on the Jersey Digital Map and the main avenue leading from the public road to the farmhouse, La Route des Pelles",La Route des Pelles,3 Mar 2017,2017-03-03,2600000,"£2,600,000",,,30
La Falaise,Le Mont Arthu,Le Mont Arthu,24 Feb 2017,2017-02-24,3500000,"£3,500,000",,,30
1 Chateau Plaisir,La Grande Route des Mielle,La Grande Route des Mielle,17 Feb 2017,2017-02-17,2400000,"£2,400,000",,,30
Le Petit Radier (formerly Radier Farm),"with the buildings, yard and land dependent thereto., Le Chemin du Radier",Le Chemin du Radier,10 Feb 2017,2017-02-10,2300000,"£2,300,000",,,30
35-37 New Street,,35-37 New Street,20 Jan 2017,2017-01-20,2100000,"£2,100,000",,,30
Orchard House (formerly known as Le Nord),"with the buildings to the West of and adjoining the house, the cottage to the East of and adjoining the house, the gardens or lands to the North,, to the West and to the South thereof",to the West and to the South thereof,6 Jan 2017,2017-01-06,2000000,"£2,000,000",,,30
La Maison de la Glinette,"with the extensions, offices, ladder rights and yard dependant thereto. The garden or passage to the South of the garden. Le Clos de Derriere (to the East of the house and to the North of the neighbouring property known as La Glinette Farm., The land or passage to the North of and co-extensive with not only the aforementioned house and appurtenances but also the the aforementioned Clos de Derriere. The roadway or avenue leading from the property.",The land or passage to the North of and co-extensive with not only the aforementioned house and appurtenances but also the the aforementioned Clos de Derriere. The roadway or avenue leading from the property.,23 Dec 2016,2016-12-23,2250000,"£2,250,000",,,30
La Glinette Farm,"with the garaging, outbuildings, other buildings, yard, stacking place, issues, avenues and other appurtenances dependent thereto and the following lands;, La Rue de Haut",La Rue de Haut,23 Dec 2016,2016-12-23,4650000,"£4,650,000",,,31
The property in construction on the site of and formally known as Mimosa.,"The building known as Zanzibar Restaurant (formerly Herbie\'s Inn and before that Sabrina)., Le Mont Sohier",Le Mont Sohier,23 Dec 2016,2016-12-23,4713518,"£4,713,518",,,31
La Maison du Coin,La Route du Coi,La Route du Coi,16 Dec 2016,2016-12-16,6750000,"£6,750,000",,,31
Kingsgate House,55 The Esplanad,55 The Esplanad,16 Dec 2016,2016-12-16,6600000,"£6,600,000",,,31
1 The Forum,Grenville Stree,Grenville Stree,16 Dec 2016,2016-12-16,4250000,"£4,250,000",,,31
7 Castle Street,,7 Castle Street,16 Dec 2016,2016-12-16,4400000,"£4,400,000",,,31
Shillong,La Rue du Crocque,La Rue du Crocque,2 Dec 2016,2016-12-02,2400000,"£2,400,000",,,31
1 The Forum,Grenville Stree,Grenville Stree,25 Nov 2016,2016-11-25,4250000,"£4,250,000",,,31
Northwood with a certain piece of land,"(measuring approximately ten perches) being the Southern part of the land or enclosed field called Le Clos du Menage and Le Jardin de Derriere ou de Haut, La Rue du Pont",La Rue du Pont,25 Nov 2016,2016-11-25,2300000,"£2,300,000",,,31
Maison des Cotils,La Route des Cotil,La Route des Cotil,25 Nov 2016,2016-11-25,2500000,"£2,500,000",,,31
"The shop number 20 King Street and 1, 3 and 5 Don Street",with the rooms and flat above and buildings to the rear,with the rooms and flat above and buildings to the rear,11 Nov 2016,2016-11-11,4000050,"£4,000,050",,,31
Tower Hamlet,La Route de la Hougue Bi,La Route de la Hougue Bi,28 Oct 2016,2016-10-28,3125000,"£3,125,000",,,31
La Roseraie,"2 La Falaise, La Route Orange",La Route Orange,21 Oct 2016,2016-10-21,2200000,"£2,200,000",,,31
Le Boulivot with the outbuildings,"(now converted in to five separate units of accommodation known as Le Marronyi, Le Tchene, La Pepiniere, La Bacquinnerie and La Cache, respectively), ladders, spaces, yard, stacking area and issues dependent thereto., The following lands: Le Jardin Mure, Le Jardin de la Rue and bearing the number 917 (formerly 654) on the Jersey Digital Map, Le Pre bearing the number 916 (formerly 653) on the Jersey Digital Ma",Le Pre bearing the number 916 (formerly 653) on the Jersey Digital Ma,14 Oct 2016,2016-10-14,2200000,"£2,200,000",,,31
Astley House,La Route des Genet,La Route des Genet,14 Oct 2016,2016-10-14,5625000,"£5,625,000",Fine & Country,fine-and-country,31
Villa Cote d'Or,"with the remainder of a certain piece of land called Le Clos de Derriere la Maison, La Route de Noirmont",La Route de Noirmont,7 Oct 2016,2016-10-07,2400000,"£2,400,000",,,31
La Hurette with the following lands:,"Le Jardin de Derriere, Le Picachon et le Camp, Le Douaire, La Chatenee., The following additional lands: Le Grand Pre, La Hurette, Le Cotil Fresnel, Le Jardin du Cotil Fresnel, Le Petit Pre and Le Jardin de Bas, La Rue de la Bergerie. 3,947,500.",500.,16 Sep 2016,2016-09-16,3997500,"£3,997,500",,,31
Les Capelles,"with the walled garden Le Jardin a potage to the East of the main house. The field known as Le Neuf Jardin bearing the field number 545 on the Jersey Digital Map., La Rue de la Mare Ballam",La Rue de la Mare Ballam,2 Sep 2016,2016-09-02,2100000,"£2,100,000",,,31
Wildways,"Park Estate, La Route des Genets",La Route des Genets,26 Aug 2016,2016-08-26,3400000,"£3,400,000",,,31
Beaumont House,Le Vieux Beaumon,Le Vieux Beaumon,19 Aug 2016,2016-08-19,4600000,"£4,600,000",Fine & Country,fine-and-country,31
Meadow Farm,"with the buildings established in the North part of the property with the ownership (without offset) of the North granite gable (the most Northerly) of the said buildings, La Vieille Charriere",La Vieille Charriere,29 Jul 2016,2016-07-29,2050000,"£2,050,000",,,32
Old Cadet House (formerly Seymour House),"with the cottage to the East and adjoining, Le Mont Mallet",Le Mont Mallet,22 Jul 2016,2016-07-22,3415000,"£3,415,000",,,32
"Certain office premises constructed on the site of the buildings, offices, apartments and land","formerly bearing the numbers 13 & 14 Esplanade, 14 Esplanade formerly known as Bellevue",14 Esplanade formerly known as Bellevue,15 Jul 2016,2016-07-15,10750000,"£10,750,000",,,32
Cedar Valley (formerly The Cedars),"with offices, stable, yard and avenue and the following lands:, La Rue du Flicquet",La Rue du Flicquet,8 Jul 2016,2016-07-08,2475000,"£2,475,000",,,32
La Fontaine Martin,"with the adjoining field of the same name as the house (field number 2 on the Jersey Digital Map), Le Chemin du Chateau",Le Chemin du Chateau,1 Jul 2016,2016-07-01,2000000,"£2,000,000",,,32
Laurel House,La Rue Jutiz,La Rue Jutiz,17 Jun 2016,2016-06-17,3500000,"£3,500,000",,,32
Railton Hall,Les Chemins des Moulin,Les Chemins des Moulin,27 May 2016,2016-05-27,2000000,"£2,000,000",,,32
Ferncliff,"with the remaining parts of the piece of land called La Grande Cloture and a certain piece of land in a near triangular shape, the whole joining together and forming one corpus fundi, La Rue des Barraques",La Rue des Barraques,20 May 2016,2016-05-20,2100000,"£2,100,000",,,32
Amberley,"with a certain piece of land forming the Northern part of a certain piece of land known as Le Jardin du Rue with the banks and reliefs of the North and of the East towards the public road, La Rue de Rue",La Rue de Rue,20 May 2016,2016-05-20,2525000,"£2,525,000",,,32
Silvalai (formerly called Corrie Point),"with a one third undivided part of a certain piece of land (divided into two parcels of land) being the cotil situated to the North and to the rear of the property called La Maison du Cotil (formerly called Santosha), Le Mont Arthur",Le Mont Arthur,20 May 2016,2016-05-20,3750000,"£3,750,000",,,32
Baymont,Le Boulevar,Le Boulevar,6 May 2016,2016-05-06,2537000,"£2,537,000",,,32
A certain land forming part of the former gas works site,"with the building known as Thomas Edge House, the houses known as Thomas Edge Place, car park and appurtenances constructed and established thereof, Tunnell Street",Tunnell Street,29 Apr 2016,2016-04-29,7599588,"£7,599,588",,,32
A certain land forming part of the former gas works site,"with the houses bearing the numbers 1 to 4 La Fauxbie Villas and appurtenances constructed on part thereof, Tunnell Street",Tunnell Street,29 Apr 2016,2016-04-29,2143912,"£2,143,912",,,32
2 Chateau Plaisir,La Grande Route des Mielle,La Grande Route des Mielle,15 Apr 2016,2016-04-15,2700000,"£2,700,000",,,32
"Firstly, the greater part of the site of the hotel known as Shakespeare Hotel and Restaurant (formerly Sea Braes Private Hotel)",La Grande Route de la Cot,La Grande Route de la Cot,8 Apr 2016,2016-04-08,2449995,"£2,449,995",,,32
Le Couperon,"with the buildings, courtyard, garage, gardens, lands and appurtenances dependent therefrom established by the vendor on the site of a hotel (formerly Le Beau Couperon and Le Couperon de Rozel), Le Mont de Rozel",Le Mont de Rozel,8 Apr 2016,2016-04-08,7500000,"£7,500,000",,,32
"Le Carrefour au Clercq comprising house, outhouses, yard, stack yard and the following lands:","Le Jardin a Potage joining by the North to the said outhouses; Le Jardin a Fruit to the West of the said house, Le Grand Clos de Nicolle and Le Clos de Julienne bearing the number 46 on the Jersey Digital Map., La Rue du Carrefour au Clercq",La Rue du Carrefour au Clercq,1 Apr 2016,2016-04-01,2000000,"£2,000,000",,,32
Goodwood (formerly St Kildas),"with the remainder of a certain piece of land known as Le Jardin Qui Fut a Jean Touzel, La Rue du Coin",La Rue du Coin,4 Mar 2016,2016-03-04,2585000,"£2,585,000",,,32
La Chasse with the remainder of a piece of land called Le Jardin de Derriere and bearing number 631 on the Jersey Digital Map,"The piece of land called Le Clos du Menage and bearing number 632 on the Jersey Digital Map., La Cache de l'Eglise",La Cache de l'Eglise,26 Feb 2016,2016-02-26,2275000,"£2,275,000",,,32
Les Champs Villa,La Rue du Flicque,La Rue du Flicque,22 Jan 2016,2016-01-22,2000000,"£2,000,000",,,32
Floriana with a certain piece of land or dune in front (to the South) of the property and on the other side of the of the main road La Route de la Haule,La Route de la Haul,La Route de la Haul,15 Jan 2016,2016-01-15,2725000,"£2,725,000",,,33
Old Court House Hotel,"with the houses previously known as Old Court House and Brooklet, certain buildings depending from Old Court House, the house previously numbered 1 Windsor Cottages and a piece of land being previously the East part of the property known as Rosedale, Old Road, Gorey",Gorey,8 Jan 2016,2016-01-08,2950000,"£2,950,000",,,33
La Cour Normande (previously Bouillon Farm) with the following lands,"Le Jardin a Potage or Le Jardin de la Maison. The small area of land adjoining the lawn in front of the house, the South part of the piece of land to the rear of the house, (previously formimg part of Le Clos de Pacquet and Le Clos de la Croix), Le Pre and a strip of a land (previously in the East part of Le Clos Ruettes), La Rue du Bouillon",La Rue du Bouillon,8 Jan 2016,2016-01-08,2200000,"£2,200,000",,,33
Hotel Metropole with two certain houses bearing the numbers 1 and 2 Hastings Terrace,"formerly known as Osterley Court Hotel) with the wing to the West of and adjoining the house forming part of 1 Hastings Terrace, Roseville Street",Roseville Street,18 Dec 2015,2015-12-18,6954748,"£6,954,748",,,33
Domaine de St Laurent (formerly known as des Cotils),"with the following lands, Les Champs Grees et le Jardin en Dessus des Champs Grees, Le Petit Picachon et le Jardin au-dessus du Bel (now combined), Le Clos de Derriere la Maison,, La Partie Ouest du Cotil des Chataigniers and the North-Eastern part of the Cotil des Chataigniers.",La Partie Ouest du Cotil des Chataigniers and the North-Eastern part of the Cotil des Chataigniers.,27 Nov 2015,2015-11-27,6250000,"£6,250,000",,,33
Ventana,Le Chemin du Mouli,Le Chemin du Mouli,30 Oct 2015,2015-10-30,3100000,"£3,100,000",,,33
The Cliff with a one third undivided share of a certain piece of land,"(which is divided into two parcels) being the cotil situated to the North and at the rear of the property La Maison du Coti,, Le Mont Arthur",Le Mont Arthur,9 Oct 2015,2015-10-09,8575000,"£8,575,000",,,33
Valbella House (formerly known as La Maison de Haut),"La Verte Rue, with the garden area to the South of the house and known as Le Jardin a Potage, the garden area to the North of the of the house and known as Le Jardin de Derriere (with the driveway and parking area now established on part thereof",the garden area to the North of the of the house and known as Le Jardin de Derriere (with the driveway and parking area now established on part thereof,2 Oct 2015,2015-10-02,2850000,"£2,850,000",,,33
"Firstly, a certain house and extension known as Le Petit Sentier","(formerly La Retraite and before that La Chasse, cottage), outbuilding, yard, open shed, avenue, issues and lands. The small gardens in front of the house, the garden to the North of the house (bearing the number 498 on the Jersey Digital Map)., La Rue de la Mare Ballam",La Rue de la Mare Ballam,2 Oct 2015,2015-10-02,2725000,"£2,725,000",,,33
Beauport Battery,Le Chemin de Beau Por,Le Chemin de Beau Por,25 Sep 2015,2015-09-25,10975000,"£10,975,000",,,33
1 Portelet Bay,La Rue Voisi,La Rue Voisi,11 Sep 2015,2015-09-11,2000000,"£2,000,000",,,33
Maison H'Arry,107-109 Don Roa,107-109 Don Roa,4 Sep 2015,2015-09-04,2000000,"£2,000,000",,,33
Val La Give,La Rue a Do,La Rue a Do,28 Aug 2015,2015-08-28,3750000,"£3,750,000",,,33
"Firstly, the house known as East Lynne with the field known as Clos du Menage and being field number 1015 on the Jersey Digital Map","the piece of land known as Le Clos des Ruettes and being field number 1016 on the Jersey Digital Map, La Rue Freule, 1,250,000., Secondly, the field known as Le Sommie being field number 1036 on the Jersey Digital Map, La Rue Freule, 20,000.",000.,28 Aug 2015,2015-08-28,2250000,"£2,250,000",,,33
Sandy Lodge,"Parcq de l'Oeilliere, Le Mont de la Pulente",Le Mont de la Pulente,21 Aug 2015,2015-08-21,2800000,"£2,800,000",,,33
Seascape,"3 Chateau Plaisir, La Grande Route des Mielles",La Grande Route des Mielles,21 Aug 2015,2015-08-21,2800000,"£2,800,000",,,33
Blanche Pierre Farm with the following lands,"the cotil to the East of the small valleys measuring with the bank and relief of the West, or thereabouts, towards the aforementioned roadway or track and the hedge, 2 vergees, 19 perches, 23 feet., The Oak Grove (La Chenee) measuring with the hedge and relief of the East towards the cotil, 29 perches, 13 feet.",13 feet.,14 Aug 2015,2015-08-14,2075000,"£2,075,000",,,33
Blanche Pierre House with the remainder of a piece of land also forming part of the small valleys and bearing the number 730 on the Jersey Digital Map,La Rue de la Ville Emphri,La Rue de la Ville Emphri,14 Aug 2015,2015-08-14,6200000,"£6,200,000",,,33
Les Mouettes,La Grande Route des Sablon,La Grande Route des Sablon,7 Aug 2015,2015-08-07,3000000,"£3,000,000",,,33
Ladies Walk (formerly Rectory Farm),"outbuildings, yard, stack yard, garden and the field bearing number 588 on the Jersey Digital Map. Secondly, a piece of land known as Le Jardin de Lael bearing the field number 589 on the Jersey Digital Map, La Route de l'Eglise",La Route de l'Eglise,7 Aug 2015,2015-08-07,2300000,"£2,300,000",,,33
Colony House,La Ruette du Coin Vari,La Ruette du Coin Vari,17 Jul 2015,2015-07-17,3450000,"£3,450,000",,,34
Daisy Bank (formerly Bienvenue),"Park Estate, La Route des Genets",La Route des Genets,10 Jul 2015,2015-07-10,2550000,"£2,550,000",,,34
Highgrove House,"with the field known as 1 Le Jardin de Devant la Maison, Le Jardin du Hogard and the remainder of Le Grand Clos, La Rue du Boulivot",La Rue du Boulivot,3 Jul 2015,2015-07-03,2000000,"£2,000,000",,,34
"19 Queen Street, 2 and 4 Halkett Street","formerly being numbers 2, 4 and 6 Upper Halkett Place, and also known as Caversham House and Orviss House",and also known as Caversham House and Orviss House,12 Jun 2015,2015-06-12,2750000,"£2,750,000",,,34
L'Emeraude,"4 Clos de la Ferme Rose, La Rue de la Pigeonnerie",La Rue de la Pigeonnerie,29 May 2015,2015-05-29,2050000,"£2,050,000",,,34
"Firstly, Portelet Hotel (formerly known as Kalimna House)","Secondly, a certain piece of land incorporating the pieces of land known as Le Bordage and La Piece a Geon du Bordage and the Northern extremity of the piece of land known as La Butiere, Le Chemin du Portelet",Le Chemin du Portelet,15 May 2015,2015-05-15,5358437,"£5,358,437",,,34
La Chasse,Princes Tower Roa,Princes Tower Roa,10 Apr 2015,2015-04-10,2850000,"£2,850,000",,,34
Sir Walter Raleigh House,"48-50 The Esplanade, formerly 50 The Esplanade",formerly 50 The Esplanade,6 Mar 2015,2015-03-06,6450000,"£6,450,000",,,34
"Firstly, a certain house known as Daisy Hill, La Chevre Rue","Secondly, the South Eastern part of the field known as La Grande Piece formerly two fields being La Courtil de Cabot et Le Jardin de Bertram and bearing the numbers 24, 24A and 33A on the Jersey Digital Map, La Rue de Douettin, Thirdly, the Northern part of a certain field called Le Long Cotil et La Grande Piece de Sur les Monts formerly La Piece and bearing the number 34A on the Jersey Digital Map, La Rue de Douettin.",La Rue de Douettin.,27 Feb 2015,2015-02-27,18625000,"£18,625,000",,,34
26 New Street and known as Dumaresq House,Dumaresq Stree,Dumaresq Stree,6 Feb 2015,2015-02-06,12984952,"£12,984,952",,,34
La Rochelle,"formerly two conjoined houses known as La Rochelle West and La Rochelle East, Le Vier Mont",Le Vier Mont,6 Feb 2015,2015-02-06,2650000,"£2,650,000",,,34
West House,"Wests Centre, Bath Street",Bath Street,30 Jan 2015,2015-01-30,7100000,"£7,100,000",,,34
Block 4,"The Forum, Grenville Street",Grenville Street,30 Jan 2015,2015-01-30,4500000,"£4,500,000",,,34
A certain commercial office building with basement car park and appurtenances being 44 Esplanade and 17/21 Seaton Place,The Esplanad,The Esplanad,16 Jan 2015,2015-01-16,27000000,"£27,000,000",,,34
Chestnut Grove,La Grande Route du Mont Mad,La Grande Route du Mont Mad,19 Dec 2014,2014-12-19,2100000,"£2,100,000",,,34
Val Poucin and Val Poucin Cottage,La Rue du Val Pouci,La Rue du Val Pouci,19 Dec 2014,2014-12-19,2500000,"£2,500,000",,,34
"Jacksons Garage, showroom and Jacksons House",La Rue Fondo,La Rue Fondo,19 Dec 2014,2014-12-19,5000000,"£5,000,000",,,34
La Ferriere with land,Princes Tower Roa,Princes Tower Roa,19 Dec 2014,2014-12-19,2200000,"£2,200,000",,,34
The Octagon,Le Mont du Goura,Le Mont du Goura,19 Dec 2014,2014-12-19,3700000,"£3,700,000",,,34
"Jersey Round Tower, 2 St Brelades Bay, Sea Breeze, Wayside Cafe and Tower Side",Le Mont Sohie,Le Mont Sohie,19 Dec 2014,2014-12-19,5100000,"£5,100,000",,,34
Edlington House,"formerly 1 Windward, La Neuve Route",La Neuve Route,19 Dec 2014,2014-12-19,8442665,"£8,442,665",,,35
Les Ormes,La Rue de la Chesnai,La Rue de la Chesnai,12 Dec 2014,2014-12-12,2950000,"£2,950,000",,,35
Chateau St Laurent,"formerly Temperley, Le Mont Cambrai",Le Mont Cambrai,5 Dec 2014,2014-12-05,7350000,"£7,350,000",,,35
Chant de la Mer,"Travers Farm Lane, Le Chemin du Portelet",Le Chemin du Portelet,14 Nov 2014,2014-11-14,2850000,"£2,850,000",,,35
Longbeach,Le Mont Sohie,Le Mont Sohie,7 Nov 2014,2014-11-07,3156992,"£3,156,992",,,35
Lande A Geon,Le Vier Beaumon,Le Vier Beaumon,10 Oct 2014,2014-10-10,5600000,"£5,600,000",,,35
Plot 6,"Portelet Bay, formerly known as Jersey Holiday Village",formerly known as Jersey Holiday Village,10 Oct 2014,2014-10-10,2000000,"£2,000,000",,,35
The Grand Hotel,The Esplanad,The Esplanad,5 Sep 2014,2014-09-05,11709991,"£11,709,991",,,35
Villa Mont Gras d'Eau and La Petite Carriere,Le Mont Gras d'Ea,Le Mont Gras d'Ea,15 Aug 2014,2014-08-15,10750000,"£10,750,000",Fine & Country,fine-and-country,35
The Old Court House Hotel,The Bulwark,The Bulwark,1 Aug 2014,2014-08-01,2000000,"£2,000,000",,,35
"Plot 7, Portelet Bay","formerly known as Jersey Holiday Village, La Rue Voisin",La Rue Voisin,25 Jul 2014,2014-07-25,2250000,"£2,250,000",,,35
"Firstly, a certain piece of land called Le Besquet hereinafter designated and described as \'A","Joining by the North to that part of the first corpus fundi, Secondly, a certain piece of land which is the remainder of the La Grange Piece",a certain piece of land which is the remainder of the La Grange Piece,25 Jul 2014,2014-07-25,7150000,"£7,150,000",,,35
Le Chalet Hotel with land,La Rue du Groue,La Rue du Groue,11 Jul 2014,2014-07-11,6000000,"£6,000,000",,,35
Springvale with land,"La Rue Mathurin, formerly Springvale House",formerly Springvale House,4 Jul 2014,2014-07-04,2750000,"£2,750,000",,,35
Le Carrefour,La Rue Mahie,La Rue Mahie,4 Jul 2014,2014-07-04,3040000,"£3,040,000",,,35
Valley Farm with land,Le Mont du Bu de la Ru,Le Mont du Bu de la Ru,27 Jun 2014,2014-06-27,3785000,"£3,785,000",,,35
Haut du Mont,La Route du Coi,La Route du Coi,20 Jun 2014,2014-06-20,3300000,"£3,300,000",,,35
Highfield with Land,Les Ruette,Les Ruette,30 May 2014,2014-05-30,3550000,"£3,550,000",,,35
"3 Yorks Street, 6 and 8 Sand Street",,6 and 8 Sand Street,23 May 2014,2014-05-23,2200000,"£2,200,000",,,35
West Pines,Le Parcq de l'Oeillier,Le Parcq de l'Oeillier,23 May 2014,2014-05-23,2750000,"£2,750,000",,,35
Lord Coutanche House,The Esplanad,The Esplanad,2 May 2014,2014-05-02,2850000,"£2,850,000",,,36
70 Esplanade,"known under the name  of Olympia, Esplanade",Esplanade,2 May 2014,2014-05-02,3035000,"£3,035,000",,,36
Beauvoir House,"formerly Beauvoir, La Rue de la Croiserie",La Rue de la Croiserie,4 Apr 2014,2014-04-04,3725000,"£3,725,000",,,36
Les Huriaux House,formerly known as  Les Huriaux Cottage and to be now known as Murchison Hous,formerly known as  Les Huriaux Cottage and to be now known as Murchison Hous,14 Mar 2014,2014-03-14,2950000,"£2,950,000",,,36
Salt House,"formerly Craigie Knowe, Le Vau Tocque, Le Chemin du Portlet",Le Chemin du Portlet,14 Mar 2014,2014-03-14,2700000,"£2,700,000",,,36
La Coupe with land,La Rue de la Coup,La Rue de la Coup,7 Mar 2014,2014-03-07,12210000,"£12,210,000",,,36
Le Manoir du Colombier with land,"commonly known as Le Colombier Manor, La Grande Route de St Laurent",La Grande Route de St Laurent,7 Mar 2014,2014-03-07,2730000,"£2,730,000",,,36
Deloraine House with land,La Rue de Delorain,La Rue de Delorain,14 Feb 2014,2014-02-14,3000000,"£3,000,000",,,36
Andium House,40 Don Street and 10 Waterloo Stree,40 Don Street and 10 Waterloo Stree,7 Feb 2014,2014-02-07,3575000,"£3,575,000",,,36
Travers Farm,La Route de Noirmon,La Route de Noirmon,17 Jan 2014,2014-01-17,4750000,"£4,750,000",,,36
Saint Christopher's with land known as Le Clos de Beaumont,"bearing the number 863 on the Jersey Digital Map, Old Beaumont Hill",Old Beaumont Hill,17 Jan 2014,2014-01-17,6750000,"£6,750,000",,,36
Le Mottais Farm  (formerly La Mottee),"Wth lands bearing the numbers 153, 152, 151, 148, 149, 150, 152, 263, 260, 261, 262, 174, 186, 175, 176, 173, 157, 155 and 154 on the Jersey Digital Map, Le Canibut",Le Canibut,6 Dec 2013,2013-12-06,3300000,"£3,300,000",,,36
Le Creux du Rocher,Les Ruisseau,Les Ruisseau,30 Aug 2013,2013-08-30,2150000,"£2,150,000",,,36
Craigellachie,"formerly La Giraffe, La Route des Genets",La Route des Genets,2 Aug 2013,2013-08-02,2250000,"£2,250,000",,,36
South Prospect,"formerly Branxholm, Park Estate",Park Estate,2 Aug 2013,2013-08-02,3450000,"£3,450,000",,,36
42 King Street,formerly a house and shop called La Maison Blonde,formerly a house and shop called La Maison Blonde,12 Jul 2013,2013-07-12,2611250,"£2,611,250",,,36
44 King Street,,44 King Street,12 Jul 2013,2013-07-12,2750000,"£2,750,000",,,36
Lkes Niemes,"formerly La Neuve Maison des Niemes, La Grande Route de St Pierre",La Grande Route de St Pierre,12 Jul 2013,2013-07-12,5000000,"£5,000,000",,,36
La Robeline with land,La Rue des Bonne Femme,La Rue des Bonne Femme,12 Jul 2013,2013-07-12,2700000,"£2,700,000",,,36
A certain piece of land bearing the number 274 on the Jersey Digital Map and being the greater part of \'Le Clos de la Bourdonnerie ou Clos de la Maison\',,A certain piece of land bearing the number 274 on the Jersey Digital Map and being the greater part of \'Le Clos de la Bourdonnerie ou Clos de la Maison\',14 Jun 2013,2013-06-14,2581000,"£2,581,000",,,36
A certain field bearing the number 148 on the Jersey Digital Map with 20 dwelling houses constructed thereon and being a development known as \'Les Freres\',Le Chemin des Maltiere,Le Chemin des Maltiere,14 Jun 2013,2013-06-14,4000000,"£4,000,000",,,37
The Flag House,"formerly The Manse, La Grande Route de Sablons",La Grande Route de Sablons,1 Apr 2013,2013-04-01,2000000,"£2,000,000",,,37
Haut du Mont Farm with land,formerley Haut du Mon,formerley Haut du Mon,1 Apr 2013,2013-04-01,3300000,"£3,300,000",,,37
Block 3,"The Forum, Grenville Street",Grenville Street,1 Mar 2013,2013-03-01,2400000,"£2,400,000",,,37
Fort William,"formerly known as Prince William Redoubt, La Rue a Don",La Rue a Don,1 Mar 2013,2013-03-01,2455000,"£2,455,000",,,37
34 King Street,,34 King Street,1 Feb 2013,2013-02-01,2194164,"£2,194,164",,,37
Orchard House,La Grande Route de St Pierr,La Grande Route de St Pierr,1 Feb 2013,2013-02-01,2300000,"£2,300,000",,,37
Harbour House,"formerly Blue Vista, La Rue de la Vista",La Rue de la Vista,1 Feb 2013,2013-02-01,2750000,"£2,750,000",,,37
Chestnut Farm,La Petite Rue d'Elyse,La Petite Rue d'Elyse,1 Jan 2013,2013-01-01,2500000,"£2,500,000",,,37
Magnolia Manor,"in couse of construction on the site of two cottages (now demolished and formerly known as Numbers 1 and 2 Woodside Farm with land, La Rue de l'Aleval",La Rue de l'Aleval,1 Dec 2012,2012-12-01,2523000,"£2,523,000",,,37
Ventana with land,"formerly La Paonerie and previously Kingswood, Le Chemin du Moulin",Le Chemin du Moulin,1 Dec 2012,2012-12-01,2900000,"£2,900,000",,,37
"15 King Street, 1 and 2 Vine Street and 17 King Street",,1 and 2 Vine Street and 17 King Street,1 Nov 2012,2012-11-01,5400000,"£5,400,000",,,37
Hill Top Farm,La Rue a George,La Rue a George,1 Oct 2012,2012-10-01,2750000,"£2,750,000",,,37
Cliffside House with land,La Rue du Cate,La Rue du Cate,1 Sep 2012,2012-09-01,2400000,"£2,400,000",,,37
Le Clos de la Blanche Pierre,"formerly La Folie, La Rue de la Blanche Pierre",La Rue de la Blanche Pierre,1 Sep 2012,2012-09-01,3000000,"£3,000,000",,,37
Le Ponterrin,La Rue de Ponterri,La Rue de Ponterri,1 Aug 2012,2012-08-01,2080000,"£2,080,000",,,37
La Maison du Coin,La Route de Coi,La Route de Coi,1 Jul 2012,2012-07-01,4618000,"£4,618,000",,,37
Rockvale,Le Mont Cambra,Le Mont Cambra,1 Jul 2012,2012-07-01,2100000,"£2,100,000",,,37
29 and 31 King Street,14 and 16 Vine Stree,14 and 16 Vine Stree,1 Jul 2012,2012-07-01,3780000,"£3,780,000",,,37
Crossbow House with lands,La Rue du Doue,La Rue du Doue,1 Jun 2012,2012-06-01,2300000,"£2,300,000",,,37
5 Esplanade,4 Commercial Stree,4 Commercial Stree,1 Jun 2012,2012-06-01,2250000,"£2,250,000",,,38
Bermuda House,Green Stree,Green Stree,1 Jun 2012,2012-06-01,2825000,"£2,825,000",,,38
3 Broughton Lodge Farm,La Verte Ru,La Verte Ru,1 May 2012,2012-05-01,5000000,"£5,000,000",,,38
Cardington Lodge,Mont es Tour,Mont es Tour,1 May 2012,2012-05-01,5400000,"£5,400,000",,,38
La Maison du Vouess,(or Du Voye) and Le Voucst Farm with land known as Le Fief a Pommiers and Le Jardin a Potage to the South thereof (conjoined) bearing the numbers 257 and 258 on the Jersey Digital Map and Le Grand Jardin to the North of the Hous,(or Du Voye) and Le Voucst Farm with land known as Le Fief a Pommiers and Le Jardin a Potage to the South thereof (conjoined) bearing the numbers 257 and 258 on the Jersey Digital Map and Le Grand Jardin to the North of the Hous,1 Apr 2012,2012-04-01,6700000,"£6,700,000",,,38
Bouilly House,Le Chemin de Beau Por,Le Chemin de Beau Por,1 Mar 2012,2012-03-01,3600000,"£3,600,000",,,38
15 Castle Street,,15 Castle Street,1 Mar 2012,2012-03-01,7905000,"£7,905,000",,,38
13 Castle Street,,13 Castle Street,1 Mar 2012,2012-03-01,7195000,"£7,195,000",,,38
1 and 21 Britannia Place,Bath Stree,Bath Stree,1 Nov 2011,2011-11-01,2100000,"£2,100,000",,,38
Beaulieu,La Grande Route de Faldoue,La Grande Route de Faldoue,1 Nov 2011,2011-11-01,4180000,"£4,180,000",,,38
Maison Blanche,La Route du Francfie,La Route du Francfie,1 Sep 2011,2011-09-01,2500000,"£2,500,000",,,38
5 St Andrew's Place,Castle Stree,Castle Stree,1 Aug 2011,2011-08-01,2624730,"£2,624,730",,,38
Westwood Lodge,La Mont de la Marquanderi,La Mont de la Marquanderi,1 Aug 2011,2011-08-01,5512000,"£5,512,000",,,38
The Grand Hotel,The Esplanad,The Esplanad,1 Aug 2011,2011-08-01,9379808,"£9,379,808",,,38
Le Val Lodge with land,"formerly Sea View House, La Route des Genets",La Route des Genets,1 Aug 2011,2011-08-01,4000000,"£4,000,000",,,38
Rosedale Farm,Le Mont Cocho,Le Mont Cocho,1 Aug 2011,2011-08-01,5250000,"£5,250,000",,,38
Mountgrove,La Rue de la Blanche Pierr,La Rue de la Blanche Pierr,1 Aug 2011,2011-08-01,4500000,"£4,500,000",,,38
Domaine de St Laurent,Les Charrieres Nicoll,Les Charrieres Nicoll,1 Apr 2011,2011-04-01,2850000,"£2,850,000",,,38
Augres Hall,Oaklands Lan,Oaklands Lan,1 Apr 2011,2011-04-01,2500000,"£2,500,000",,,38
Sans Souci,La Grande Route des Sablon,La Grande Route des Sablon,1 Mar 2011,2011-03-01,2050000,"£2,050,000",,,38
La Rocquaise,La Route de la Bai,La Route de la Bai,1 Feb 2011,2011-02-01,3150000,"£3,150,000",,,39
Oaklands,La Route de la Trinit,La Route de la Trinit,1 Feb 2011,2011-02-01,4500000,"£4,500,000",,,39
Croix au Maitre,La Rue du Hucque,La Rue du Hucque,1 Feb 2011,2011-02-01,3550000,"£3,550,000",,,39
Le Cotil du Portelet,La Route de Noirmon,La Route de Noirmon,1 Jan 2011,2011-01-01,2450000,"£2,450,000",,,39
Beauvoir,"La Rue de Beauvoir, With the majority of the North part of a piece of land called Le Clos de Froid Vent field numbered 751 on the Jersey Digital Map",With the majority of the North part of a piece of land called Le Clos de Froid Vent field numbered 751 on the Jersey Digital Map,1 Jan 2011,2011-01-01,6200000,"£6,200,000",,,39
5 St Cecilia Apartments,Le Mont de la Rocqu,Le Mont de la Rocqu,1 Dec 2010,2010-12-01,2075000,"£2,075,000",,,39
Ogier House,"44 Esplanade, and 71/21 Seaton Place",and 71/21 Seaton Place,1 Dec 2010,2010-12-01,11100000,"£11,100,000",,,39
Dialogue House,2-6 1/2 Anley Stree,2-6 1/2 Anley Stree,1 Dec 2010,2010-12-01,3950000,"£3,950,000",,,39
Le Sol,"Chemin de la Brecquette, Comprising fields numbers 1254, 1259 and 1296 on the Jersey Digital Map",1259 and 1296 on the Jersey Digital Map,1 Dec 2010,2010-12-01,2100000,"£2,100,000",,,39
Mont au Roux,La Rue du Bocag,La Rue du Bocag,1 Nov 2010,2010-11-01,2030000,"£2,030,000",,,39
Hill Farm,Le Mont Rossigno,Le Mont Rossigno,1 Oct 2010,2010-10-01,2130000,"£2,130,000",,,39
1 La Falaise,La Route Orang,La Route Orang,1 Oct 2010,2010-10-01,2000000,"£2,000,000",,,39
Chateau des Reves,La Grande Route de Faldoue,La Grande Route de Faldoue,1 Sep 2010,2010-09-01,3275000,"£3,275,000",,,39
Queensway House,"3, 5, 7, 9, 11, 13, 15 and 15 1/2 Queen Street, and 3, 5, 7, 9, 11, 13, 15, 17 and 19 Hilgrove Street",17 and 19 Hilgrove Street,1 Jul 2010,2010-07-01,18987000,"£18,987,000",,,39
Le Petit Port with land,La Rue des Pre,La Rue des Pre,1 Jul 2010,2010-07-01,2550000,"£2,550,000",,,39
Mimosa and Zanzibar Restaurant,Le Mont Sohie,Le Mont Sohie,1 May 2010,2010-05-01,2590000,"£2,590,000",,,39
Gouray Lodge,Le Mont du Goura,Le Mont du Goura,1 May 2010,2010-05-01,9850000,"£9,850,000",,,39
Plot 3,"Jersey Holiday Village, Portelet",Portelet,1 May 2010,2010-05-01,2255000,"£2,255,000",,,39
Clos des Pins,Le Mont de a Rocqu,Le Mont de a Rocqu,1 May 2010,2010-05-01,2250000,"£2,250,000",,,39
Saint Christopher's,Le Vieux Beaumon,Le Vieux Beaumon,1 Apr 2010,2010-04-01,2500000,"£2,500,000",,,39
"A certain supermarket store, offices, flats, car parks, land and appurtenances",La Route Orang,La Route Orang,1 Apr 2010,2010-04-01,11100000,"£11,100,000",,,40
Maison Cote d'Or,,Maison Cote d'Or,1 Mar 2010,2010-03-01,2920000,"£2,920,000",,,40
Le Vallon,La Route des Cotil,La Route des Cotil,1 Mar 2010,2010-03-01,2400000,"£2,400,000",,,40
36 King Street,,36 King Street,1 Mar 2010,2010-03-01,2125000,"£2,125,000",,,40
Anjou,La Rue de Genestier,La Rue de Genestier,1 Mar 2010,2010-03-01,3250000,"£3,250,000",,,40
St Agatha,La Rue de la Cot,La Rue de la Cot,1 Mar 2010,2010-03-01,2010000,"£2,010,000",,,40
l'Atlantic,,l'Atlantic,1 Jan 2010,2010-01-01,2750000,"£2,750,000",,,40
Whitedoves,"Park Estate, La Route des Genets",La Route des Genets,1 Jan 2010,2010-01-01,2500000,"£2,500,000",,,40
11 Broad Street,known as Commercial Hous,known as Commercial Hous,1 Dec 2009,2009-12-01,8200000,"£8,200,000",,,40
La Chevre D'or,"Beauport Place, Le Chemin de Beau Port",Le Chemin de Beau Port,1 Dec 2009,2009-12-01,4850000,"£4,850,000",,,40
Greenhill Country Hotel,Le Mont de l'Ecol,Le Mont de l'Ecol,1 Dec 2009,2009-12-01,3400000,"£3,400,000",,,40
"9,11 and 13 Library Place",,11 and 13 Library Place,1 Dec 2009,2009-12-01,6000000,"£6,000,000",,,40
La Fontaine with Land,"Numbers 977, 975, 957, 947 and 913 on the Jersey Digital Map, La Route du Francfief",La Route du Francfief,1 Nov 2009,2009-11-01,4000000,"£4,000,000",,,40
Sunshine Hotel and Sunshine Cottage,,Sunshine Hotel and Sunshine Cottage,1 Oct 2009,2009-10-01,3250000,"£3,250,000",,,40
The Old School House,La Rue des Alleur,La Rue des Alleur,1 Sep 2009,2009-09-01,2225000,"£2,225,000",,,40
Channel Television,La Pouquelay,La Pouquelay,1 Sep 2009,2009-09-01,2025000,"£2,025,000",,,40
La Chasse,,La Chasse,1 Sep 2009,2009-09-01,2750000,"£2,750,000",,,40
Plaisance,La Rue de la Valle,La Rue de la Valle,1 Sep 2009,2009-09-01,2000000,"£2,000,000",,,40
72/74 King Street,,72/74 King Street,1 Sep 2009,2009-09-01,5500000,"£5,500,000",,,40
Chateaubriand,La Rue de Guilleaume et d'Annevill,La Rue de Guilleaume et d'Annevill,1 Aug 2009,2009-08-01,2980000,"£2,980,000",,,40
Augres House,with land and numbered 1391 on the Jersey Digital Ma,with land and numbered 1391 on the Jersey Digital Ma,1 Aug 2009,2009-08-01,6965000,"£6,965,000",,,41
45 The Esplanade,,45 The Esplanade,1 Jul 2009,2009-07-01,5151995,"£5,151,995",,,41
47 Esplanade,,47 Esplanade,1 Jul 2009,2009-07-01,10348005,"£10,348,005",,,41
"7,8,9,10 and 11 Britannia Place",,10 and 11 Britannia Place,1 Jul 2009,2009-07-01,2394625,"£2,394,625",,,41
Westward,La Marquanderie Hil,La Marquanderie Hil,1 Jun 2009,2009-06-01,3550000,"£3,550,000",,,41
Car park,Commercial Stree,Commercial Stree,1 Jun 2009,2009-06-01,5900000,"£5,900,000",,,41
Le Senechal,La Rue de la Lourderi,La Rue de la Lourderi,1 May 2009,2009-05-01,2200000,"£2,200,000",,,41
Le Feugerel de la Marquanderie,La Route Orang,La Route Orang,1 May 2009,2009-05-01,2360000,"£2,360,000",,,41
Jersey Dairy,Princes Tower Roa,Princes Tower Roa,1 May 2009,2009-05-01,3500000,"£3,500,000",,,41
Jersey Dairy,Princes Tower Roa,Princes Tower Roa,1 May 2009,2009-05-01,8500000,"£8,500,000",,,41
Share 2 of 14 Gloucester Street,,Share 2 of 14 Gloucester Street,1 Apr 2009,2009-04-01,3528770,"£3,528,770",,,41
La Maison des Champs with outbuildings,,La Maison des Champs with outbuildings,1 Apr 2009,2009-04-01,2250000,"£2,250,000",,,41
Milton Farm with land,", La Rue Belin",La Rue Belin,1 Apr 2009,2009-04-01,4500000,"£4,500,000",,,41
Chateau St Laurent,Le Mont Cambra,Le Mont Cambra,1 Apr 2009,2009-04-01,5450000,"£5,450,000",,,41
Le Rondin Farm with land,La Charrier,La Charrier,1 Mar 2009,2009-03-01,2000000,"£2,000,000",,,41
Greenacre,La Route de la Hougue Bi,La Route de la Hougue Bi,1 Feb 2009,2009-02-01,3050000,"£3,050,000",,,41
Les Chasses,La Rue des Servai,La Rue des Servai,1 Dec 2008,2008-12-01,3300000,"£3,300,000",,,41
La Ville Bree Farm,La Rue de la Ville Bre,La Rue de la Ville Bre,1 Dec 2008,2008-12-01,2250000,"£2,250,000",,,41
Arden Lodge,La Rue du Doue,La Rue du Doue,1 Oct 2008,2008-10-01,2700000,"£2,700,000",,,41
Maison du Douet,La Rue de la Golarde with land numbered 119 on the Jersey Digital Ma,La Rue de la Golarde with land numbered 119 on the Jersey Digital Ma,1 Oct 2008,2008-10-01,4715000,"£4,715,000",,,42
St Cyr,Les Chenolle,Les Chenolle,1 Oct 2008,2008-10-01,3650000,"£3,650,000",,,42
La Cotte View House,Le Chemin de Creu,Le Chemin de Creu,1 Sep 2008,2008-09-01,3600000,"£3,600,000",,,42
Les Sapini,,Les Sapini,1 Sep 2008,2008-09-01,2350000,"£2,350,000",,,42
Five Oaks Garage Sion,La Grande Route de St Jea,La Grande Route de St Jea,1 Jul 2008,2008-07-01,2200000,"£2,200,000",,,42
Vinchelez Farm,La Rue Platte Rai,La Rue Platte Rai,1 Jul 2008,2008-07-01,3600021,"£3,600,021",,,42
Partners,St Clement's Golf Clu,St Clement's Golf Clu,1 Jul 2008,2008-07-01,2050000,"£2,050,000",,,42
Fauvic House,La Rue de Fauvi,La Rue de Fauvi,1 Jul 2008,2008-07-01,2500000,"£2,500,000",,,42
Chellow Dene,Plat Douet Roa,Plat Douet Roa,1 Jun 2008,2008-06-01,4150000,"£4,150,000",,,42
Share of Block A-K Century Buildings,,Share of Block A-K Century Buildings,1 Jun 2008,2008-06-01,2860000,"£2,860,000",,,42
Blanchard House,La Grande Route des Augere,La Grande Route des Augere,1 Jun 2008,2008-06-01,2400000,"£2,400,000",,,42
Valley Farm,La Rue du Moulin du Ponterri,La Rue du Moulin du Ponterri,1 May 2008,2008-05-01,2472815,"£2,472,815",,,42
Highview,La Route de Noirmon,La Route de Noirmon,1 Apr 2008,2008-04-01,2500000,"£2,500,000",,,42
HSBC Bank,Vine Stree,Vine Stree,1 Apr 2008,2008-04-01,2550000,"£2,550,000",,,42
Chateau Plaisir,,Chateau Plaisir,1 Apr 2008,2008-04-01,2000000,"£2,000,000",,,42
La Ferme de la Fosse l'Ecrivain,,La Ferme de la Fosse l'Ecrivain,1 Mar 2008,2008-03-01,3250000,"£3,250,000",,,42
Apartment 3,"Les Mouettes, La Greve d'Azette",La Greve d'Azette,1 Feb 2008,2008-02-01,2139000,"£2,139,000",,,42
La Cala,22-22A Beresford Stree,22-22A Beresford Stree,1 Jan 2008,2008-01-01,2469896,"£2,469,896",,,42
22 King Street,,22 King Street,1 Jan 2008,2008-01-01,2951000,"£2,951,000",,,42
Handois Manor Farm,,Handois Manor Farm,1 Jan 2008,2008-01-01,2050000,"£2,050,000",,,42
16 Library Place,,16 Library Place,1 Dec 2007,2007-12-01,3550000,"£3,550,000",,,43
23 and 25 Broad Street,17 Commercial Stree,17 Commercial Stree,1 Dec 2007,2007-12-01,14600000,"£14,600,000",,,43
Sea View,La Rue de la Ville au Ba,La Rue de la Ville au Ba,1 Dec 2007,2007-12-01,2300000,"£2,300,000",,,43
La Ville au Bas,La Rue de la Ville au Ba,La Rue de la Ville au Ba,1 Nov 2007,2007-11-01,3100000,"£3,100,000",,,43
Highfield Country Hotel,La Route d'Ebeneze,La Route d'Ebeneze,1 Nov 2007,2007-11-01,2550000,"£2,550,000",,,43
Le Chalet Hotel,La Rue du Groue,La Rue du Groue,1 Nov 2007,2007-11-01,3300000,"£3,300,000",,,43
Furze Cottage,Les Nouvelles Charrier,Les Nouvelles Charrier,1 Nov 2007,2007-11-01,2400000,"£2,400,000",,,43
Vert Clos,"Links Estate, La Rue a Don",La Rue a Don,1 Nov 2007,2007-11-01,2160000,"£2,160,000",,,43
Frenchman's Cove,"Park Estate, La Route des Genets",La Route des Genets,1 Oct 2007,2007-10-01,3409000,"£3,409,000",,,43
Bras de Fer,La Rue du Vieux Mouli,La Rue du Vieux Mouli,1 Oct 2007,2007-10-01,3800000,"£3,800,000",,,43
Beechfield,Beechfield Lan,Beechfield Lan,1 Oct 2007,2007-10-01,4060000,"£4,060,000",,,43
Haverford House,Les Grupieau,Les Grupieau,1 Oct 2007,2007-10-01,2025000,"£2,025,000",,,43
Bermundiana,La Verte Ru,La Verte Ru,1 Sep 2007,2007-09-01,2550000,"£2,550,000",,,43
Travers Farm,"Travers Lane, Le Chemin du Portelet",Le Chemin du Portelet,1 Sep 2007,2007-09-01,2300000,"£2,300,000",,,43
27 Hill Street and 16 Queen Street,,27 Hill Street and 16 Queen Street,1 Aug 2007,2007-08-01,5000000,"£5,000,000",,,43
Les Pommiers,La Rue de Hau,La Rue de Hau,1 Jul 2007,2007-07-01,2750000,"£2,750,000",,,43
23-25 Halkett Place,,23-25 Halkett Place,1 Jul 2007,2007-07-01,6500000,"£6,500,000",,,43
Checkers Xpress,Val Plaisan,Val Plaisan,1 Jul 2007,2007-07-01,2370000,"£2,370,000",,,43
Grands Vaux Court,Les Grands Vau,Les Grands Vau,1 Jul 2007,2007-07-01,2569000,"£2,569,000",,,43
Pirouet House,Union Stree,Union Stree,1 Jul 2007,2007-07-01,2725000,"£2,725,000",,,43
1 Mulcaster Street,,1 Mulcaster Street,1 Jul 2007,2007-07-01,2255000,"£2,255,000",,,44
Pinewood Residential Home,Le Mont Millai,Le Mont Millai,1 Jul 2007,2007-07-01,7750000,"£7,750,000",,,44
Les Genets,Le Mont de Roze,Le Mont de Roze,1 Jul 2007,2007-07-01,2200000,"£2,200,000",,,44
Trinity Hall,La Profonde Ru,La Profonde Ru,1 Jul 2007,2007-07-01,3850000,"£3,850,000",,,44
La Maison de la Valette,La Rue de la Rouleri,La Rue de la Rouleri,1 Jul 2007,2007-07-01,4250000,"£4,250,000",,,44
Highfield House,La Rue es Vibert,La Rue es Vibert,1 Jul 2007,2007-07-01,2150000,"£2,150,000",,,44
Block 2,"The Forum, Grenville Street",Grenville Street,1 Jul 2007,2007-07-01,3125000,"£3,125,000",,,44
22 Colomberie,,22 Colomberie,1 Jul 2007,2007-07-01,4650000,"£4,650,000",,,44
39-41 Broad Street,1 Charing Cros,1 Charing Cros,1 Jul 2007,2007-07-01,10100000,"£10,100,000",,,44
Westaway Chambers,37-39 Don Stree,37-39 Don Stree,1 Jun 2007,2007-06-01,4235000,"£4,235,000",,,44
Land with outbuildings,La Rue de Mon Sejou,La Rue de Mon Sejou,1 Jun 2007,2007-06-01,2795000,"£2,795,000",,,44
Portelet House,Le Chemin du Portele,Le Chemin du Portele,1 Jun 2007,2007-06-01,5515000,"£5,515,000",,,44
Manor Farm,La Rue du Ba,La Rue du Ba,1 Jun 2007,2007-06-01,2965000,"£2,965,000",,,44
Gilbralter Farm,Le Mont des Vigne,Le Mont des Vigne,1 Jun 2007,2007-06-01,5000000,"£5,000,000",,,44
Chateau Valeuse Hotel,La Rue de la Valeus,La Rue de la Valeus,1 May 2007,2007-05-01,2100000,"£2,100,000",,,44
Landscape Farm,Le Mont Cocho,Le Mont Cocho,1 May 2007,2007-05-01,2500000,"£2,500,000",,,44
International House,"18 York Street, 1 Old Street",1 Old Street,1 May 2007,2007-05-01,4250000,"£4,250,000",,,44
Queen's Assembly Rooms and Mary Ann Mews,Belmont Roa,Belmont Roa,1 May 2007,2007-05-01,2835000,"£2,835,000",,,44
Malzard House and Wellington House,15 and 17 Union Stree,15 and 17 Union Stree,1 Apr 2007,2007-04-01,3150000,"£3,150,000",,,44
Domaine de St Laurent,Les Charrieres Nicoll,Les Charrieres Nicoll,1 Apr 2007,2007-04-01,3500000,"£3,500,000",,,44
Val la Give,La Rue a Do,La Rue a Do,1 Mar 2007,2007-03-01,2400000,"£2,400,000",,,45
Clifton Nursing Home,Bagatelle Roa,Bagatelle Roa,1 Mar 2007,2007-03-01,4300000,"£4,300,000",,,45
Beauvoir and land,La Rue de Beauvoi,La Rue de Beauvoi,1 Mar 2007,2007-03-01,2750000,"£2,750,000",,,45
Discovery Bay and Big Vern's,La Grande Route des Mielle,La Grande Route des Mielle,1 Mar 2007,2007-03-01,3000000,"£3,000,000",,,45
25 and 27 Charter Place,Seaton Plac,Seaton Plac,1 Mar 2007,2007-03-01,13750000,"£13,750,000",,,45
Stonewall,Le Mont Nero,Le Mont Nero,1 Feb 2007,2007-02-01,2382000,"£2,382,000",,,45
22 Esplanade and 38 Commercial Street,", St Helier",St Helier,1 Feb 2007,2007-02-01,2110000,"£2,110,000",,,45
Longpre,Le Mont de la Guerand,Le Mont de la Guerand,1 Feb 2007,2007-02-01,5325000,"£5,325,000",,,45
Standard Bank House,47-49 La Motte Street and 1 Ann Stree,47-49 La Motte Street and 1 Ann Stree,1 Jan 2007,2007-01-01,13200000,"£13,200,000",,,45
The Laurels Hotel,La Route du For,La Route du For,1 Jan 2007,2007-01-01,2000000,"£2,000,000",,,45
Sir Walter Raleigh House,48-50 Esplanad,48-50 Esplanad,1 Nov 2006,2006-11-01,10300000,"£10,300,000",,,45
De Gruchy's Department Store,King Stree,King Stree,1 Nov 2006,2006-11-01,26012200,"£26,012,200",,,45
Chateau les Creux,"formerly Hotel Les Creux, Le Chemin les Creux",Le Chemin les Creux,1 Nov 2006,2006-11-01,2900000,"£2,900,000",,,45
Frenchman's Cove,"Park Estate, La Route des Genets",La Route des Genets,1 Nov 2006,2006-11-01,2500000,"£2,500,000",,,45
Swansons Hotel,36-37 The Esplanad,36-37 The Esplanad,1 Oct 2006,2006-10-01,6800000,"£6,800,000",,,45
"Car Park (back of Africa House) and 82,84,86 and 88 Bath Street",14-24 James Stree,14-24 James Stree,1 Oct 2006,2006-10-01,2226000,"£2,226,000",,,45
Beaumont Villa,La Rue de Crasli,La Rue de Crasli,1 Oct 2006,2006-10-01,2000000,"£2,000,000",,,45
Oakland with Land,Trinity Hil,Trinity Hil,1 Sep 2006,2006-09-01,3200000,"£3,200,000",,,45
"13, 14 and 15 Charing Cross",,14 and 15 Charing Cross,1 Aug 2006,2006-08-01,3950000,"£3,950,000",,,45
Bay House,La Route des Genet,La Route des Genet,1 Aug 2006,2006-08-01,3600000,"£3,600,000",,,45
2 Mulcaster Street,,2 Mulcaster Street,1 Aug 2006,2006-08-01,3000000,"£3,000,000",,,46
Westaway Chambers,37 and 39 Don Stree,37 and 39 Don Stree,1 Aug 2006,2006-08-01,3725000,"£3,725,000",,,46
Le Benefice,,Le Benefice,1 Aug 2006,2006-08-01,12880000,"£12,880,000",,,46
Rockmount,Le Mont de Goura,Le Mont de Goura,1 Aug 2006,2006-08-01,2125000,"£2,125,000",,,46
Le Manoir de Dielament,,Le Manoir de Dielament,1 Aug 2006,2006-08-01,2900000,"£2,900,000",,,46
Sandringham Hotel,"9, 10 and 12, Gloucester Street",Gloucester Street,1 Aug 2006,2006-08-01,4575000,"£4,575,000",,,46
Westview Farm,La Rue des Cosnet,La Rue des Cosnet,1 Jun 2006,2006-06-01,2525000,"£2,525,000",,,46
Lakeside Residential Home,La Rue de la Commun,La Rue de la Commun,1 Jun 2006,2006-06-01,9808000,"£9,808,000",,,46
Flag House,La Rue au Moestr,La Rue au Moestr,1 Jun 2006,2006-06-01,2000000,"£2,000,000",,,46
26 Spectrum House,Seaton Plac,Seaton Plac,1 May 2006,2006-05-01,2560000,"£2,560,000",,,46
Augres House,Les Ruisseau,Les Ruisseau,1 May 2006,2006-05-01,6100000,"£6,100,000",,,46
Les Haies,La Rue des Haie,La Rue des Haie,1 May 2006,2006-05-01,2300000,"£2,300,000",,,46
31 Broad Street and 23 Commercial Street,,31 Broad Street and 23 Commercial Street,1 Mar 2006,2006-03-01,6340000,"£6,340,000",,,46
31 The Parade,,31 The Parade,1 Mar 2006,2006-03-01,2200000,"£2,200,000",,,46
Cardington House,Le Mont es Tour,Le Mont es Tour,1 Jan 2006,2006-01-01,2820000,"£2,820,000",,,46
Les Cascades,La Rue des Haie,La Rue des Haie,1 Jan 2006,2006-01-01,4225000,"£4,225,000",,,46
Plemont Holiday Village,La Route de Plemon,La Route de Plemon,1 Dec 2005,2005-12-01,4350000,"£4,350,000",,,46
Chateau Vermont,Mont Sohie,Mont Sohie,1 Nov 2005,2005-11-01,2800000,"£2,800,000",,,46
"Units A,B,C,D and E",La Grande Route des Quennevai,La Grande Route des Quennevai,1 Nov 2005,2005-11-01,2750000,"£2,750,000",,,46
25 and 26 Esplanade,"14,16,18,20 and 22 Castle Stree",20 and 22 Castle Stree,1 Sep 2005,2005-09-01,6500000,"£6,500,000",,,46
11 Broad Street,,11 Broad Street,1 Sep 2005,2005-09-01,6800000,"£6,800,000",,,47
S G Hambros House,17 1/2 Esplanade and 30 Commercial Stree,17 1/2 Esplanade and 30 Commercial Stree,1 Sep 2005,2005-09-01,12500000,"£12,500,000",,,47
19 Queen Street and 2 and 4 Halkett Street,,19 Queen Street and 2 and 4 Halkett Street,1 Jul 2005,2005-07-01,4250000,"£4,250,000",,,47
Windward House,Le Mont Sohie,Le Mont Sohie,1 Jul 2005,2005-07-01,3200000,"£3,200,000",,,47
Maison du Douet,La Rue de la Golard,La Rue de la Golard,1 Jul 2005,2005-07-01,3750000,"£3,750,000",,,47
Block of Offices,Esplanad,Esplanad,1 Jun 2005,2005-06-01,2220000,"£2,220,000",,,47
La Sergente,La Rue de la Frontier,La Rue de la Frontier,1 Jun 2005,2005-06-01,2450000,"£2,450,000",,,47
"2, 4 and Bath Street and 2, 4 and 6 Belmont Road",,4 and 6 Belmont Road,1 Apr 2005,2005-04-01,2425000,"£2,425,000",,,47
Weighbridge Bus Terminus,Caledonia Plac,Caledonia Plac,1 Apr 2005,2005-04-01,4000000,"£4,000,000",,,47
Andium House,"10 Waterloo Street, 40 Don Street",40 Don Street,1 Apr 2005,2005-04-01,3750000,"£3,750,000",,,47
Park House,"Park Estate, La Route des Genets",La Route des Genets,1 Apr 2005,2005-04-01,3875000,"£3,875,000",,,47
Leonard's Garage,La Rue de la Sergent,La Rue de la Sergent,1 Apr 2005,2005-04-01,2000000,"£2,000,000",,,47
Carden House,"Park Estate, La Route des Genets",La Route des Genets,1 Apr 2005,2005-04-01,3650000,"£3,650,000",,,47
Supermarket,La Rue le Masurie,La Rue le Masurie,1 Jan 2005,2005-01-01,18600000,"£18,600,000",,,47
25-27 Charter Place,Seaton Plac,Seaton Plac,1 Jan 2005,2005-01-01,8950000,"£8,950,000",,,47
2 Mulcaster Street,,2 Mulcaster Street,1 Dec 2004,2004-12-01,2594000,"£2,594,000",,,47
Bergerac Apartments,La Rue Voisi,La Rue Voisi,1 Dec 2004,2004-12-01,3000000,"£3,000,000",,,47
Sandringham Hotel,,Sandringham Hotel,1 Dec 2004,2004-12-01,3200000,"£3,200,000",,,47
Les Arches,La Grande Route de Archironde,La Grande Route de Archironde,1 Dec 2004,2004-12-01,8356000,"£8,356,000",,,47
Hotel Rex,St Saviour's Roa,St Saviour's Roa,1 Oct 2004,2004-10-01,2600000,"£2,600,000",,,47
Quennevais House,La Route Orang,La Route Orang,1 Oct 2004,2004-10-01,3555000,"£3,555,000",,,48
44 King Street,,44 King Street,1 Oct 2004,2004-10-01,3400000,"£3,400,000",,,48
13 and  14 Esplanade,,13 and  14 Esplanade,1 Sep 2004,2004-09-01,10333458,"£10,333,458",,,48
Standard Bank House,La Motte Stree,La Motte Stree,1 Jul 2004,2004-07-01,11279318,"£11,279,318",,,48
Mont Bel,Le Mont Gave,Le Mont Gave,1 Jul 2004,2004-07-01,2400100,"£2,400,100",,,48
9 Broad Street,"2, 4 and 6 Conway Stree",4 and 6 Conway Stree,1 Jun 2004,2004-06-01,5100000,"£5,100,000",,,48
The Watersplash and Land,Five Mile Roa,Five Mile Roa,1 Apr 2004,2004-04-01,2947000,"£2,947,000",,,48
Le Riches Red Houses Department Store,,Le Riches Red Houses Department Store,1 Feb 2004,2004-02-01,2000000,"£2,000,000",,,48
Outbuildings and Land near 'Peacock Farm',,Outbuildings and Land near 'Peacock Farm',1 Feb 2004,2004-02-01,2000000,"£2,000,000",,,48
Spencer Close and Spencer Close Lodge,Beach Roa,Beach Roa,1 Feb 2004,2004-02-01,2725000,"£2,725,000",,,48
Trinity Hall and land,La Profonde Ru,La Profonde Ru,1 Dec 2003,2003-12-01,2225000,"£2,225,000",,,48
Blanche Pierre Mews,La Rue de la Blanche Pierr,La Rue de la Blanche Pierr,1 Nov 2003,2003-11-01,2000000,"£2,000,000",,,48
Westview Farm,La Rue des Cosnet,La Rue des Cosnet,1 Oct 2003,2003-10-01,2309650,"£2,309,650",,,48
44 King Street,,44 King Street,1 Sep 2003,2003-09-01,3400000,"£3,400,000",,,48
Quennevais Parade and Quennevais Precinct,,Quennevais Parade and Quennevais Precinct,1 Aug 2003,2003-08-01,14210000,"£14,210,000",,,48
Les Prairies,La Rue des Haie,La Rue des Haie,1 Aug 2003,2003-08-01,2750000,"£2,750,000",,,48
Oaklands,La Rue du Coin Vari,La Rue du Coin Vari,1 Aug 2003,2003-08-01,2060000,"£2,060,000",,,48
62 King Street,,62 King Street,1 Jul 2003,2003-07-01,3150000,"£3,150,000",,,48
A-J Marett Court,Marett Roa,Marett Roa,1 Jun 2003,2003-06-01,2900000,"£2,900,000",,,48
HSBC House,The Esplanad,The Esplanad,1 Apr 2003,2003-04-01,6978409,"£6,978,409",,,48
3 Highland House,16 and 18 Beresford Stree,16 and 18 Beresford Stree,1 Apr 2003,2003-04-01,2000000,"£2,000,000",,,49
Daisy Bank,"Park Estate, La Route des Genets",La Route des Genets,1 Feb 2003,2003-02-01,7501000,"£7,501,000",,,49
Olympia,70 Esplanad,70 Esplanad,1 Dec 2002,2002-12-01,2265000,"£2,265,000",,,49
34 King Street,,34 King Street,1 Dec 2002,2002-12-01,3000000,"£3,000,000",,,49
Century Buildings,"Block D, The Esplanade",The Esplanade,1 Dec 2002,2002-12-01,5014002,"£5,014,002",,,49
Century Buildings,"Block C, The Esplanade",The Esplanade,1 Dec 2002,2002-12-01,2848889,"£2,848,889",,,49
Century Buildings,"The Esplanade, Bock B",Bock B,1 Dec 2002,2002-12-01,2995979,"£2,995,979",,,49
Chelsea Hotel,11 Gloucester Stree,11 Gloucester Stree,1 Dec 2002,2002-12-01,3900000,"£3,900,000",,,49
Emplacement of Hotel Angleterre,9 Gloucester Stree,9 Gloucester Stree,1 Dec 2002,2002-12-01,4445000,"£4,445,000",,,49
Waterloo House,15 Waterloo Stree,15 Waterloo Stree,1 Dec 2002,2002-12-01,2250000,"£2,250,000",,,49
Dolphin House,"52, 54, 56 and 58 Colomberi",56 and 58 Colomberi,1 Dec 2002,2002-12-01,5600000,"£5,600,000",,,49
L'Hermitage,La Route de Beaumon,La Route de Beaumon,1 Dec 2002,2002-12-01,7000000,"£7,000,000",,,49
St Clement's Bay Apartments,Samares Coast Roa,Samares Coast Roa,1 Nov 2002,2002-11-01,2200000,"£2,200,000",,,49
Rockhampton Hotel,La Route de St Aubi,La Route de St Aubi,1 Nov 2002,2002-11-01,2200000,"£2,200,000",,,49
Merlin House,Pier Roa,Pier Roa,1 Nov 2002,2002-11-01,2525000,"£2,525,000",,,49
Waverley Farm,Le Mont Arthu,Le Mont Arthu,1 Oct 2002,2002-10-01,3000000,"£3,000,000",,,49
Supermarket,La Grande Route des Quennevai,La Grande Route des Quennevai,1 Jul 2002,2002-07-01,3000000,"£3,000,000",,,49
20 King Street,"1, 3 and 5 Don Stree",3 and 5 Don Stree,1 Jul 2002,2002-07-01,4435000,"£4,435,000",,,49
Hotel Central,Kensington Plac,Kensington Plac,1 Jul 2002,2002-07-01,2500000,"£2,500,000",,,49
Gloster House,49 Rouge Bouillo,49 Rouge Bouillo,1 Feb 2002,2002-02-01,2000000,"£2,000,000",,,49
Site of Bonne Nuit Chalet Hotel,Les Charrieres de Bonne Nui,Les Charrieres de Bonne Nui,1 Feb 2002,2002-02-01,3150000,"£3,150,000",,,50
Chateau St Laurent,Le Mont Cambra,Le Mont Cambra,1 Feb 2002,2002-02-01,2400000,"£2,400,000",,,50
The Mermaid Hotel,,The Mermaid Hotel,1 Jan 2002,2002-01-01,4500000,"£4,500,000",,,50
Miladi Parade,Miladi Far,Miladi Far,1 Nov 2001,2001-11-01,2500000,"£2,500,000",,,50
Caversham House,"19 Queen Street, 2 and 4 Halkett Street",2 and 4 Halkett Street,1 Nov 2001,2001-11-01,2340000,"£2,340,000",,,50
Club Carrefour,La Grande Route de St Lauren,La Grande Route de St Lauren,1 Nov 2001,2001-11-01,2000000,"£2,000,000",,,50
7 Castle Street,,7 Castle Street,1 Oct 2001,2001-10-01,5050000,"£5,050,000",,,50
Bonnenuit Lodge and Bonnenuit Cottage,"Jersey Pearl, La Route du Mont Mado",La Route du Mont Mado,1 Oct 2001,2001-10-01,2600000,"£2,600,000",,,50
Carden House,"Park Estate, La Route des Genets",La Route des Genets,1 Aug 2001,2001-08-01,3000000,"£3,000,000",,,50
Montfort Hall Hotel,Great Union Roa,Great Union Roa,1 Aug 2001,2001-08-01,2392000,"£2,392,000",,,50
"Offices 2,4 and 6 Church Street",,4 and 6 Church Street,1 Aug 2001,2001-08-01,2750000,"£2,750,000",,,50
34 and 36 Colomberie,"., 16 Grenville Street",16 Grenville Street,1 Jun 2001,2001-06-01,2651000,"£2,651,000",,,50
26 New Street,,26 New Street,1 May 2001,2001-05-01,13000000,"£13,000,000",,,50
Bermuda House,Green Stree,Green Stree,1 May 2001,2001-05-01,2650000,"£2,650,000",,,50
1 and 21 Britannia Place,Bath Stree,Bath Stree,1 May 2001,2001-05-01,2000000,"£2,000,000",,,50
"4,5,6 and 7 Payn Street",,6 and 7 Payn Street,1 May 2001,2001-05-01,4750000,"£4,750,000",,,50
Portland Hotel,17 Midvale Roa,17 Midvale Roa,1 Mar 2001,2001-03-01,2310000,"£2,310,000",,,50
